year,ncaa_id,team,region,seed,qualified,wins,losses,first_round
1982,99,Long Beach St.,,1,auto,1,1,
1982,366,Louisiana Tech,,1,at-large,5,0,
1982,523,Old Dominion,,1,at-large,1,1,
1982,657,Southern California,,1,at-large,2,1,
1982,135,Cheyney,,2,at-large,4,1,
1982,334,Kentucky,,2,auto,2,1,
1982,392,Maryland,,2,auto,3,1,
1982,694,Tennessee,,2,at-large,3,1,
1982,404,Memphis,,3,auto,1,1,
1982,490,NC State,,3,at-large,1,1,
1982,529,Oregon,,3,at-large,0,1,
1982,648,South Carolina,,3,at-large,1,1,
1982,28,Arizona St.,,4,at-large,1,1,
1982,189,Drake,,4,auto,2,1,
1982,327,Kansas St.,,4,auto,2,1,
1982,539,Penn St.,,4,at-large,1,1,
1982,147,Clemson,,5,at-large,0,1,
1982,257,Georgia,,5,at-large,0,1,
1982,518,Ohio St.,,5,auto,0,1,
1982,676,SFA,,5,at-large,0,1,
1982,196,East Carolina,,6,at-large,0,1,
1982,434,Missouri,,6,at-large,1,1,
1982,509,Northwestern,,6,at-large,0,1,
1982,433,Ole Miss,,6,at-large,0,1,
1982,37,Auburn,,7,at-large,0,1,
1982,301,Illinois,,7,at-large,0,1,
1982,314,Jackson St.,,7,auto,0,1,
1982,674,Stanford,,7,auto,0,1,
1982,290,Howard,,8,auto,0,1,
1982,331,Kent St.,,8,auto,0,1,
1982,617,Saint Peter's,,8,auto,0,1,
1982,692,Tennessee Tech,,8,auto,0,1,
1983,135,Cheyney,,1,at-large,1,1,
1983,366,Louisiana Tech,,1,at-large,4,1,
1983,657,Southern California,,1,auto,5,0,
1983,694,Tennessee,,1,at-large,2,1,
1983,257,Georgia,,2,auto,3,1,
1983,99,Long Beach St.,,2,at-large,2,1,
1983,523,Old Dominion,,2,auto,3,1,
1983,703,Texas,,2,auto,2,1,
1983,327,Kansas St.,,3,at-large,1,1,
1983,334,Kentucky,,3,at-large,0,1,
1983,392,Maryland,,3,auto,1,1,
1983,528,Oregon St.,,3,auto,1,1,
1983,28,Arizona St.,,4,at-large,1,1,
1983,434,Missouri,,4,auto,0,1,
1983,490,NC State,,4,at-large,0,1,
1983,433,Ole Miss,,4,at-large,1,1,
1983,37,Auburn,,5,at-large,1,1,
1983,234,Florida St.,,5,at-large,0,1,
1983,539,Penn St.,,5,auto,2,1,
1983,732,Utah,,5,auto,0,1,
1983,129,Central Mich.,,6,auto,0,1,
1983,299,Illinois St.,,6,auto,0,1,
1983,306,Indiana,,6,at-large,1,1,
1983,110,UCLA,,6,at-large,0,1,
1983,367,Louisville,,7,auto,0,1,
1983,457,North Carolina,,7,at-large,0,1,
1983,676,SFA,,7,at-large,0,1,
1983,603,St. John's (NY),,7,auto,0,1,
1983,172,Dartmouth,,(OR),at-large,0,1,
1983,314,Jackson St.,,(OR),at-large,0,1,
1983,340,La Salle,,(OR),at-large,0,1,
1983,498,La.-Monroe,,(OR),at-large,1,1,
1983,419,Middle Tenn.,,(OR),at-large,1,1,
1983,439,Monmouth,,(OR),at-large,1,1,
1983,441,Montana,,(OR),at-large,0,1,
1983,647,South Carolina St.,,(OR),at-large,1,1,
1984,257,Georgia,,1,auto,2,1,
1984,366,Louisiana Tech,,1,at-large,3,1,
1984,523,Old Dominion,,1,auto,2,1,
1984,657,Southern California,,1,auto,5,0,
1984,8,Alabama,,2,at-large,1,1,
1984,99,Long Beach St.,,2,at-large,2,1,
1984,457,North Carolina,,2,auto,1,1,
1984,703,Texas,,2,auto,2,1,
1984,135,Cheyney,,3,at-large,3,1,
1984,327,Kansas St.,,3,auto,0,1,
1984,529,Oregon,,3,at-large,0,1,
1984,694,Tennessee,,3,at-large,4,1,
1984,434,Missouri,,4,at-large,0,1,
1984,441,Montana,,4,auto,1,1,
1984,490,NC State,,4,at-large,1,1,
1984,433,Ole Miss,,4,at-large,1,1,
1984,367,Louisville,,5,auto,1,1,
1984,365,LSU,,5,at-large,1,1,
1984,518,Ohio St.,,5,auto,0,1,
1984,528,Oregon St.,,5,at-large,0,1,
1984,746,Virginia,,5,at-large,0,1,
1984,498,La.-Monroe,,6,auto,1,1,
1984,392,Maryland,,6,at-large,0,1,
1984,419,Middle Tenn.,,6,auto,0,1,
1984,626,San Diego St.,,6,at-large,1,1,
1984,129,Central Mich.,,7,auto,0,1,
1984,189,Drake,,7,auto,0,1,
1984,603,St. John's (NY),,7,auto,0,1,
1984,465,UNLV,,7,at-large,0,1,
1984,77,BYU,,8,auto,0,1,
1984,539,Penn St.,,8,auto,0,1,
1984,700,Texas Tech,,8,at-large,0,1,
1985,99,Long Beach St.,,1,auto,2,1,
1985,366,Louisiana Tech,,1,at-large,2,1,
1985,523,Old Dominion,,1,auto,5,0,
1985,703,Texas,,1,auto,1,1,
1985,257,Georgia,,2,at-large,4,1,
1985,498,La.-Monroe,,2,auto,3,1,
1985,518,Ohio St.,,2,auto,2,1,
1985,433,Ole Miss,,2,at-large,2,1,
1985,37,Auburn,,3,at-large,1,1,
1985,539,Penn St.,,3,auto,1,1,
1985,694,Tennessee,,3,auto,1,1,
1985,756,Washington,,3,auto,0,1,
1985,490,NC State,,4,auto,1,1,
1985,657,Southern California,,4,at-large,1,1,
1985,465,UNLV,,4,at-large,0,1,
1985,772,Western Ky.,,4,at-large,3,1,
1985,295,Idaho,,5,auto,0,1,
1985,419,Middle Tenn.,,5,auto,0,1,
1985,606,Saint Joseph's,,5,at-large,0,1,
1985,626,San Diego St.,,5,at-large,1,1,
1985,404,Memphis,,6,auto,0,1,
1985,457,North Carolina,,6,at-large,0,1,
1985,110,UCLA,,6,at-large,1,1,
1985,746,Virginia,,6,at-large,0,1,
1985,285,Holy Cross,,7,auto,0,1,
1985,434,Missouri,,7,auto,0,1,
1985,664,Southern Miss.,,7,at-large,0,1,
1985,692,Tennessee Tech,,7,at-large,0,1,
1985,77,BYU,,8,auto,0,1,
1985,299,Illinois St.,,8,auto,0,1,
1985,688,Syracuse,,8,auto,0,1,
1985,774,Western Mich.,,8,auto,0,1,
1986,257,Georgia,,1,auto,1,1,
1986,657,Southern California,,1,at-large,4,1,
1986,703,Texas,,1,auto,5,0,
1986,746,Virginia,,1,at-large,0,1,
1986,366,Louisiana Tech,,2,at-large,2,1,
1986,365,LSU,,2,at-large,2,1,
1986,433,Ole Miss,,2,at-large,2,1,
1986,587,Rutgers,,2,at-large,2,1,
1986,37,Auburn,,3,at-large,1,1,
1986,99,Long Beach St.,,3,at-large,1,1,
1986,518,Ohio St.,,3,auto,1,1,
1986,539,Penn St.,,3,auto,1,1,
1986,457,North Carolina,,4,at-large,1,1,
1986,522,Oklahoma,,4,at-large,1,1,
1986,694,Tennessee,,4,at-large,3,1,
1986,772,Western Ky.,,4,auto,3,1,
1986,312,Iowa,,5,at-large,0,1,
1986,606,Saint Joseph's,,5,at-large,0,1,
1986,465,UNLV,,5,auto,0,1,
1986,736,Vanderbilt,,5,at-large,0,1,
1986,392,Maryland,,6,auto,0,1,
1986,490,NC State,,6,at-large,0,1,
1986,659,Southern Ill.,,6,auto,0,1,
1986,700,Texas Tech,,6,at-large,0,1,
1986,334,Kentucky,,7,at-large,0,1,
1986,648,South Carolina,,7,auto,0,1,
1986,739,Villanova,,7,auto,1,1,
1986,756,Washington,,7,auto,1,1,
1986,31,Arkansas,,8,at-large,0,1,
1986,301,Illinois,,8,at-large,1,1,
1986,317,James Madison,,8,at-large,2,1,
1986,441,Montana,,8,auto,1,1,
1986,434,Missouri,,9,auto,1,1,
1986,519,Ohio,,9,auto,0,1,
1986,556,Providence,,9,at-large,0,1,
1986,732,Utah,,9,auto,0,1,
1986,189,Drake,,10,at-large,1,1,
1986,340,La Salle,,10,auto,0,1,
1986,419,Middle Tenn.,,10,auto,1,1,
1986,497,North Texas,,10,auto,0,1,
1987,37,Auburn,,1,auto,2,1,
1987,99,Long Beach St.,,1,at-large,3,1,
1987,366,Louisiana Tech,,1,at-large,4,1,
1987,703,Texas,,1,auto,3,1,
1987,257,Georgia,,2,at-large,1,1,
1987,518,Ohio St.,,2,auto,2,1,
1987,587,Rutgers,,2,auto,2,1,
1987,694,Tennessee,,2,at-large,5,0,
1987,312,Iowa,,3,at-large,2,1,
1987,490,NC State,,3,auto,1,1,
1987,657,Southern California,,3,auto,1,1,
1987,746,Virginia,,3,at-large,1,1,
1987,317,James Madison,,4,auto,1,1,
1987,365,LSU,,4,at-large,0,1,
1987,457,North Carolina,,4,at-large,0,1,
1987,433,Ole Miss,,4,at-large,1,1,
1987,523,Old Dominion,,5,auto,1,1,
1987,539,Penn St.,,5,at-large,0,1,
1987,659,Southern Ill.,,5,auto,1,1,
1987,736,Vanderbilt,,5,at-large,0,1,
1987,404,Memphis,,6,at-large,0,1,
1987,474,New Orleans,,6,at-large,0,1,
1987,739,Villanova,,6,auto,0,1,
1987,772,Western Ky.,,6,at-large,0,1,
1987,193,Duke,,7,at-large,1,1,
1987,328,Kansas,,7,auto,1,1,
1987,529,Oregon,,7,at-large,1,1,
1987,692,Tennessee Tech,,7,auto,1,1,
1987,301,Illinois,,8,at-large,1,1,
1987,327,Kansas St.,,8,at-large,0,1,
1987,646,South Alabama,,8,at-large,0,1,
1987,756,Washington,,8,at-large,1,1,
1987,71,Bowling Green,,9,auto,0,1,
1987,472,New Mexico St.,,9,auto,0,1,
1987,509,Northwestern,,9,at-large,1,1,
1987,606,Saint Joseph's,,9,at-large,1,1,
1987,207,Eastern Wash.,,10,auto,0,1,
1987,381,Manhattan,,10,auto,0,1,
1987,508,Northwestern St.,,10,auto,0,1,
1987,664,Southern Miss.,,10,auto,0,1,
1988,37,Auburn,,1,at-large,4,1,
1988,312,Iowa,,1,auto,2,1,
1988,694,Tennessee,,1,auto,3,1,
1988,703,Texas,,1,auto,2,1,
1988,99,Long Beach St.,,2,auto,3,1,
1988,366,Louisiana Tech,,2,at-large,5,0,
1988,392,Maryland,,2,auto,2,1,
1988,746,Virginia,,2,at-large,2,1,
1988,518,Ohio St.,,3,at-large,1,1,
1988,433,Ole Miss,,3,at-large,1,1,
1988,587,Rutgers,,3,auto,1,1,
1988,756,Washington,,3,auto,1,1,
1988,257,Georgia,,4,at-large,1,1,
1988,317,James Madison,,4,auto,1,1,
1988,441,Montana,,4,auto,0,1,
1988,657,Southern California,,4,at-large,1,1,
1988,147,Clemson,,5,at-large,0,1,
1988,463,Nebraska,,5,at-large,0,1,
1988,674,Stanford,,5,at-large,1,1,
1988,772,Western Ky.,,5,auto,0,1,
1988,288,Houston,,6,at-large,0,1,
1988,472,New Mexico St.,,6,auto,0,1,
1988,523,Old Dominion,,6,at-large,0,1,
1988,688,Syracuse,,6,at-large,0,1,
1988,157,Colorado,,7,at-large,1,1,
1988,328,Kansas,,7,auto,1,1,
1988,606,Saint Joseph's,,7,at-large,1,1,
1988,603,St. John's (NY),,7,auto,1,1,
1988,340,La Salle,,8,at-large,0,1,
1988,676,SFA,,8,at-large,1,1,
1988,648,South Carolina,,8,auto,1,1,
1988,739,Villanova,,8,at-large,0,1,
1988,8,Alabama,,9,at-large,0,1,
1988,365,LSU,,9,at-large,0,1,
1988,539,Penn St.,,9,at-large,1,1,
1988,749,Wake Forest,,9,at-large,1,1,
1988,71,Bowling Green,,10,auto,0,1,
1988,201,Eastern Ill.,,10,auto,0,1,
1988,220,Fairfield,,10,auto,0,1,
1988,419,Middle Tenn.,,10,auto,0,1,
1989,37,Auburn,,1,at-large,4,1,
1989,366,Louisiana Tech,,1,at-large,3,1,
1989,392,Maryland,,1,auto,3,1,
1989,694,Tennessee,,1,auto,5,0,
1989,99,Long Beach St.,,2,auto,2,1,
1989,490,NC State,,2,at-large,1,1,
1989,674,Stanford,,2,auto,2,1,
1989,703,Texas,,2,auto,2,1,
1989,157,Colorado,,3,auto,0,1,
1989,312,Iowa,,3,at-large,1,1,
1989,518,Ohio St.,,3,auto,1,1,
1989,433,Ole Miss,,3,at-large,2,1,
1989,147,Clemson,,4,at-large,1,1,
1989,365,LSU,,4,at-large,1,1,
1989,676,SFA,,4,at-large,1,1,
1989,746,Virginia,,4,at-large,1,1,
1989,257,Georgia,,5,at-large,1,1,
1989,559,Purdue,,5,at-large,1,1,
1989,756,Washington,,5,at-large,1,1,
1989,772,Western Ky.,,5,auto,0,1,
1989,317,James Madison,,6,auto,1,1,
1989,523,Old Dominion,,6,at-large,1,1,
1989,648,South Carolina,,6,auto,0,1,
1989,465,UNLV,,6,at-large,2,1,
1989,97,Cal St. Fullerton,,7,at-large,0,1,
1989,299,Illinois St.,,7,auto,1,1,
1989,587,Rutgers,,7,at-large,1,1,
1989,736,Vanderbilt,,7,at-large,0,1,
1989,140,Cincinnati,,8,at-large,0,1,
1989,415,Miami (FL),,8,at-large,0,1,
1989,690,Temple,,8,at-large,1,1,
1989,164,UConn,,8,auto,0,1,
1989,71,Bowling Green,,9,auto,1,1,
1989,285,Holy Cross,,9,auto,0,1,
1989,340,La Salle,,9,at-large,1,1,
1989,521,Oklahoma St.,,9,at-large,1,1,
1989,441,Montana,,10,auto,1,1,
1989,508,Northwestern St.,,10,at-large,0,1,
1989,606,Saint Joseph's,,10,at-large,1,1,
1989,664,Southern Miss.,,10,at-large,0,1,
1989,556,Providence,,11,at-large,0,1,
1989,692,Tennessee Tech,,11,auto,1,1,
1989,732,Utah,,11,auto,0,1,
1989,739,Villanova,,11,at-large,0,1,
1989,31,Arkansas,,12,at-large,0,1,
1989,693,Chattanooga,,12,auto,0,1,
1989,277,Hawaii,,12,at-large,0,1,
1989,768,West Virginia,,12,auto,1,1,
1990,366,Louisiana Tech,,1,auto,3,1,
1990,674,Stanford,,1,auto,5,0,
1990,694,Tennessee,,1,at-large,2,1,
1990,756,Washington,,1,at-large,2,1,
1990,37,Auburn,,2,auto,4,1,
1990,257,Georgia,,2,at-large,0,1,
1990,490,NC State,,2,at-large,1,1,
1990,746,Virginia,,2,auto,3,1,
1990,312,Iowa,,3,auto,0,1,
1990,556,Providence,,3,auto,1,1,
1990,676,SFA,,3,auto,1,1,
1990,703,Texas,,3,auto,2,1,
1990,509,Northwestern,,4,at-large,0,1,
1990,559,Purdue,,4,at-large,1,1,
1990,164,UConn,,4,at-large,0,1,
1990,465,UNLV,,4,auto,0,1,
1990,147,Clemson,,5,at-large,2,1,
1990,503,Northern Ill.,,5,at-large,1,1,
1990,433,Ole Miss,,5,at-large,2,1,
1990,648,South Carolina,,5,at-large,2,1,
1990,99,Long Beach St.,,6,at-large,1,1,
1990,392,Maryland,,6,at-large,1,1,
1990,518,Ohio St.,,6,at-large,1,1,
1990,736,Vanderbilt,,6,at-large,2,1,
1990,31,Arkansas,,7,at-large,3,1,
1990,521,Oklahoma St.,,7,auto,0,1,
1990,539,Penn St.,,7,auto,1,1,
1990,692,Tennessee Tech,,7,auto,1,1,
1990,176,DePaul,,8,at-large,1,1,
1990,441,Montana,,8,auto,0,1,
1990,523,Old Dominion,,8,auto,1,1,
1990,664,Southern Miss.,,8,auto,1,1,
1990,277,Hawaii,,9,at-large,1,1,
1990,365,LSU,,9,at-large,0,1,
1990,606,Saint Joseph's,,9,at-large,0,1,
1990,772,Western Ky.,,9,at-large,0,1,
1990,234,Florida St.,,10,at-large,0,1,
1990,418,Michigan,,10,at-large,1,1,
1990,575,Richmond,,10,auto,0,1,
1990,110,UCLA,,10,at-large,0,1,
1990,27,Appalachian St.,,11,auto,0,1,
1990,107,California,,11,at-large,0,1,
1990,587,Rutgers,,11,at-large,0,1,
1990,659,Southern Ill.,,11,auto,0,1,
1990,71,Bowling Green,,12,auto,0,1,
1990,381,Manhattan,,12,auto,0,1,
1990,700,Texas Tech,,12,at-large,0,1,
1990,732,Utah,,12,auto,0,1,
1991,257,Georgia,,1,at-large,2,1,
1991,539,Penn St.,,1,auto,0,1,
1991,694,Tennessee,,1,at-large,5,0,
1991,746,Virginia,,1,at-large,4,1,
1991,365,LSU,,2,auto,0,1,
1991,490,NC State,,2,auto,1,1,
1991,559,Purdue,,2,auto,0,1,
1991,674,Stanford,,2,auto,3,1,
1991,31,Arkansas,,3,auto,1,1,
1991,37,Auburn,,3,at-large,2,1,
1991,164,UConn,,3,auto,3,1,
1991,756,Washington,,3,at-large,1,1,
1991,147,Clemson,,4,at-large,2,1,
1991,99,Long Beach St.,,4,auto,1,1,
1991,416,Michigan St.,,4,at-large,0,1,
1991,772,Western Ky.,,4,auto,1,1,
1991,234,Florida St.,,5,auto,1,1,
1991,521,Oklahoma St.,,5,auto,2,1,
1991,556,Providence,,5,at-large,1,1,
1991,657,Southern California,,5,at-large,1,1,
1991,312,Iowa,,6,at-large,1,1,
1991,392,Maryland,,6,at-large,0,1,
1991,509,Northwestern,,6,at-large,1,1,
1991,587,Rutgers,,6,at-large,0,1,
1991,97,Cal St. Fullerton,,7,at-large,1,1,
1991,575,Richmond,,7,auto,0,1,
1991,648,South Carolina,,7,at-large,0,1,
1991,703,Texas,,7,at-large,0,1,
1991,317,James Madison,,8,at-large,2,1,
1991,669,Missouri St.,,8,auto,1,1,
1991,676,SFA,,8,auto,1,1,
1991,465,UNLV,,8,at-large,1,1,
1991,334,Kentucky,,9,at-large,0,1,
1991,433,Ole Miss,,9,at-large,0,1,
1991,692,Tennessee Tech,,9,auto,0,1,
1991,700,Texas Tech,,9,at-large,0,1,
1991,249,George Washington,,10,at-large,1,1,
1991,346,Lamar,,10,at-large,3,1,
1991,366,Louisiana Tech,,10,auto,0,1,
1991,736,Vanderbilt,,10,at-large,2,1,
1991,285,Holy Cross,,11,at-large,1,1,
1991,441,Montana,,11,auto,0,1,
1991,709,Toledo,,11,auto,1,1,
1991,754,Washington St.,,11,at-large,0,1,
1991,27,Appalachian St.,,12,auto,0,1,
1991,176,DePaul,,12,auto,0,1,
1991,220,Fairfield,,12,at-large,0,1,
1991,732,Utah,,12,auto,0,1,
1992,312,Iowa,,1,auto,0,1,
1992,674,Stanford,,1,auto,5,0,
1992,694,Tennessee,,1,auto,1,1,
1992,746,Virginia,,1,auto,3,1,
1992,392,Maryland,,2,at-large,2,1,
1992,415,Miami (FL),,2,at-large,1,1,
1992,433,Ole Miss,,2,at-large,2,1,
1992,676,SFA,,2,auto,1,1,
1992,539,Penn St.,,3,at-large,1,1,
1992,559,Purdue,,3,at-large,1,1,
1992,657,Southern California,,3,at-large,2,1,
1992,736,Vanderbilt,,3,at-large,2,1,
1992,703,Texas,,4,at-large,0,1,
1992,700,Texas Tech,,4,auto,1,1,
1992,768,West Virginia,,4,at-large,1,1,
1992,772,Western Ky.,,4,auto,4,1,
1992,8,Alabama,,5,at-large,1,1,
1992,107,California,,5,at-large,0,1,
1992,147,Clemson,,5,at-large,1,1,
1992,110,UCLA,,5,at-large,2,1,
1992,28,Arizona St.,,6,at-large,0,1,
1992,366,Louisiana Tech,,6,at-large,0,1,
1992,164,UConn,,6,at-large,1,1,
1992,796,Wisconsin,,6,at-large,0,1,
1992,157,Colorado,,7,auto,0,1,
1992,169,Creighton,,7,auto,1,1,
1992,457,North Carolina,,7,at-large,1,1,
1992,556,Providence,,7,at-large,0,1,
1992,249,George Washington,,8,auto,1,1,
1992,288,Houston,,8,at-large,0,1,
1992,669,Missouri St.,,8,auto,4,1,
1992,587,Rutgers,,8,at-large,1,1,
1992,328,Kansas,,9,at-large,0,1,
1992,664,Southern Miss.,,9,auto,0,1,
1992,104,UC Santa Barbara,,9,auto,1,1,
1992,738,Vermont,,9,at-large,0,1,
1992,99,Long Beach St.,,10,at-large,0,1,
1992,523,Old Dominion,,10,auto,0,1,
1992,659,Southern Ill.,,10,at-large,1,1,
1992,709,Toledo,,10,auto,1,1,
1992,176,DePaul,,11,at-large,1,1,
1992,441,Montana,,11,auto,1,1,
1992,503,Northern Ill.,,11,auto,1,1,
1992,617,Saint Peter's,,11,auto,0,1,
1992,693,Chattanooga,,12,auto,0,1,
1992,513,Notre Dame,,12,auto,0,1,
1992,631,Santa Clara,,12,auto,1,1,
1992,692,Tennessee Tech,,12,auto,0,1,
1993,518,Ohio St.,,1,auto,4,1,
1993,674,Stanford,,1,auto,1,1,
1993,694,Tennessee,,1,at-large,2,1,
1993,736,Vanderbilt,,1,auto,3,1,
1993,312,Iowa,,2,at-large,3,1,
1993,392,Maryland,,2,at-large,0,1,
1993,700,Texas Tech,,2,auto,5,0,
1993,746,Virginia,,2,auto,2,1,
1993,37,Auburn,,3,at-large,1,1,
1993,539,Penn St.,,3,at-large,0,1,
1993,657,Southern California,,3,at-large,1,1,
1993,703,Texas,,3,at-large,0,1,
1993,157,Colorado,,4,at-large,2,1,
1993,457,North Carolina,,4,at-large,1,1,
1993,676,SFA,,4,auto,1,1,
1993,772,Western Ky.,,4,auto,1,1,
1993,8,Alabama,,5,at-large,1,1,
1993,147,Clemson,,5,at-large,1,1,
1993,415,Miami (FL),,5,auto,1,1,
1993,104,UC Santa Barbara,,5,auto,1,1,
1993,251,Georgetown,,6,at-large,2,1,
1993,366,Louisiana Tech,,6,at-large,3,1,
1993,463,Nebraska,,6,at-large,1,1,
1993,164,UConn,,6,at-large,0,1,
1993,235,Florida,,7,at-large,1,1,
1993,440,Montana St.,,7,auto,0,1,
1993,521,Oklahoma St.,,7,at-large,0,1,
1993,692,Tennessee Tech,,7,auto,0,1,
1993,257,Georgia,,8,at-large,1,1,
1993,328,Kansas,,8,auto,0,1,
1993,509,Northwestern,,8,at-large,1,1,
1993,738,Vermont,,8,at-large,0,1,
1993,107,California,,9,at-large,1,1,
1993,255,Georgia Tech,,9,at-large,0,1,
1993,587,Rutgers,,9,auto,1,1,
1993,626,San Diego St.,,9,at-large,0,1,
1993,71,Bowling Green,,10,auto,0,1,
1993,669,Missouri St.,,10,auto,2,1,
1993,523,Old Dominion,,10,auto,1,1,
1993,756,Washington,,10,at-large,1,1,
1993,176,DePaul,,11,at-large,0,1,
1993,367,Louisville,,11,auto,1,1,
1993,503,Northern Ill.,,11,auto,0,1,
1993,627,San Diego,,11,auto,0,1,
1993,77,BYU,,12,auto,0,1,
1993,253,Ga. Southern,,12,auto,0,1,
1993,617,Saint Peter's,,12,auto,0,1,
1993,82,Xavier,,12,auto,0,1,
1994,539,Penn St.,,1,auto,3,1,
1994,559,Purdue,,1,at-large,4,1,
1994,694,Tennessee,,1,auto,2,1,
1994,164,UConn,,1,auto,3,1,
1994,657,Southern California,,2,auto,3,1,
1994,674,Stanford,,2,at-large,3,1,
1994,700,Texas Tech,,2,at-large,2,1,
1994,736,Vanderbilt,,2,at-large,2,1,
1994,157,Colorado,,3,at-large,2,1,
1994,312,Iowa,,3,at-large,1,1,
1994,457,North Carolina,,3,auto,6,0,
1994,746,Virginia,,3,at-large,2,1,
1994,235,Florida,,4,at-large,0,1,
1994,366,Louisiana Tech,,4,auto,5,1,
1994,635,Seton Hall,,4,at-large,2,1,
1994,664,Southern Miss.,,4,at-large,2,1,
1994,433,Ole Miss,,5,at-large,1,1,
1994,587,Rutgers,,5,auto,0,1,
1994,626,San Diego St.,,5,auto,1,1,
1994,703,Texas,,5,auto,1,1,
1994,8,Alabama,,6,at-large,4,1,
1994,669,Missouri St.,,6,auto,1,1,
1994,523,Old Dominion,,6,auto,1,1,
1994,529,Oregon,,6,at-large,1,1,
1994,71,Bowling Green,,7,auto,0,1,
1994,249,George Washington,,7,at-large,1,1,
1994,441,Montana,,7,auto,1,1,
1994,513,Notre Dame,,7,auto,0,1,
1994,231,FIU,,8,auto,0,1,
1994,676,SFA,,8,auto,0,1,
1994,742,Virginia Tech,,8,auto,0,1,
1994,756,Washington,,8,at-large,1,1,
1994,37,Auburn,,9,at-large,1,1,
1994,66,Boise St.,,9,at-large,0,1,
1994,147,Clemson,,9,at-large,1,1,
1994,328,Kansas,,9,at-large,1,1,
1994,169,Creighton,,10,at-large,1,1,
1994,428,Minnesota,,10,at-large,1,1,
1994,9,UAB,,10,auto,0,1,
1994,465,UNLV,,10,auto,0,1,
1994,503,Northern Ill.,,11,at-large,0,1,
1994,528,Oregon St.,,11,at-large,0,1,
1994,606,Saint Joseph's,,11,at-large,0,1,
1994,631,Santa Clara,,11,at-large,0,1,
1994,277,Hawaii,,12,at-large,0,1,
1994,306,Indiana,,12,at-large,0,1,
1994,521,Oklahoma St.,,12,at-large,0,1,
1994,772,Western Ky.,,12,at-large,1,1,
1994,663,SMU,,13,at-large,0,1,
1994,691,Tennessee St.,,13,auto,0,1,
1994,697,Texas A&M,,13,at-large,2,1,
1994,738,Vermont,,13,auto,0,1,
1994,253,Ga. Southern,,14,auto,0,1,
1994,369,Loyola (MD),,14,auto,0,1,
1994,387,Marquette,,14,at-large,0,1,
1994,450,Mt. St. Mary's,,14,auto,0,1,
1994,261,Grambling,,15,auto,0,1,
1994,794,Green Bay,,15,auto,0,1,
1994,434,Missouri,,15,auto,0,1,
1994,551,Portland,,15,auto,0,1,
1994,80,Brown,,16,auto,0,1,
1994,236,Fordham,,16,auto,0,1,
1994,488,NC A&T,,16,auto,0,1,
1994,563,Radford,,16,auto,0,1,
1995,157,Colorado,,1,auto,3,1,
1995,694,Tennessee,,1,at-large,5,1,
1995,164,UConn,,1,auto,6,0,
1995,736,Vanderbilt,,1,auto,2,1,
1995,366,Louisiana Tech,,2,at-large,2,1,
1995,539,Penn St.,,2,auto,1,1,
1995,674,Stanford,,2,auto,4,1,
1995,700,Texas Tech,,2,auto,3,1,
1995,257,Georgia,,3,at-large,4,1,
1995,457,North Carolina,,3,auto,2,1,
1995,746,Virginia,,3,at-large,3,1,
1995,756,Washington,,3,at-large,2,1,
1995,8,Alabama,,4,at-large,2,1,
1995,249,George Washington,,4,auto,2,1,
1995,559,Purdue,,4,at-large,3,1,
1995,772,Western Ky.,,4,auto,2,1,
1995,189,Drake,,5,auto,1,1,
1995,193,Duke,,5,at-large,1,1,
1995,528,Oregon St.,,5,at-large,1,1,
1995,626,San Diego St.,,5,at-large,0,1,
1995,31,Arkansas,,6,at-large,1,1,
1995,235,Florida,,6,at-large,1,1,
1995,529,Oregon,,6,at-large,0,1,
1995,635,Seton Hall,,6,at-large,1,1,
1995,328,Kansas,,7,at-large,0,1,
1995,490,NC State,,7,at-large,2,1,
1995,522,Oklahoma,,7,at-large,1,1,
1995,664,Southern Miss.,,7,auto,0,1,
1995,404,Memphis,,8,at-large,1,1,
1995,523,Old Dominion,,8,auto,0,1,
1995,732,Utah,,8,auto,0,1,
1995,742,Virginia Tech,,8,at-large,1,1,
1995,231,FIU,,9,auto,1,1,
1995,669,Missouri St.,,9,at-large,1,1,
1995,606,Saint Joseph's,,9,at-large,0,1,
1995,657,Southern California,,9,at-large,0,1,
1995,369,Loyola (MD),,10,auto,0,1,
1995,387,Marquette,,10,auto,0,1,
1995,663,SMU,,10,at-large,1,1,
1995,796,Wisconsin,,10,at-large,1,1,
1995,367,Louisville,,11,at-large,1,1,
1995,563,Radford,,11,auto,0,1,
1995,629,San Francisco,,11,auto,0,1,
1995,676,SFA,,11,auto,0,1,
1995,441,Montana,,12,auto,1,1,
1995,521,Oklahoma St.,,12,at-large,0,1,
1995,433,Ole Miss,,12,at-large,0,1,
1995,691,Tennessee St.,,12,auto,0,1,
1995,176,DePaul,,13,at-large,0,1,
1995,450,Mt. St. Mary's,,13,auto,0,1,
1995,551,Portland,,13,at-large,0,1,
1995,709,Toledo,,13,auto,0,1,
1995,172,Dartmouth,,14,auto,0,1,
1995,306,Indiana,,14,at-large,0,1,
1995,519,Ohio,,14,at-large,0,1,
1995,771,Western Ill.,,14,auto,0,1,
1995,244,Furman,,15,auto,0,1,
1995,314,Jackson St.,,15,auto,0,1,
1995,718,Tulane,,15,at-large,0,1,
1995,109,UC Irvine,,15,auto,0,1,
1995,228,Florida A&M,,16,auto,0,1,
1995,285,Holy Cross,,16,auto,0,1,
1995,380,Maine,,16,auto,0,1,
1995,503,Northern Ill.,,16,auto,0,1,
1996,366,Louisiana Tech,,1,auto,3,1,
1996,674,Stanford,,1,auto,4,1,
1996,694,Tennessee,,1,auto,6,0,
1996,164,UConn,,1,auto,4,1,
1996,257,Georgia,,2,at-large,5,1,
1996,312,Iowa,,2,at-large,2,1,
1996,523,Old Dominion,,2,auto,2,1,
1996,539,Penn St.,,2,auto,2,1,
1996,147,Clemson,,3,auto,1,1,
1996,157,Colorado,,3,auto,1,1,
1996,736,Vanderbilt,,3,at-large,3,1,
1996,746,Virginia,,3,at-large,3,1,
1996,8,Alabama,,4,at-large,2,1,
1996,193,Duke,,4,at-large,1,1,
1996,328,Kansas,,4,at-large,2,1,
1996,700,Texas Tech,,4,at-large,2,1,
1996,235,Florida,,5,at-large,0,1,
1996,490,NC State,,5,at-large,1,1,
1996,559,Purdue,,5,at-large,0,1,
1996,703,Texas,,5,at-large,1,1,
1996,37,Auburn,,6,at-large,3,1,
1996,249,George Washington,,6,at-large,1,1,
1996,528,Oregon St.,,6,at-large,0,1,
1996,796,Wisconsin,,6,at-large,1,1,
1996,176,DePaul,,7,at-large,1,1,
1996,521,Oklahoma St.,,7,at-large,1,1,
1996,433,Ole Miss,,7,at-large,0,1,
1996,697,Texas A&M,,7,auto,0,1,
1996,156,Colorado St.,,8,auto,1,1,
1996,400,Massachusetts,,8,at-large,0,1,
1996,404,Memphis,,8,auto,0,1,
1996,732,Utah,,8,at-large,0,1,
1996,416,Michigan St.,,9,at-large,1,1,
1996,463,Nebraska,,9,at-large,0,1,
1996,518,Ohio St.,,9,at-large,1,1,
1996,664,Southern Miss.,,9,at-large,1,1,
1996,331,Kent St.,,10,at-large,1,1,
1996,572,Rhode Island,,10,at-large,0,1,
1996,663,SMU,,10,at-large,0,1,
1996,709,Toledo,,10,auto,1,1,
1996,277,Hawaii,,11,auto,0,1,
1996,380,Maine,,11,auto,0,1,
1996,529,Oregon,,11,at-large,0,1,
1996,676,SFA,,11,auto,2,1,
1996,669,Missouri St.,,12,auto,0,1,
1996,441,Montana,,12,auto,0,1,
1996,513,Notre Dame,,12,at-large,1,1,
1996,629,San Francisco,,12,auto,2,1,
1996,27,Appalachian St.,,13,auto,0,1,
1996,317,James Madison,,13,at-large,0,1,
1996,419,Middle Tenn.,,13,at-large,0,1,
1996,551,Portland,,13,at-large,0,1,
1996,43,Austin Peay,,14,auto,0,1,
1996,275,Harvard,,14,auto,0,1,
1996,381,Manhattan,,14,auto,0,1,
1996,718,Tulane,,14,at-large,0,1,
1996,87,Butler,,15,auto,0,1,
1996,285,Holy Cross,,15,auto,0,1,
1996,600,St. Francis (PA),,15,auto,0,1,
1996,817,Youngstown St.,,15,auto,0,1,
1996,261,Grambling,,16,auto,0,1,
1996,290,Howard,,16,auto,0,1,
1996,563,Radford,,16,auto,0,1,
1996,128,UCF,,16,auto,0,1,
1997,457,North Carolina,,1,auto,2,1,
1997,523,Old Dominion,,1,auto,5,1,
1997,674,Stanford,,1,auto,4,1,
1997,164,UConn,,1,auto,3,1,
1997,8,Alabama,,2,at-large,2,1,
1997,157,Colorado,,2,auto,2,1,
1997,257,Georgia,,2,at-large,3,1,
1997,366,Louisiana Tech,,2,auto,2,1,
1997,235,Florida,,3,at-large,3,1,
1997,328,Kansas,,3,at-large,1,1,
1997,694,Tennessee,,3,at-large,6,0,
1997,703,Texas,,3,at-large,1,1,
1997,301,Illinois,,4,at-large,2,1,
1997,365,LSU,,4,at-large,2,1,
1997,718,Tulane,,4,auto,1,1,
1997,746,Virginia,,4,at-large,2,1,
1997,147,Clemson,,5,at-large,0,1,
1997,193,Duke,,5,at-large,1,1,
1997,249,George Washington,,5,at-large,3,1,
1997,732,Utah,,5,at-large,1,1,
1997,513,Notre Dame,,6,at-large,4,1,
1997,529,Oregon,,6,at-large,1,1,
1997,657,Southern California,,6,at-large,1,1,
1997,736,Vanderbilt,,6,at-large,2,1,
1997,29,Arizona,,7,at-large,1,1,
1997,37,Auburn,,7,auto,1,1,
1997,606,Saint Joseph's,,7,auto,1,1,
1997,676,SFA,,7,at-large,1,1,
1997,416,Michigan St.,,8,at-large,1,1,
1997,490,NC State,,8,at-large,0,1,
1997,559,Purdue,,8,at-large,1,1,
1997,700,Texas Tech,,8,at-large,1,1,
1997,312,Iowa,,9,auto,1,1,
1997,392,Maryland,,9,at-large,0,1,
1997,441,Montana,,9,auto,0,1,
1997,551,Portland,,9,at-large,0,1,
1997,327,Kansas St.,,10,at-large,0,1,
1997,367,Louisville,,10,at-large,0,1,
1997,709,Toledo,,10,auto,0,1,
1997,772,Western Ky.,,10,at-large,0,1,
1997,404,Memphis,,11,at-large,0,1,
1997,626,San Diego St.,,11,auto,0,1,
1997,629,San Francisco,,11,auto,0,1,
1997,756,Washington,,11,at-large,0,1,
1997,176,DePaul,,12,at-large,0,1,
1997,311,Iowa St.,,12,at-large,0,1,
1997,387,Marquette,,12,at-large,1,1,
1997,509,Northwestern,,12,at-large,0,1,
1997,189,Drake,,13,auto,0,1,
1997,380,Maine,,13,auto,0,1,
1997,716,Troy,,13,auto,0,1,
1997,104,UC Santa Barbara,,13,auto,0,1,
1997,184,Detroit Mercy,,14,auto,0,1,
1997,231,FIU,,14,auto,0,1,
1997,261,Grambling,,14,auto,0,1,
1997,670,Texas St.,,14,auto,0,1,
1997,202,Eastern Ky.,,15,auto,0,1,
1997,388,Marshall,,15,auto,0,1,
1997,617,Saint Peter's,,15,auto,0,1,
1997,600,St. Francis (PA),,15,auto,0,1,
1997,275,Harvard,,16,auto,0,1,
1997,290,Howard,,16,auto,0,1,
1997,352,Lehigh,,16,auto,0,1,
1997,355,Liberty,,16,auto,0,1,
1998,523,Old Dominion,,1,auto,2,1,
1998,674,Stanford,,1,auto,0,1,
1998,694,Tennessee,,1,auto,6,0,
1998,700,Texas Tech,,1,auto,1,1,
1998,8,Alabama,,2,at-large,2,1,
1998,193,Duke,,2,at-large,3,1,
1998,457,North Carolina,,2,auto,3,1,
1998,164,UConn,,2,auto,3,1,
1998,29,Arizona,,3,at-large,2,1,
1998,235,Florida,,3,at-large,2,1,
1998,301,Illinois,,3,at-large,2,1,
1998,366,Louisiana Tech,,3,auto,5,1,
1998,312,Iowa,,4,at-large,1,1,
1998,311,Iowa St.,,4,at-large,1,1,
1998,490,NC State,,4,at-large,4,1,
1998,559,Purdue,,4,auto,3,1,
1998,189,Drake,,5,auto,0,1,
1998,328,Kansas,,5,at-large,2,1,
1998,404,Memphis,,5,auto,0,1,
1998,587,Rutgers,,5,at-large,2,1,
1998,147,Clemson,,6,at-large,1,1,
1998,736,Vanderbilt,,6,at-large,0,1,
1998,746,Virginia,,6,at-large,1,1,
1998,796,Wisconsin,,6,at-large,0,1,
1998,231,FIU,,7,auto,1,1,
1998,257,Georgia,,7,at-large,0,1,
1998,110,UCLA,,7,at-large,1,1,
1998,732,Utah,,7,at-large,0,1,
1998,277,Hawaii,,8,at-large,0,1,
1998,669,Missouri St.,,8,at-large,0,1,
1998,473,New Mexico,,8,auto,0,1,
1998,772,Western Ky.,,8,at-large,1,1,
1998,31,Arkansas,,9,at-large,4,1,
1998,463,Nebraska,,9,at-large,1,1,
1998,513,Notre Dame,,9,at-large,2,1,
1998,676,SFA,,9,auto,0,1,
1998,249,George Washington,,10,at-large,1,1,
1998,367,Louisville,,10,at-large,1,1,
1998,387,Marquette,,10,at-large,0,1,
1998,418,Michigan,,10,at-large,0,1,
1998,415,Miami (FL),,11,at-large,0,1,
1998,663,SMU,,11,at-large,0,1,
1998,104,UC Santa Barbara,,11,auto,1,1,
1998,742,Virginia Tech,,11,auto,1,1,
1998,156,Colorado St.,,12,at-large,1,1,
1998,529,Oregon,,12,at-large,0,1,
1998,718,Tulane,,12,at-large,0,1,
1998,817,Youngstown St.,,12,auto,1,1,
1998,331,Kent St.,,13,auto,0,1,
1998,380,Maine,,13,auto,0,1,
1998,400,Massachusetts,,13,at-large,0,1,
1998,756,Washington,,13,at-large,0,1,
1998,794,Green Bay,,14,auto,0,1,
1998,285,Holy Cross,,14,auto,0,1,
1998,441,Montana,,14,auto,0,1,
1998,631,Santa Clara,,14,auto,0,1,
1998,220,Fairfield,,15,auto,0,1,
1998,290,Howard,,15,auto,0,1,
1998,419,Middle Tenn.,,15,auto,0,1,
1998,459,UNC Greensboro,,15,auto,0,1,
1998,261,Grambling,,16,auto,0,1,
1998,275,Harvard,,16,auto,1,1,
1998,355,Liberty,,16,auto,0,1,
1998,600,Saint Francis (PA),,16,auto,0,1,
1999,366,Louisiana Tech,,1,auto,4,1,
1999,559,Purdue,,1,auto,6,0,
1999,694,Tennessee,,1,auto,3,1,
1999,164,UConn,,1,auto,2,1,
1999,147,Clemson,,2,auto,2,1,
1999,156,Colorado St.,,2,auto,2,1,
1999,523,Old Dominion,,2,auto,2,1,
1999,700,Texas Tech,,2,auto,2,1,
1999,193,Duke,,3,at-large,5,1,
1999,257,Georgia,,3,at-large,4,1,
1999,587,Rutgers,,3,at-large,3,1,
1999,110,UCLA,,3,auto,3,1,
1999,311,Iowa St.,,4,at-large,3,1,
1999,365,LSU,,4,at-large,2,1,
1999,457,North Carolina,,4,at-large,2,1,
1999,742,Virginia Tech,,4,at-large,2,1,
1999,8,Alabama,,5,at-large,1,1,
1999,37,Auburn,,5,at-large,1,1,
1999,513,Notre Dame,,5,at-large,1,1,
1999,529,Oregon,,5,at-large,1,1,
1999,29,Arizona,,6,at-large,1,1,
1999,334,Kentucky,,6,at-large,1,1,
1999,709,Toledo,,6,auto,0,1,
1999,718,Tulane,,6,auto,0,1,
1999,301,Illinois,,7,at-large,1,1,
1999,430,Mississippi St.,,7,at-large,0,1,
1999,669,Missouri St.,,7,at-large,1,1,
1999,674,Stanford,,7,at-large,0,1,
1999,67,Boston College,,8,at-large,1,1,
1999,387,Marquette,,8,at-large,0,1,
1999,539,Penn St.,,8,at-large,1,1,
1999,82,Xavier,,8,at-large,1,1,
1999,231,FIU,,9,at-large,0,1,
1999,328,Kansas,,9,at-large,1,1,
1999,518,Ohio St.,,9,at-large,0,1,
1999,746,Virginia,,9,at-large,0,1,
1999,367,Louisville,,10,at-large,0,1,
1999,380,Maine,,10,at-large,1,1,
1999,490,NC State,,10,at-large,1,1,
1999,104,UC Santa Barbara,,10,auto,0,1,
1999,235,Florida,,11,at-large,0,1,
1999,463,Nebraska,,11,at-large,0,1,
1999,606,Saint Joseph's,,11,auto,1,1,
1999,663,SMU,,11,auto,1,1,
1999,140,Cincinnati,,12,at-large,0,1,
1999,261,Grambling,,12,auto,0,1,
1999,610,St. Mary's (CA),,12,auto,0,1,
1999,703,Texas,,12,at-large,0,1,
1999,219,Evansville,,13,auto,0,1,
1999,500,Northeastern,,13,auto,0,1,
1999,617,Saint Peter's,,13,auto,0,1,
1999,631,Santa Clara,,13,at-large,0,1,
1999,172,Dartmouth,,14,auto,0,1,
1999,794,Green Bay,,14,auto,0,1,
1999,285,Holy Cross,,14,auto,0,1,
1999,355,Liberty,,14,auto,0,1,
1999,101,CSUN,,15,auto,0,1,
1999,228,Florida A&M,,15,auto,0,1,
1999,676,SFA,,15,auto,0,1,
1999,692,Tennessee Tech,,15,auto,0,1,
1999,27,Appalachian St.,,16,auto,0,1,
1999,527,Oral Roberts,,16,auto,0,1,
1999,600,Saint Francis (PA),,16,auto,0,1,
1999,128,UCF,,16,auto,0,1,
2000,257,Georgia,,1,at-large,3,1,
2000,366,Louisiana Tech,,1,auto,3,1,
2000,694,Tennessee,,1,auto,5,1,
2000,164,UConn,,1,auto,6,0,
2000,193,Duke,,2,auto,2,1,
2000,513,Notre Dame,,2,at-large,2,1,
2000,539,Penn St.,,2,at-large,4,1,
2000,587,Rutgers,,2,at-large,4,1,
2000,311,Iowa St.,,3,auto,2,1,
2000,365,LSU,,3,at-large,3,1,
2000,430,Mississippi St.,,3,at-large,1,1,
2000,700,Texas Tech,,3,at-large,3,1,
2000,523,Old Dominion,,4,auto,2,1,
2000,559,Purdue,,4,auto,1,1,
2000,104,UC Santa Barbara,,4,auto,0,1,
2000,746,Virginia,,4,at-large,2,1,
2000,67,Boston College,,5,at-large,1,1,
2000,490,NC State,,5,at-large,0,1,
2000,457,North Carolina,,5,at-large,2,1,
2000,522,Oklahoma,,5,at-large,2,1,
2000,301,Illinois,,6,at-large,1,1,
2000,529,Oregon,,6,auto,0,1,
2000,718,Tulane,,6,auto,1,1,
2000,82,Xavier,,6,auto,0,1,
2000,37,Auburn,,7,at-large,1,1,
2000,249,George Washington,,7,at-large,1,1,
2000,387,Marquette,,7,at-large,0,1,
2000,703,Texas,,7,at-large,0,1,
2000,29,Arizona,,8,at-large,1,1,
2000,189,Drake,,8,auto,0,1,
2000,328,Kansas,,8,at-large,0,1,
2000,418,Michigan,,8,at-large,0,1,
2000,147,Clemson,,9,at-large,1,1,
2000,331,Kent St.,,9,auto,0,1,
2000,674,Stanford,,9,at-large,1,1,
2000,736,Vanderbilt,,9,at-large,1,1,
2000,669,Missouri St.,,10,at-large,0,1,
2000,606,Saint Joseph's,,10,at-large,1,1,
2000,110,UCLA,,10,at-large,0,1,
2000,772,Western Ky.,,10,at-large,1,1,
2000,676,SFA,,11,auto,1,1,
2000,9,UAB,,11,at-large,2,1,
2000,732,Utah,,11,at-large,0,1,
2000,738,Vermont,,11,auto,0,1,
2000,77,BYU,,12,at-large,0,1,
2000,380,Maine,,12,at-large,0,1,
2000,463,Nebraska,,12,at-large,0,1,
2000,663,SMU,,12,at-large,1,1,
2000,172,Dartmouth,,13,auto,0,1,
2000,794,Green Bay,,13,auto,0,1,
2000,541,Pepperdine,,13,at-large,0,1,
2000,574,Rice,,13,auto,1,1,
2000,355,Liberty,,14,auto,0,1,
2000,600,Saint Francis (PA),,14,auto,0,1,
2000,617,Saint Peter's,,14,auto,0,1,
2000,692,Tennessee Tech,,14,auto,0,1,
2000,115,Campbell,,15,auto,0,1,
2000,285,Holy Cross,,15,auto,0,1,
2000,627,San Diego,,15,auto,0,1,
2000,817,Youngstown St.,,15,auto,0,1,
2000,17,Alcorn St.,,16,auto,0,1,
2000,244,Furman,,16,auto,0,1,
2000,270,Hampton,,16,auto,0,1,
2000,441,Montana,,16,auto,0,1,
2001,193,Duke,,1,auto,2,1,
2001,513,Notre Dame,,1,at-large,6,0,
2001,694,Tennessee,,1,at-large,2,1,
2001,164,UConn,,1,auto,4,1,
2001,257,Georgia,,2,auto,1,1,
2001,311,Iowa St.,,2,auto,2,1,
2001,522,Oklahoma,,2,at-large,2,1,
2001,700,Texas Tech,,2,at-large,2,1,
2001,235,Florida,,3,at-large,1,1,
2001,366,Louisiana Tech,,3,auto,3,1,
2001,559,Purdue,,3,at-large,5,1,
2001,736,Vanderbilt,,3,at-large,3,1,
2001,312,Iowa,,4,auto,1,1,
2001,490,NC State,,4,at-large,2,1,
2001,587,Rutgers,,4,at-large,1,1,
2001,82,Xavier,,4,auto,3,1,
2001,147,Clemson,,5,at-large,1,1,
2001,669,Missouri St.,,5,auto,4,1,
2001,732,Utah,,5,at-large,2,1,
2001,739,Villanova,,5,at-large,1,1,
2001,157,Colorado,,6,at-large,1,1,
2001,365,LSU,,6,at-large,1,1,
2001,539,Penn St.,,6,at-large,0,1,
2001,756,Washington,,6,at-large,3,1,
2001,234,Florida St.,,7,at-large,1,1,
2001,249,George Washington,,7,at-large,0,1,
2001,742,Virginia Tech,,7,at-large,1,1,
2001,796,Wisconsin,,7,at-large,0,1,
2001,51,Baylor,,8,at-large,0,1,
2001,392,Maryland,,8,at-large,0,1,
2001,418,Michigan,,8,at-large,1,1,
2001,703,Texas,,8,at-large,0,1,
2001,31,Arkansas,,9,at-large,1,1,
2001,156,Colorado St.,,9,auto,1,1,
2001,610,St. Mary's (CA),,9,auto,1,1,
2001,746,Virginia,,9,at-large,0,1,
2001,183,Denver,,10,at-large,0,1,
2001,434,Missouri,,10,at-large,2,1,
2001,674,Stanford,,10,auto,1,1,
2001,718,Tulane,,10,auto,0,1,
2001,28,Arizona St.,,11,at-large,0,1,
2001,523,Old Dominion,,11,auto,0,1,
2001,639,Siena,,11,auto,0,1,
2001,698,TCU,,11,auto,1,1,
2001,693,Chattanooga,,12,auto,0,1,
2001,189,Drake,,12,at-large,0,1,
2001,220,Fairfield,,12,at-large,0,1,
2001,709,Toledo,,12,auto,0,1,
2001,180,Delaware,,13,auto,0,1,
2001,367,Louisville,,13,at-large,0,1,
2001,529,Oregon,,13,at-large,0,1,
2001,676,SFA,,13,auto,0,1,
2001,254,Georgia St.,,14,auto,0,1,
2001,285,Holy Cross,,14,auto,0,1,
2001,294,Idaho St.,,14,auto,0,1,
2001,104,UC Santa Barbara,,14,auto,0,1,
2001,290,Howard,,15,auto,0,1,
2001,355,Liberty,,15,auto,0,1,
2001,527,Oral Roberts,,15,auto,0,1,
2001,540,Penn,,15,auto,0,1,
2001,17,Alcorn St.,,16,auto,0,1,
2001,43,Austin Peay,,16,auto,0,1,
2001,361,Long Island,,16,auto,0,1,
2001,797,Milwaukee,,16,auto,0,1,
2002,193,Duke,,1,auto,4,1,
2002,522,Oklahoma,,1,auto,5,1,
2002,164,UConn,,1,auto,6,0,
2002,736,Vanderbilt,,1,auto,3,1,
2002,51,Baylor,,2,at-large,1,1,
2002,559,Purdue,,2,at-large,1,1,
2002,674,Stanford,,2,at-large,2,1,
2002,694,Tennessee,,2,at-large,4,1,
2002,157,Colorado,,3,at-large,3,1,
2002,311,Iowa St.,,3,at-large,1,1,
2002,327,Kansas St.,,3,at-large,2,1,
2002,648,South Carolina,,3,at-large,3,1,
2002,457,North Carolina,,4,at-large,2,1,
2002,539,Penn St.,,4,at-large,2,1,
2002,703,Texas,,4,at-large,2,1,
2002,700,Texas Tech,,4,at-large,2,1,
2002,67,Boston College,,5,at-large,0,1,
2002,231,FIU,,5,auto,1,1,
2002,366,Louisiana Tech,,5,auto,0,1,
2002,428,Minnesota,,5,at-large,1,1,
2002,31,Arkansas,,6,at-large,1,1,
2002,140,Cincinnati,,6,auto,1,1,
2002,235,Florida,,6,at-large,0,1,
2002,365,LSU,,6,at-large,1,1,
2002,156,Colorado St.,,7,at-large,0,1,
2002,189,Drake,,7,at-large,2,1,
2002,513,Notre Dame,,7,at-large,1,1,
2002,523,Old Dominion,,7,auto,3,1,
2002,541,Pepperdine,,8,auto,0,1,
2002,698,TCU,,8,at-large,1,1,
2002,746,Virginia,,8,at-large,0,1,
2002,796,Wisconsin,,8,at-large,0,1,
2002,28,Arizona St.,,9,auto,1,1,
2002,306,Indiana,,9,auto,0,1,
2002,312,Iowa,,9,at-large,1,1,
2002,739,Villanova,,9,at-large,1,1,
2002,257,Georgia,,10,at-large,0,1,
2002,473,New Mexico,,10,at-large,0,1,
2002,688,Syracuse,,10,at-large,0,1,
2002,718,Tulane,,10,at-large,1,1,
2002,77,BYU,,11,auto,2,1,
2002,147,Clemson,,11,at-large,0,1,
2002,631,Santa Clara,,11,at-large,0,1,
2002,169,Creighton,,12,auto,0,1,
2002,430,Mississippi St.,,12,at-large,1,1,
2002,617,Saint Peter's,,12,auto,0,1,
2002,104,UC Santa Barbara,,12,auto,1,1,
2002,465,UNLV,,12,at-large,0,1,
2002,693,Chattanooga,,13,auto,0,1,
2002,794,Green Bay,,13,auto,0,1,
2002,275,Harvard,,13,auto,0,1,
2002,676,SFA,,13,auto,0,1,
2002,331,Kent St.,,14,auto,0,1,
2002,355,Liberty,,14,auto,0,1,
2002,665,Southern,,14,auto,0,1,
2002,690,Temple,,14,auto,0,1,
2002,43,Austin Peay,,15,auto,0,1,
2002,83,Bucknell,,15,auto,0,1,
2002,254,Georgia St.,,15,auto,0,1,
2002,758,Weber St.,,15,auto,0,1,
2002,272,Hartford,,16,auto,0,1,
2002,485,Norfolk St.,,16,auto,0,1,
2002,514,Oakland,,16,auto,0,1,
2002,600,Saint Francis (PA),,16,auto,0,1,
2003,193,Duke,,1,auto,4,1,
2003,365,LSU,,1,auto,3,1,
2003,694,Tennessee,,1,at-large,5,1,
2003,164,UConn,,1,at-large,6,0,
2003,559,Purdue,,2,auto,3,1,
2003,703,Texas,,2,auto,4,1,
2003,700,Texas Tech,,2,at-large,3,1,
2003,739,Villanova,,2,auto,3,1,
2003,327,Kansas St.,,3,at-large,1,1,
2003,430,Mississippi St.,,3,at-large,1,1,
2003,457,North Carolina,,3,at-large,1,1,
2003,674,Stanford,,3,auto,1,1,
2003,518,Ohio St.,,4,at-large,1,1,
2003,539,Penn St.,,4,at-large,2,1,
2003,587,Rutgers,,4,at-large,1,1,
2003,736,Vanderbilt,,4,at-large,1,1,
2003,67,Boston College,,5,at-large,2,1,
2003,257,Georgia,,5,at-large,2,1,
2003,366,Louisiana Tech,,5,auto,2,1,
2003,648,South Carolina,,5,at-large,1,1,
2003,29,Arizona,,6,at-large,0,1,
2003,157,Colorado,,6,at-large,2,1,
2003,428,Minnesota,,6,at-large,2,1,
2003,473,New Mexico,,6,auto,2,1,
2003,31,Arkansas,,7,at-large,1,1,
2003,249,George Washington,,7,auto,1,1,
2003,104,UC Santa Barbara,,7,auto,1,1,
2003,742,Virginia Tech,,7,at-large,1,1,
2003,794,Green Bay,,8,auto,1,1,
2003,416,Michigan St.,,8,at-large,0,1,
2003,732,Utah,,8,at-large,1,1,
2003,746,Virginia,,8,at-large,1,1,
2003,176,DePaul,,9,at-large,0,1,
2003,301,Illinois,,9,at-large,0,1,
2003,698,TCU,,9,auto,1,1,
2003,756,Washington,,9,at-large,0,1,
2003,140,Cincinnati,,10,at-large,0,1,
2003,255,Georgia Tech,,10,at-large,0,1,
2003,522,Oklahoma,,10,at-large,0,1,
2003,82,Xavier,,10,at-large,0,1,
2003,77,BYU,,11,at-large,0,1,
2003,415,Miami (FL),,11,at-large,0,1,
2003,513,Notre Dame,,11,at-large,2,1,
2003,718,Tulane,,11,at-large,0,1,
2003,458,Charlotte,,12,at-large,0,1,
2003,693,Chattanooga,,12,auto,0,1,
2003,523,Old Dominion,,12,auto,0,1,
2003,541,Pepperdine,,12,auto,0,1,
2003,285,Holy Cross,,13,auto,0,1,
2003,355,Liberty,,13,auto,0,1,
2003,758,Weber St.,,13,auto,0,1,
2003,772,Western Ky.,,13,auto,0,1,
2003,43,Austin Peay,,14,auto,0,1,
2003,275,Harvard,,14,auto,0,1,
2003,381,Manhattan,,14,auto,0,1,
2003,774,Western Mich.,,14,auto,0,1,
2003,270,Hampton,,15,auto,0,1,
2003,669,Missouri St.,,15,auto,0,1,
2003,600,Saint Francis (PA),,15,auto,0,1,
2003,735,Valparaiso,,15,auto,0,1,
2003,7,Alabama St.,,16,auto,0,1,
2003,68,Boston University,,16,auto,0,1,
2003,254,Georgia St.,,16,auto,0,1,
2003,670,Texas St.,,16,auto,0,1,
2004,193,Duke,,1,auto,3,1,
2004,539,Penn St.,,1,at-large,3,1,
2004,694,Tennessee,,1,at-large,5,1,
2004,703,Texas,,1,at-large,2,1,
2004,327,Kansas St.,,2,at-large,1,1,
2004,559,Purdue,,2,auto,2,1,
2004,164,UConn,,2,at-large,6,0,
2004,736,Vanderbilt,,2,auto,2,1,
2004,67,Boston College,,3,auto,2,1,
2004,257,Georgia,,3,at-large,3,1,
2004,288,Houston,,3,auto,1,1,
2004,522,Oklahoma,,3,auto,1,1,
2004,51,Baylor,,4,at-large,2,1,
2004,365,LSU,,4,at-large,4,1,
2004,457,North Carolina,,4,at-large,0,1,
2004,700,Texas Tech,,4,at-large,1,1,
2004,235,Florida,,5,at-large,1,1,
2004,366,Louisiana Tech,,5,auto,2,1,
2004,415,Miami (FL),,5,at-large,0,1,
2004,513,Notre Dame,,5,at-large,2,1,
2004,157,Colorado,,6,at-large,0,1,
2004,518,Ohio St.,,6,at-large,1,1,
2004,674,Stanford,,6,auto,3,1,
2004,698,TCU,,6,at-large,1,1,
2004,37,Auburn,,7,at-large,1,1,
2004,428,Minnesota,,7,at-large,4,1,
2004,587,Rutgers,,7,at-large,0,1,
2004,739,Villanova,,7,at-large,1,1,
2004,249,George Washington,,8,at-large,0,1,
2004,416,Michigan St.,,8,at-large,1,1,
2004,523,Old Dominion,,8,auto,0,1,
2004,742,Virginia Tech,,8,at-large,1,1,
2004,29,Arizona,,9,at-large,0,1,
2004,176,DePaul,,9,at-large,1,1,
2004,312,Iowa,,9,at-large,0,1,
2004,387,Marquette,,9,at-large,1,1,
2004,693,Chattanooga,,10,auto,1,1,
2004,490,NC State,,10,at-large,0,1,
2004,433,Ole Miss,,10,at-large,0,1,
2004,110,UCLA,,10,at-large,0,1,
2004,434,Missouri,,11,at-large,0,1,
2004,690,Temple,,11,auto,0,1,
2004,104,UC Santa Barbara,,11,auto,2,1,
2004,768,West Virginia,,11,at-large,0,1,
2004,392,Maryland,,12,at-large,1,1,
2004,669,Missouri St.,,12,auto,0,1,
2004,441,Montana,,12,auto,0,1,
2004,473,New Mexico,,12,auto,0,1,
2004,43,Austin Peay,,13,auto,0,1,
2004,,Loyola Marymount,,13,auto,0,1,
2004,380,Maine,,13,auto,0,1,
2004,419,Middle Tenn.,,13,auto,1,1,
2004,204,Eastern Mich.,,14,auto,0,1,
2004,794,Green Bay,,14,auto,0,1,
2004,355,Liberty,,14,auto,0,1,
2004,386,Marist,,14,auto,0,1,
2004,28600,Lipscomb,,15,auto,0,1,
2004,540,Penn,,15,auto,0,1,
2004,600,Saint Francis (PA),,15,auto,0,1,
2004,735,Valparaiso,,15,auto,0,1,
2004,153,Colgate,,16,auto,0,1,
2004,270,Hampton,,16,auto,0,1,
2004,508,Northwestern St.,,16,auto,0,1,
2004,665,Southern,,16,auto,0,1,
2005,365,LSU,,1,at-large,4,1,
2005,416,Michigan St.,,1,auto,5,1,
2005,457,North Carolina,,1,auto,3,1,
2005,694,Tennessee,,1,at-large,4,1,
2005,51,Baylor,,2,auto,6,0,
2005,193,Duke,,2,at-large,3,1,
2005,518,Ohio St.,,2,at-large,2,1,
2005,674,Stanford,,2,auto,3,1,
2005,428,Minnesota,,3,at-large,2,1,
2005,587,Rutgers,,3,at-large,3,1,
2005,703,Texas,,3,at-large,1,1,
2005,164,UConn,,3,auto,2,1,
2005,327,Kansas St.,,4,at-large,1,1,
2005,513,Notre Dame,,4,at-large,1,1,
2005,539,Penn St.,,4,at-large,0,1,
2005,700,Texas Tech,,4,at-large,2,1,
2005,28,Arizona St.,,5,at-large,2,1,
2005,176,DePaul,,5,at-large,1,1,
2005,490,NC State,,5,at-large,0,1,
2005,736,Vanderbilt,,5,at-large,2,1,
2005,234,Florida St.,,6,at-large,1,1,
2005,257,Georgia,,6,at-large,2,1,
2005,690,Temple,,6,auto,1,1,
2005,746,Virginia,,6,at-large,1,1,
2005,67,Boston College,,7,at-large,1,1,
2005,311,Iowa St.,,7,at-large,0,1,
2005,392,Maryland,,7,at-large,1,1,
2005,698,TCU,,7,auto,0,1,
2005,473,New Mexico,,8,auto,0,1,
2005,522,Oklahoma,,8,at-large,0,1,
2005,433,Ole Miss,,8,at-large,0,1,
2005,657,Southern California,,8,at-large,1,1,
2005,29,Arizona,,9,at-large,1,1,
2005,249,George Washington,,9,at-large,1,1,
2005,367,Louisville,,9,at-large,0,1,
2005,559,Purdue,,9,at-large,1,1,
2005,794,Green Bay,,10,auto,0,1,
2005,288,Houston,,10,at-large,0,1,
2005,529,Oregon,,10,at-large,1,1,
2005,732,Utah,,10,at-large,1,1,
2005,366,Louisiana Tech,,11,at-large,0,1,
2005,523,Old Dominion,,11,auto,0,1,
2005,574,Rice,,11,auto,0,1,
2005,575,Richmond,,11,at-large,0,1,
2005,202,Eastern Ky.,,12,auto,0,1,
2005,419,Middle Tenn.,,12,auto,1,1,
2005,441,Montana,,12,auto,0,1,
2005,742,Virginia Tech,,12,at-large,0,1,
2005,71,Bowling Green,,13,at-large,0,1,
2005,355,Liberty,,13,auto,2,1,
2005,104,UC Santa Barbara,,13,auto,0,1,
2005,702,UT Arlington,,13,auto,0,1,
2005,172,Dartmouth,,14,auto,0,1,
2005,272,Hartford,,14,auto,0,1,
2005,527,Oral Roberts,,14,auto,0,1,
2005,600,Saint Francis (PA),,14,auto,0,1,
2005,116,Canisius,,15,auto,0,1,
2005,285,Holy Cross,,15,auto,0,1,
2005,299,Illinois St.,,15,auto,0,1,
2005,631,Santa Clara,,15,auto,0,1,
2005,17,Alcorn St.,,16,auto,0,1,
2005,165,Coppin St.,,16,auto,0,1,
2005,678,Stetson,,16,auto,0,1,
2005,769,Western Carolina,,16,auto,0,1,
2006,193,Duke,,1,at-large,5,1,
2006,365,LSU,,1,auto,4,1,
2006,457,North Carolina,,1,auto,4,1,
2006,518,Ohio St.,,1,auto,1,1,
2006,392,Maryland,,2,at-large,6,0,
2006,522,Oklahoma,,2,auto,2,1,
2006,694,Tennessee,,2,at-large,3,1,
2006,164,UConn,,2,at-large,3,1,
2006,51,Baylor,,3,at-large,2,1,
2006,257,Georgia,,3,at-large,2,1,
2006,587,Rutgers,,3,auto,2,1,
2006,674,Stanford,,3,at-large,3,1,
2006,28,Arizona St.,,4,at-large,1,1,
2006,176,DePaul,,4,at-large,2,1,
2006,416,Michigan St.,,4,at-large,2,1,
2006,559,Purdue,,4,at-large,2,1,
2006,334,Kentucky,,5,at-large,1,1,
2006,490,NC State,,5,at-large,0,1,
2006,110,UCLA,,5,at-large,1,1,
2006,732,Utah,,5,at-large,3,1,
2006,235,Florida,,6,at-large,0,1,
2006,234,Florida St.,,6,at-large,1,1,
2006,690,Temple,,6,auto,0,1,
2006,697,Texas A&M,,6,at-large,0,1,
2006,77,BYU,,7,at-large,1,1,
2006,249,George Washington,,7,at-large,1,1,
2006,603,St. John's (NY),,7,at-large,1,1,
2006,742,Virginia Tech,,7,at-large,1,1,
2006,67,Boston College,,8,at-large,2,1,
2006,428,Minnesota,,8,at-large,0,1,
2006,657,Southern California,,8,at-large,1,1,
2006,736,Vanderbilt,,8,at-large,1,1,
2006,367,Louisville,,9,at-large,0,1,
2006,513,Notre Dame,,9,at-large,0,1,
2006,651,South Florida,,9,at-large,0,1,
2006,756,Washington,,9,at-large,1,1,
2006,107,California,,10,at-large,0,1,
2006,312,Iowa,,10,at-large,0,1,
2006,434,Missouri,,10,at-large,0,1,
2006,523,Old Dominion,,10,auto,0,1,
2006,272,Hartford,,11,auto,1,1,
2006,366,Louisiana Tech,,11,auto,0,1,
2006,473,New Mexico,,11,at-large,1,1,
2006,698,TCU,,11,at-large,1,1,
2006,71,Bowling Green,,12,auto,0,1,
2006,693,Chattanooga,,12,auto,0,1,
2006,419,Middle Tenn.,,12,auto,0,1,
2006,719,Tulsa,,12,auto,1,1,
2006,355,Liberty,,13,auto,0,1,
2006,797,Milwaukee,,13,auto,0,1,
2006,669,Missouri St.,,13,auto,0,1,
2006,676,SFA,,13,auto,0,1,
2006,172,Dartmouth,,14,auto,0,1,
2006,386,Marist,,14,auto,0,1,
2006,501,Northern Arizona,,14,auto,0,1,
2006,654,Southeast Mo. St.,,14,auto,0,1,
2006,725,Army,,15,auto,0,1,
2006,165,Coppin St.,,15,auto,0,1,
2006,541,Pepperdine,,15,auto,0,1,
2006,590,Sacred Heart,,15,auto,0,1,
2006,229,Fla. Atlantic,,16,auto,0,1,
2006,514,Oakland,,16,auto,0,1,
2006,665,Southern,,16,auto,0,1,
2006,111,UC Riverside,,16,auto,0,1,
2007,193,Duke,,1,at-large,2,1,
2007,457,North Carolina,,1,auto,4,1,
2007,694,Tennessee,,1,at-large,6,0,
2007,164,UConn,,1,at-large,3,1,
2007,392,Maryland,,2,at-large,1,1,
2007,559,Purdue,,2,auto,3,1,
2007,674,Stanford,,2,auto,1,1,
2007,736,Vanderbilt,,2,auto,1,1,
2007,28,Arizona St.,,3,at-large,3,1,
2007,257,Georgia,,3,at-large,2,1,
2007,365,LSU,,3,at-large,4,1,
2007,522,Oklahoma,,3,auto,2,1,
2007,490,NC State,,4,at-large,2,1,
2007,518,Ohio St.,,4,at-large,0,1,
2007,587,Rutgers,,4,auto,5,1,
2007,697,Texas A&M,,4,at-large,1,1,
2007,51,Baylor,,5,at-large,1,1,
2007,249,George Washington,,5,at-large,2,1,
2007,416,Michigan St.,,5,at-large,1,1,
2007,419,Middle Tenn.,,5,auto,1,1,
2007,311,Iowa St.,,6,at-large,1,1,
2007,367,Louisville,,6,at-large,1,1,
2007,387,Marquette,,6,at-large,1,1,
2007,82,Xavier,,6,auto,0,1,
2007,71,Bowling Green,,7,auto,2,1,
2007,255,Georgia Tech,,7,at-large,1,1,
2007,523,Old Dominion,,7,auto,0,1,
2007,433,Ole Miss,,7,at-large,3,1,
2007,107,California,,8,at-large,0,1,
2007,473,New Mexico,,8,auto,0,1,
2007,545,Pittsburgh,,8,at-large,1,1,
2007,690,Temple,,8,at-large,1,1,
2007,794,Green Bay,,9,auto,1,1,
2007,317,James Madison,,9,at-large,0,1,
2007,463,Nebraska,,9,at-large,0,1,
2007,513,Notre Dame,,9,at-large,1,1,
2007,176,DePaul,,10,at-large,0,1,
2007,234,Florida St.,,10,at-large,2,1,
2007,521,Oklahoma St.,,10,at-large,0,1,
2007,698,TCU,,10,at-large,0,1,
2007,77,BYU,,11,at-large,0,1,
2007,671,Louisiana,,11,at-large,0,1,
2007,756,Washington,,11,at-large,0,1,
2007,768,West Virginia,,11,at-large,1,1,
2007,66,Boise St.,,12,auto,0,1,
2007,693,Chattanooga,,12,auto,0,1,
2007,180,Delaware,,12,at-large,0,1,
2007,260,Gonzaga,,12,auto,0,1,
2007,196,East Carolina,,13,auto,0,1,
2007,386,Marist,,13,auto,2,1,
2007,579,Robert Morris,,13,auto,0,1,
2007,702,UT Arlington,,13,auto,0,1,
2007,456,Asheville,,14,auto,0,1,
2007,14927,Belmont,,14,auto,0,1,
2007,654,Southeast Mo. St.,,14,auto,0,1,
2007,111,UC Riverside,,14,auto,0,1,
2007,178,Delaware St.,,15,auto,0,1,
2007,275,Harvard,,15,auto,0,1,
2007,294,Idaho St.,,15,auto,0,1,
2007,527,Oral Roberts,,15,auto,0,1,
2007,189,Drake,,16,auto,0,1,
2007,285,Holy Cross,,16,auto,0,1,
2007,553,Prairie View,,16,auto,0,1,
2007,391,UMBC,,16,auto,0,1,
2008,392,Maryland,,1,at-large,3,1,
2008,457,North Carolina,,1,auto,3,1,
2008,694,Tennessee,,1,auto,6,0,
2008,164,UConn,,1,auto,4,1,
2008,365,LSU,,2,at-large,4,1,
2008,587,Rutgers,,2,at-large,3,1,
2008,674,Stanford,,2,auto,5,1,
2008,697,Texas A&M,,2,auto,3,1,
2008,51,Baylor,,3,at-large,1,1,
2008,107,California,,3,at-large,1,1,
2008,193,Duke,,3,at-large,2,1,
2008,521,Oklahoma St.,,3,at-large,2,1,
2008,367,Louisville,,4,at-large,2,1,
2008,522,Oklahoma,,4,at-large,1,1,
2008,736,Vanderbilt,,4,at-large,2,1,
2008,746,Virginia,,4,at-large,1,1,
2008,327,Kansas St.,,5,at-large,1,1,
2008,513,Notre Dame,,5,at-large,2,1,
2008,523,Old Dominion,,5,auto,2,1,
2008,768,West Virginia,,5,at-large,1,1,
2008,28,Arizona St.,,6,at-large,1,1,
2008,249,George Washington,,6,at-large,2,1,
2008,518,Ohio St.,,6,at-large,0,1,
2008,545,Pittsburgh,,6,at-large,2,1,
2008,311,Iowa St.,,7,at-large,1,1,
2008,386,Marist,,7,auto,1,1,
2008,688,Syracuse,,7,at-large,0,1,
2008,704,UTEP,,7,at-large,1,1,
2008,257,Georgia,,8,at-large,1,1,
2008,463,Nebraska,,8,at-large,1,1,
2008,703,Texas,,8,at-large,1,1,
2008,732,Utah,,8,at-large,0,1,
2008,312,Iowa,,9,at-large,0,1,
2008,428,Minnesota,,9,at-large,0,1,
2008,559,Purdue,,9,auto,1,1,
2008,82,Xavier,,9,auto,0,1,
2008,176,DePaul,,10,at-large,0,1,
2008,255,Georgia Tech,,10,at-large,0,1,
2008,272,Hartford,,10,auto,1,1,
2008,772,Western Ky.,,10,auto,0,1,
2008,37,Auburn,,11,at-large,0,1,
2008,234,Florida St.,,11,at-large,1,1,
2008,690,Temple,,11,at-large,0,1,
2008,811,Wyoming,,11,at-large,0,1,
2008,693,Chattanooga,,12,auto,0,1,
2008,355,Liberty,,12,auto,0,1,
2008,473,New Mexico,,12,auto,0,1,
2008,663,SMU,,12,auto,0,1,
2008,299,Illinois St.,,13,auto,0,1,
2008,414,Miami (OH),,13,auto,0,1,
2008,441,Montana,,13,auto,0,1,
2008,104,UC Santa Barbara,,13,auto,0,1,
2008,198,ETSU,,14,auto,0,1,
2008,96,Fresno St.,,14,auto,0,1,
2008,454,Murray St.,,14,auto,0,1,
2008,627,San Diego,,14,auto,0,1,
2008,148,Cleveland St.,,15,auto,0,1,
2008,314,Jackson St.,,15,auto,0,1,
2008,579,Robert Morris,,15,auto,0,1,
2008,706,UTSA,,15,auto,0,1,
2008,83,Bucknell,,16,auto,0,1,
2008,165,Coppin St.,,16,auto,0,1,
2008,167,Cornell,,16,auto,0,1,
2008,527,Oral Roberts,,16,auto,0,1,
2009,193,Duke,,1,at-large,1,1,
2009,392,Maryland,,1,auto,3,1,
2009,522,Oklahoma,,1,at-large,4,1,
2009,164,UConn,,1,auto,6,0,
2009,37,Auburn,,2,at-large,1,1,
2009,51,Baylor,,2,auto,2,1,
2009,674,Stanford,,2,auto,4,1,
2009,697,Texas A&M,,2,at-large,2,1,
2009,234,Florida St.,,3,at-large,1,1,
2009,367,Louisville,,3,at-large,5,1,
2009,457,North Carolina,,3,at-large,1,1,
2009,518,Ohio St.,,3,auto,2,1,
2009,107,California,,4,at-large,2,1,
2009,311,Iowa St.,,4,at-large,3,1,
2009,545,Pittsburgh,,4,at-large,2,1,
2009,736,Vanderbilt,,4,auto,2,1,
2009,327,Kansas St.,,5,at-large,1,1,
2009,694,Tennessee,,5,at-large,0,1,
2009,746,Virginia,,5,at-large,1,1,
2009,82,Xavier,,5,at-large,0,1,
2009,28,Arizona St.,,6,at-large,3,1,
2009,365,LSU,,6,at-large,1,1,
2009,559,Purdue,,6,at-large,3,1,
2009,703,Texas,,6,at-large,0,1,
2009,176,DePaul,,7,at-large,0,1,
2009,513,Notre Dame,,7,at-large,0,1,
2009,587,Rutgers,,7,at-large,2,1,
2009,649,South Dakota St.,,7,auto,1,1,
2009,235,Florida,,8,at-large,1,1,
2009,312,Iowa,,8,at-large,0,1,
2009,419,Middle Tenn.,,8,auto,0,1,
2009,739,Villanova,,8,at-large,0,1,
2009,255,Georgia Tech,,9,at-large,1,1,
2009,416,Michigan St.,,9,at-large,2,1,
2009,690,Temple,,9,at-large,0,1,
2009,732,Utah,,9,auto,1,1,
2009,428,Minnesota,,10,at-large,1,1,
2009,626,San Diego St.,,10,at-large,1,1,
2009,698,TCU,,10,at-large,0,1,
2009,740,VCU,,10,at-large,0,1,
2009,458,Charlotte,,11,auto,0,1,
2009,257,Georgia,,11,at-large,0,1,
2009,794,Green Bay,,11,auto,0,1,
2009,430,Mississippi St.,,11,at-large,1,1,
2009,47,Ball St.,,12,auto,1,1,
2009,191,Drexel,,12,auto,0,1,
2009,260,Gonzaga,,12,auto,1,1,
2009,386,Marist,,12,auto,0,1,
2009,198,ETSU,,13,auto,0,1,
2009,96,Fresno St.,,13,auto,0,1,
2009,441,Montana,,13,auto,0,1,
2009,769,Western Carolina,,13,auto,0,1,
2009,355,Liberty,,14,auto,0,1,
2009,488,NC A&T,,14,auto,0,1,
2009,590,Sacred Heart,,14,auto,0,1,
2009,128,UCF,,14,auto,0,1,
2009,219,Evansville,,15,auto,0,1,
2009,352,Lehigh,,15,auto,0,1,
2009,104,UC Santa Barbara,,15,auto,0,1,
2009,706,UTSA,,15,auto,0,1,
2009,43,Austin Peay,,16,auto,0,1,
2009,172,Dartmouth,,16,auto,0,1,
2009,553,Prairie View,,16,auto,0,1,
2009,738,Vermont,,16,auto,0,1,
2010,463,Nebraska,,1,at-large,2,1,
2010,674,Stanford,,1,auto,5,1,
2010,694,Tennessee,,1,auto,2,1,
2010,164,UConn,,1,auto,6,0,
2010,193,Duke,,2,auto,3,1,
2010,513,Notre Dame,,2,at-large,2,1,
2010,518,Ohio St.,,2,auto,1,1,
2010,697,Texas A&M,,2,auto,1,1,
2010,234,Florida St.,,3,at-large,3,1,
2010,522,Oklahoma,,3,at-large,4,1,
2010,768,West Virginia,,3,at-large,1,1,
2010,82,Xavier,,3,auto,3,1,
2010,51,Baylor,,4,at-large,4,1,
2010,311,Iowa St.,,4,at-large,2,1,
2010,334,Kentucky,,4,at-large,3,1,
2010,521,Oklahoma St.,,4,at-large,1,1,
2010,251,Georgetown,,5,at-large,1,1,
2010,257,Georgia,,5,at-large,2,1,
2010,416,Michigan St.,,5,at-large,1,1,
2010,746,Virginia,,5,at-large,0,1,
2010,255,Georgia Tech,,6,at-large,0,1,
2010,603,St. John's (NY),,6,at-large,1,1,
2010,703,Texas,,6,at-large,0,1,
2010,736,Vanderbilt,,6,at-large,1,1,
2010,260,Gonzaga,,7,auto,2,1,
2010,365,LSU,,7,at-large,1,1,
2010,430,Mississippi St.,,7,at-large,2,1,
2010,796,Wisconsin,,7,at-large,0,1,
2010,175,Dayton,,8,at-large,1,1,
2010,312,Iowa,,8,at-large,1,1,
2010,690,Temple,,8,at-large,1,1,
2010,110,UCLA,,8,at-large,1,1,
2010,317,James Madison,,9,auto,0,1,
2010,490,NC State,,9,at-large,0,1,
2010,587,Rutgers,,9,at-large,0,1,
2010,698,TCU,,9,at-large,0,1,
2010,272,Hartford,,10,at-large,0,1,
2010,419,Middle Tenn.,,10,auto,0,1,
2010,457,North Carolina,,10,at-large,0,1,
2010,738,Vermont,,10,auto,1,1,
2010,176,DePaul,,11,at-large,0,1,
2010,32,Little Rock,,11,at-large,1,1,
2010,554,Princeton,,11,auto,0,1,
2010,626,San Diego St.,,11,auto,2,1,
2010,71,Bowling Green,,12,auto,0,1,
2010,794,Green Bay,,12,at-large,1,1,
2010,386,Marist,,12,auto,0,1,
2010,718,Tulane,,12,auto,0,1,
2010,693,Chattanooga,,13,auto,0,1,
2010,96,Fresno St.,,13,at-large,0,1,
2010,352,Lehigh,,13,auto,0,1,
2010,355,Liberty,,13,auto,0,1,
2010,198,ETSU,,14,auto,0,1,
2010,346,Lamar,,14,auto,0,1,
2010,366,Louisiana Tech,,14,auto,0,1,
2010,649,South Dakota St.,,14,auto,0,1,
2010,148,Cleveland St.,,15,auto,0,1,
2010,270,Hampton,,15,auto,0,1,
2010,550,Portland St.,,15,auto,0,1,
2010,600,Saint Francis (PA),,15,auto,0,1,
2010,43,Austin Peay,,16,auto,0,1,
2010,665,Southern,,16,auto,0,1,
2010,111,UC Riverside,,16,auto,0,1,
2010,504,UNI,,16,auto,0,1,
2011,51,Baylor,,1,auto,3,1,
2011,674,Stanford,,1,auto,4,1,
2011,694,Tennessee,,1,auto,3,1,
2011,164,UConn,,1,auto,4,1,
2011,193,Duke,,2,auto,3,1,
2011,513,Notre Dame,,2,at-large,5,1,
2011,697,Texas A&M,,2,at-large,6,0,
2011,82,Xavier,,2,auto,1,1,
2011,176,DePaul,,3,at-large,2,1,
2011,234,Florida St.,,3,at-large,1,1,
2011,415,Miami (FL),,3,at-large,1,1,
2011,726,Navy,,3,auto,0,1,
2011,110,UCLA,,3,at-large,1,1,
2011,334,Kentucky,,4,at-large,1,1,
2011,392,Maryland,,4,at-large,1,1,
2011,416,Michigan St.,,4,at-large,1,1,
2011,518,Ohio St.,,4,auto,2,1,
2011,251,Georgetown,,5,at-large,2,1,
2011,255,Georgia Tech,,5,at-large,1,1,
2011,794,Green Bay,,5,auto,2,1,
2011,457,North Carolina,,5,at-large,2,1,
2011,257,Georgia,,6,at-large,2,1,
2011,312,Iowa,,6,at-large,0,1,
2011,522,Oklahoma,,6,at-large,2,1,
2011,539,Penn St.,,6,at-large,1,1,
2011,28,Arizona St.,,7,at-large,0,1,
2011,311,Iowa St.,,7,at-large,0,1,
2011,367,Louisville,,7,at-large,2,1,
2011,587,Rutgers,,7,at-large,1,1,
2011,288,Houston,,8,at-large,0,1,
2011,327,Kansas St.,,8,at-large,0,1,
2011,387,Marquette,,8,at-large,1,1,
2011,700,Texas Tech,,8,at-large,0,1,
2011,603,St. John's (NY),,9,at-large,1,1,
2011,703,Texas,,9,at-large,0,1,
2011,768,West Virginia,,9,at-large,1,1,
2011,366,Louisiana Tech,,10,at-large,0,1,
2011,386,Marist,,10,auto,1,1,
2011,690,Temple,,10,at-large,1,1,
2011,736,Vanderbilt,,10,at-large,0,1,
2011,175,Dayton,,11,at-large,0,1,
2011,260,Gonzaga,,11,auto,3,1,
2011,317,James Madison,,11,auto,0,1,
2011,419,Middle Tenn.,,11,at-large,0,1,
2011,559,Purdue,,11,at-large,1,1,
2011,71,Bowling Green,,12,auto,0,1,
2011,96,Fresno St.,,12,auto,0,1,
2011,32,Little Rock,,12,auto,0,1,
2011,554,Princeton,,12,auto,0,1,
2011,270,Hampton,,13,auto,0,1,
2011,600,Saint Francis (PA),,13,auto,0,1,
2011,128,UCF,,13,auto,0,1,
2011,504,UNI,,13,auto,0,1,
2011,1092,Gardner-Webb,,14,auto,0,1,
2011,441,Montana,,14,auto,0,1,
2011,625,Samford,,14,auto,0,1,
2011,402,McNeese,,15,auto,0,1,
2011,649,South Dakota St.,,15,auto,0,1,
2011,695,UT Martin,,15,auto,0,1,
2011,732,Utah,,15,auto,0,1,
2011,272,Hartford,,16,auto,0,1,
2011,553,Prairie View,,16,auto,0,1,
2011,678,Stetson,,16,auto,0,1,
2011,108,UC Davis,,16,auto,0,1,
2012,51,Baylor,,1,auto,6,0,
2012,513,Notre Dame,,1,at-large,5,1,
2012,674,Stanford,,1,auto,4,1,
2012,164,UConn,,1,auto,4,1,
2012,193,Duke,,2,at-large,3,1,
2012,334,Kentucky,,2,at-large,3,1,
2012,392,Maryland,,2,auto,3,1,
2012,694,Tennessee,,2,auto,3,1,
2012,180,Delaware,,3,auto,1,1,
2012,415,Miami (FL),,3,at-large,1,1,
2012,603,St. John's (NY),,3,at-large,2,1,
2012,697,Texas A&M,,3,at-large,2,1,
2012,257,Georgia,,4,at-large,0,1,
2012,255,Georgia Tech,,4,at-large,2,1,
2012,539,Penn St.,,4,at-large,2,1,
2012,559,Purdue,,4,auto,1,1,
2012,251,Georgetown,,5,at-large,1,1,
2012,365,LSU,,5,at-large,1,1,
2012,648,South Carolina,,5,at-large,2,1,
2012,596,St. Bonaventure,,5,at-large,2,1,
2012,31,Arkansas,,6,at-large,1,1,
2012,463,Nebraska,,6,at-large,0,1,
2012,522,Oklahoma,,6,at-large,1,1,
2012,587,Rutgers,,6,at-large,0,1,
2012,176,DePaul,,7,at-large,1,1,
2012,794,Green Bay,,7,auto,1,1,
2012,367,Louisville,,7,at-large,1,1,
2012,736,Vanderbilt,,7,at-large,1,1,
2012,107,California,,8,at-large,1,1,
2012,327,Kansas St.,,8,at-large,1,1,
2012,518,Ohio St.,,8,at-large,0,1,
2012,768,West Virginia,,8,at-large,1,1,
2012,235,Florida,,9,at-large,1,1,
2012,312,Iowa,,9,at-large,0,1,
2012,554,Princeton,,9,auto,0,1,
2012,703,Texas,,9,at-large,0,1,
2012,77,BYU,,10,auto,0,1,
2012,311,Iowa St.,,10,at-large,0,1,
2012,416,Michigan St.,,10,at-large,0,1,
2012,419,Middle Tenn.,,10,at-large,0,1,
2012,175,Dayton,,11,auto,0,1,
2012,260,Gonzaga,,11,at-large,2,1,
2012,328,Kansas,,11,at-large,2,1,
2012,418,Michigan,,11,at-large,0,1,
2012,204,Eastern Mich.,,12,auto,0,1,
2012,28755,FGCU,,12,auto,0,1,
2012,96,Fresno St.,,12,auto,0,1,
2012,626,San Diego St.,,12,auto,0,1,
2012,386,Marist,,13,auto,1,1,
2012,590,Sacred Heart,,13,auto,0,1,
2012,649,South Dakota St.,,13,auto,0,1,
2012,704,UTEP,,13,auto,0,1,
2012,14,Albany,,14,auto,0,1,
2012,169,Creighton,,14,auto,0,1,
2012,294,Idaho St.,,14,auto,0,1,
2012,32,Little Rock,,14,auto,0,1,
2012,402,McNeese,,15,auto,0,1,
2012,726,Navy,,15,auto,0,1,
2012,625,Samford,,15,auto,0,1,
2012,695,UT Martin,,15,auto,0,1,
2012,270,Hampton,,16,auto,0,1,
2012,355,Liberty,,16,auto,0,1,
2012,553,Prairie View,,16,auto,0,1,
2012,104,UC Santa Barbara,,16,auto,0,1,
2013,51,Baylor,,1,auto,2,1,
2013,513,Notre Dame,,1,auto,4,1,
2013,674,Stanford,,1,auto,2,1,
2013,164,UConn,,1,at-large,6,0,
2013,107,California,,2,at-large,4,1,
2013,193,Duke,,2,auto,3,1,
2013,334,Kentucky,,2,at-large,3,1,
2013,694,Tennessee,,2,auto,3,1,
2013,457,North Carolina,,3,at-large,1,1,
2013,539,Penn St.,,3,at-large,1,1,
2013,697,Texas A&M,,3,auto,1,1,
2013,110,UCLA,,3,at-large,1,1,
2013,257,Georgia,,4,at-large,3,1,
2013,392,Maryland,,4,at-large,2,1,
2013,559,Purdue,,4,at-large,1,1,
2013,648,South Carolina,,4,at-large,1,1,
2013,157,Colorado,,5,at-large,0,1,
2013,311,Iowa St.,,5,at-large,1,1,
2013,367,Louisville,,5,at-large,5,1,
2013,416,Michigan St.,,5,at-large,1,1,
2013,180,Delaware,,6,auto,2,1,
2013,365,LSU,,6,at-large,2,1,
2013,463,Nebraska,,6,at-large,2,1,
2013,522,Oklahoma,,6,at-large,2,1,
2013,175,Dayton,,7,at-large,1,1,
2013,521,Oklahoma St.,,7,at-large,1,1,
2013,688,Syracuse,,7,at-large,0,1,
2013,700,Texas Tech,,7,at-large,0,1,
2013,234,Florida St.,,8,at-large,1,1,
2013,415,Miami (FL),,8,at-large,0,1,
2013,418,Michigan,,8,at-large,1,1,
2013,736,Vanderbilt,,8,at-large,1,1,
2013,312,Iowa,,9,at-large,1,1,
2013,554,Princeton,,9,auto,0,1,
2013,606,Saint Joseph's,,9,at-large,0,1,
2013,739,Villanova,,9,at-large,0,1,
2013,169,Creighton,,10,at-large,1,1,
2013,176,DePaul,,10,at-large,0,1,
2013,651,South Florida,,10,at-large,1,1,
2013,603,St. John's (NY),,10,at-large,0,1,
2013,129,Central Mich.,,11,auto,0,1,
2013,693,Chattanooga,,11,auto,0,1,
2013,794,Green Bay,,11,auto,0,1,
2013,768,West Virginia,,11,at-large,0,1,
2013,260,Gonzaga,,12,auto,0,1,
2013,328,Kansas,,12,at-large,2,1,
2013,386,Marist,,12,auto,0,1,
2013,419,Middle Tenn.,,12,auto,0,1,
2013,355,Liberty,,13,auto,0,1,
2013,441,Montana,,13,auto,0,1,
2013,562,Quinnipiac,,13,auto,0,1,
2013,649,South Dakota St.,,13,auto,0,1,
2013,14,Albany,,14,auto,0,1,
2013,90,Cal Poly,,14,auto,0,1,
2013,678,Stetson,,14,auto,0,1,
2013,782,Wichita St.,,14,auto,0,1,
2013,96,Fresno St.,,15,auto,0,1,
2013,270,Hampton,,15,auto,0,1,
2013,726,Navy,,15,auto,0,1,
2013,527,Oral Roberts,,15,auto,0,1,
2013,295,Idaho,,16,auto,0,1,
2013,553,Prairie View,,16,auto,0,1,
2013,719,Tulsa,,16,auto,0,1,
2013,695,UT Martin,,16,auto,0,1,
2014,513,Notre Dame,,1,auto,5,1,
2014,648,South Carolina,,1,at-large,2,1,
2014,674,Stanford,,1,at-large,4,1,
2014,694,Tennessee,,1,auto,2,1,
2014,164,UConn,,1,auto,6,0,
2014,51,Baylor,,2,auto,3,1,
2014,193,Duke,,2,at-large,1,1,
2014,768,West Virginia,,2,at-large,1,1,
2014,334,Kentucky,,3,at-large,2,1,
2014,367,Louisville,,3,at-large,3,1,
2014,539,Penn St.,,3,at-large,2,1,
2014,697,Texas A&M,,3,at-large,3,1,
2014,392,Maryland,,4,at-large,4,1,
2014,463,Nebraska,,4,auto,1,1,
2014,457,North Carolina,,4,at-large,3,1,
2014,559,Purdue,,4,at-large,1,1,
2014,416,Michigan St.,,5,at-large,1,1,
2014,490,NC State,,5,at-large,0,1,
2014,521,Oklahoma St.,,5,at-large,2,1,
2014,703,Texas,,5,at-large,1,1,
2014,260,Gonzaga,,6,auto,0,1,
2014,312,Iowa,,6,at-large,1,1,
2014,688,Syracuse,,6,at-large,1,1,
2014,107,California,,7,at-large,1,1,
2014,175,Dayton,,7,at-large,0,1,
2014,176,DePaul,,7,auto,1,1,
2014,311,Iowa St.,,7,at-large,0,1,
2014,365,LSU,,7,at-large,2,1,
2014,257,Georgia,,8,at-large,0,1,
2014,603,St. John's (NY),,8,at-large,1,1,
2014,736,Vanderbilt,,8,at-large,0,1,
2014,28,Arizona St.,,9,at-large,1,1,
2014,528,Oregon St.,,9,at-large,1,1,
2014,606,Saint Joseph's,,9,at-large,1,1,
2014,657,Southern California,,9,auto,0,1,
2014,234,Florida St.,,10,at-large,1,1,
2014,236,Fordham,,10,auto,0,1,
2014,255,Georgia Tech,,10,at-large,0,1,
2014,522,Oklahoma,,10,at-large,0,1,
2014,693,Chattanooga,,11,auto,0,1,
2014,235,Florida,,11,at-large,1,1,
2014,317,James Madison,,11,auto,1,1,
2014,386,Marist,,11,auto,0,1,
2014,77,BYU,,12,at-large,2,1,
2014,28755,FGCU,,12,auto,0,1,
2014,270,Hampton,,12,auto,0,1,
2014,419,Middle Tenn.,,12,auto,0,1,
2014,540,Penn,,12,auto,0,1,
2014,5,Akron,,13,auto,0,1,
2014,725,Army,,13,auto,0,1,
2014,96,Fresno St.,,13,auto,0,1,
2014,295,Idaho,,14,auto,0,1,
2014,494,North Dakota,,14,auto,0,1,
2014,782,Wichita St.,,14,auto,0,1,
2014,810,Wright St.,,14,auto,0,1,
2014,14,Albany,,15,auto,0,1,
2014,650,South Dakota,,15,auto,0,1,
2014,772,Western Ky.,,15,auto,0,1,
2014,792,Winthrop,,15,auto,0,1,
2014,101,CSUN,,16,auto,0,1,
2014,508,Northwestern St.,,16,auto,0,1,
2014,553,Prairie View,,16,auto,0,1,
2014,579,Robert Morris,,16,auto,0,1,
2014,695,UT Martin,,16,auto,0,1,
2015,392,Maryland,,1,auto,4,1,
2015,513,Notre Dame,,1,auto,5,1,
2015,648,South Carolina,,1,auto,4,1,
2015,164,UConn,,1,auto,6,0,
2015,51,Baylor,,2,auto,3,1,
2015,234,Florida St.,,2,at-large,3,1,
2015,334,Kentucky,,2,at-large,1,1,
2015,694,Tennessee,,2,at-large,3,1,
2015,28,Arizona St.,,3,at-large,2,1,
2015,312,Iowa,,3,at-large,2,1,
2015,367,Louisville,,3,at-large,2,1,
2015,528,Oregon St.,,3,at-large,1,1,
2015,107,California,,4,at-large,1,1,
2015,193,Duke,,4,at-large,2,1,
2015,457,North Carolina,,4,at-large,2,1,
2015,674,Stanford,,4,auto,2,1,
2015,430,Mississippi St.,,5,at-large,1,1,
2015,518,Ohio St.,,5,at-large,1,1,
2015,522,Oklahoma,,5,at-large,1,1,
2015,703,Texas,,5,at-large,2,1,
2015,249,George Washington,,6,auto,0,1,
2015,651,South Florida,,6,at-large,1,1,
2015,697,Texas A&M,,6,at-large,0,1,
2015,756,Washington,,6,at-large,0,1,
2015,693,Chattanooga,,7,auto,0,1,
2015,175,Dayton,,7,at-large,3,1,
2015,28755,FGCU,,7,auto,1,1,
2015,509,Northwestern,,7,at-large,0,1,
2015,428,Minnesota,,8,at-large,0,1,
2015,554,Princeton,,8,auto,1,1,
2015,587,Rutgers,,8,at-large,1,1,
2015,688,Syracuse,,8,at-large,1,1,
2015,176,DePaul,,9,auto,1,1,
2015,794,Green Bay,,9,auto,0,1,
2015,463,Nebraska,,9,at-large,0,1,
2015,635,Seton Hall,,9,at-large,0,1,
2015,31,Arkansas,,10,at-large,1,1,
2015,311,Iowa St.,,10,at-large,0,1,
2015,521,Oklahoma St.,,10,at-large,0,1,
2015,545,Pittsburgh,,10,at-large,1,1,
2015,260,Gonzaga,,11,at-large,2,1,
2015,32,Little Rock,,11,auto,1,1,
2015,365,LSU,,11,at-large,0,1,
2015,415,Miami (FL),,11,at-large,1,1,
2015,317,James Madison,,12,auto,0,1,
2015,562,Quinnipiac,,12,auto,0,1,
2015,718,Tulane,,12,at-large,0,1,
2015,772,Western Ky.,,12,auto,0,1,
2015,14,Albany,,13,auto,0,1,
2015,101,CSUN,,13,auto,0,1,
2015,355,Liberty,,13,auto,0,1,
2015,782,Wichita St.,,13,auto,0,1,
2015,23,American,,14,auto,0,1,
2015,77,BYU,,14,auto,0,1,
2015,519,Ohio,,14,auto,0,1,
2015,649,South Dakota St.,,14,auto,0,1,
2015,7,Alabama St.,,15,auto,0,1,
2015,66,Boise St.,,15,auto,0,1,
2015,508,Northwestern St.,,15,auto,0,1,
2015,691,Tennessee St.,,15,auto,0,1,
2015,441,Montana,,16,auto,0,1,
2015,472,New Mexico St.,,16,auto,0,1,
2015,632,Savannah St.,,16,auto,0,1,
2015,599,St. Francis Brooklyn,,16,auto,0,1,
2016,51,Baylor,Dallas,1,auto,3,1,
2016,513,Notre Dame,Lexington,1,auto,2,1,
2016,648,South Carolina,Sioux Falls,1,auto,2,1,
2016,164,UConn,Bridgeport,1,auto,6,0,
2016,28,Arizona St.,Sioux Falls,2,at-large,1,1,
2016,392,Maryland,Lexington,2,auto,1,1,
2016,528,Oregon St.,Dallas,2,auto,4,1,
2016,703,Texas,Bridgeport,2,at-large,3,1,
2016,334,Kentucky,Lexington,3,at-large,2,1,
2016,367,Louisville,Dallas,3,at-large,1,1,
2016,518,Ohio St.,Sioux Falls,3,at-large,2,1,
2016,110,UCLA,Bridgeport,3,at-large,2,1,
2016,416,Michigan St.,Bridgeport,4,at-large,1,1,
2016,674,Stanford,Lexington,4,at-large,3,1,
2016,688,Syracuse,Sioux Falls,4,at-large,5,1,
2016,697,Texas A&M,Dallas,4,at-large,1,1,
2016,235,Florida,Sioux Falls,5,at-large,0,1,
2016,234,Florida St.,Dallas,5,at-large,2,1,
2016,415,Miami (FL),Lexington,5,at-large,0,1,
2016,430,Mississippi St.,Bridgeport,5,at-large,2,1,
2016,176,DePaul,Dallas,6,at-large,2,1,
2016,522,Oklahoma,Lexington,6,at-large,1,1,
2016,651,South Florida,Bridgeport,6,at-large,1,1,
2016,768,West Virginia,Sioux Falls,6,at-large,1,1,
2016,77,BYU,Bridgeport,7,at-large,0,1,
2016,521,Oklahoma St.,Dallas,7,at-large,0,1,
2016,694,Tennessee,Sioux Falls,7,at-large,3,1,
2016,756,Washington,Lexington,7,at-large,4,1,
2016,249,George Washington,Sioux Falls,8,auto,0,1,
2016,257,Georgia,Lexington,8,at-large,0,1,
2016,635,Seton Hall,Bridgeport,8,at-large,0,1,
2016,603,St. John's (NY),Dallas,8,auto,0,1,
2016,37,Auburn,Dallas,9,at-large,1,1,
2016,194,Duquesne,Bridgeport,9,at-large,1,1,
2016,306,Indiana,Lexington,9,at-large,1,1,
2016,327,Kansas St.,Sioux Falls,9,at-large,1,1,
2016,794,Green Bay,Sioux Falls,10,auto,0,1,
2016,434,Missouri,Bridgeport,10,at-large,1,1,
2016,540,Penn,Lexington,10,auto,0,1,
2016,596,St. Bonaventure,Dallas,10,at-large,1,1,
2016,156,Colorado St.,Bridgeport,11,auto,0,1,
2016,317,James Madison,Dallas,11,auto,0,1,
2016,554,Princeton,Sioux Falls,11,at-large,0,1,
2016,559,Purdue,Lexington,11,at-large,0,1,
2016,14,Albany,Sioux Falls,12,auto,1,1,
2016,693,Chattanooga,Bridgeport,12,auto,0,1,
2016,419,Middle Tenn.,Dallas,12,auto,0,1,
2016,649,South Dakota St.,Lexington,12,auto,1,1,
2016,725,Army West Point,Sioux Falls,13,auto,0,1,
2016,14927,Belmont,Bridgeport,13,auto,0,1,
2016,669,Missouri St.,Dallas,13,auto,0,1,
2016,629,San Francisco,Lexington,13,auto,0,1,
2016,86,Buffalo,Sioux Falls,14,auto,0,1,
2016,1004,Central Arkansas,Dallas,14,auto,0,1,
2016,277,Hawaii,Bridgeport,14,auto,0,1,
2016,456,UNC Asheville,Lexington,14,auto,0,1,
2016,7,Alabama St.,Bridgeport,15,auto,0,1,
2016,310,Iona,Lexington,15,auto,0,1,
2016,472,New Mexico St.,Sioux Falls,15,auto,0,1,
2016,716,Troy,Dallas,15,auto,0,1,
2016,295,Idaho,Dallas,16,auto,0,1,
2016,316,Jacksonville,Sioux Falls,16,auto,0,1,
2016,488,NC A&T,Lexington,16,auto,0,1,
2016,579,Robert Morris,Bridgeport,16,auto,0,1,
2017,51,Baylor,Oklahoma City,1,at-large,3,1,
2017,513,Notre Dame,Lexington,1,auto,3,1,
2017,648,South Carolina,Stockton,1,auto,6,0,
2017,164,UConn,Bridgeport,1,auto,4,1,
2017,193,Duke,Bridgeport,2,at-large,1,1,
2017,430,Mississippi St.,Oklahoma City,2,at-large,5,1,
2017,528,Oregon St.,Stockton,2,at-large,2,1,
2017,674,Stanford,Lexington,2,auto,4,1,
2017,234,Florida St.,Stockton,3,at-large,3,1,
2017,392,Maryland,Bridgeport,3,auto,2,1,
2017,703,Texas,Lexington,3,at-large,2,1,
2017,756,Washington,Oklahoma City,3,at-large,2,1,
2017,334,Kentucky,Lexington,4,at-large,1,1,
2017,367,Louisville,Oklahoma City,4,at-large,2,1,
2017,415,Miami (FL),Stockton,4,at-large,1,1,
2017,110,UCLA,Bridgeport,4,at-large,2,1,
2017,387,Marquette,Stockton,5,auto,0,1,
2017,518,Ohio St.,Lexington,5,at-large,2,1,
2017,694,Tennessee,Oklahoma City,5,at-large,1,1,
2017,697,Texas A&M,Bridgeport,5,at-large,1,1,
2017,434,Missouri,Stockton,6,at-large,1,1,
2017,490,NC State,Lexington,6,at-large,1,1,
2017,522,Oklahoma,Oklahoma City,6,at-large,2,1,
2017,768,West Virginia,Bridgeport,6,auto,1,1,
2017,169,Creighton,Stockton,7,at-large,1,1,
2017,176,DePaul,Oklahoma City,7,at-large,1,1,
2017,327,Kansas St.,Lexington,7,at-large,1,1,
2017,690,Temple,Bridgeport,7,at-large,0,1,
2017,28,Arizona St.,Stockton,8,at-large,1,1,
2017,794,Green Bay,Lexington,8,auto,0,1,
2017,365,LSU,Oklahoma City,8,at-large,0,1,
2017,688,Syracuse,Bridgeport,8,at-large,1,1,
2017,107,California,Oklahoma City,9,at-large,1,1,
2017,311,Iowa St.,Bridgeport,9,at-large,0,1,
2017,416,Michigan St.,Stockton,9,at-large,0,1,
2017,559,Purdue,Lexington,9,at-large,1,1,
2017,189,Drake,Lexington,10,auto,0,1,
2017,529,Oregon,Bridgeport,10,at-large,3,1,
2017,709,Toledo,Stockton,10,auto,0,1,
2017,504,UNI,Oklahoma City,10,at-large,0,1,
2017,37,Auburn,Lexington,11,at-large,0,1,
2017,1068,Elon,Bridgeport,11,auto,0,1,
2017,260,Gonzaga,Oklahoma City,11,auto,0,1,
2017,651,South Florida,Stockton,11,at-large,0,1,
2017,175,Dayton,Oklahoma City,12,auto,0,1,
2017,540,Penn,Bridgeport,12,auto,0,1,
2017,562,Quinnipiac,Stockton,12,auto,2,1,
2017,772,Western Ky.,Lexington,12,auto,0,1,
2017,14927,Belmont,Lexington,13,auto,0,1,
2017,66,Boise St.,Bridgeport,13,auto,0,1,
2017,693,Chattanooga,Oklahoma City,13,auto,0,1,
2017,28755,FGCU,Stockton,13,auto,0,1,
2017,83,Bucknell,Bridgeport,14,auto,0,1,
2017,1004,Central Arkansas,Lexington,14,auto,0,1,
2017,440,Montana St.,Oklahoma City,14,auto,0,1,
2017,771,Western Ill.,Stockton,14,auto,0,1,
2017,270,Hampton,Bridgeport,15,auto,0,1,
2017,99,Long Beach St.,Stockton,15,auto,0,1,
2017,472,New Mexico St.,Lexington,15,auto,0,1,
2017,716,Troy,Oklahoma City,15,auto,0,1,
2017,14,Albany,Bridgeport,16,auto,0,1,
2017,579,Robert Morris,Lexington,16,auto,0,1,
2017,699,Texas Southern,Oklahoma City,16,auto,0,1,
2017,456,UNC Asheville,Stockton,16,auto,0,1,
2018,367,Louisville,Lexington,1,auto,4,1,
2018,430,Mississippi St.,Kansas City,1,at-large,5,1,
2018,513,Notre Dame,Spokane,1,at-large,6,0,
2018,164,UConn,Albany,1,auto,4,1,
2018,51,Baylor,Lexington,2,auto,2,1,
2018,529,Oregon,Spokane,2,auto,3,1,
2018,648,South Carolina,Albany,2,auto,3,1,
2018,703,Texas,Kansas City,2,at-large,2,1,
2018,234,Florida St.,Albany,3,at-large,1,1,
2018,518,Ohio St.,Spokane,3,auto,1,1,
2018,694,Tennessee,Lexington,3,at-large,1,1,
2018,110,UCLA,Kansas City,3,at-large,2,1,
2018,257,Georgia,Albany,4,at-large,2,1,
2018,490,NC State,Kansas City,4,at-large,2,1,
2018,674,Stanford,Lexington,4,at-large,2,1,
2018,697,Texas A&M,Spokane,4,at-large,2,1,
2018,176,DePaul,Spokane,5,auto,1,1,
2018,193,Duke,Albany,5,at-large,2,1,
2018,392,Maryland,Kansas City,5,at-large,1,1,
2018,434,Missouri,Lexington,5,at-large,0,1,
2018,312,Iowa,Kansas City,6,at-large,0,1,
2018,365,LSU,Spokane,6,at-large,0,1,
2018,528,Oregon St.,Lexington,6,at-large,3,1,
2018,651,South Florida,Albany,6,at-large,0,1,
2018,28,Arizona St.,Kansas City,7,at-large,1,1,
2018,107,California,Albany,7,at-large,0,1,
2018,794,Green Bay,Spokane,7,auto,0,1,
2018,418,Michigan,Lexington,7,at-large,1,1,
2018,387,Marquette,Lexington,8,at-large,1,1,
2018,415,Miami (FL),Albany,8,at-large,0,1,
2018,688,Syracuse,Kansas City,8,at-large,0,1,
2018,175,Dayton,Lexington,9,at-large,0,1,
2018,521,Oklahoma St.,Kansas City,9,at-large,1,1,
2018,562,Quinnipiac,Albany,9,auto,2,1,
2018,739,Villanova,Spokane,9,at-large,1,1,
2018,428,Minnesota,Spokane,10,at-large,1,1,
2018,463,Nebraska,Kansas City,10,at-large,0,1,
2018,502,Northern Colo.,Lexington,10,auto,0,1,
2018,746,Virginia,Albany,10,at-large,1,1,
2018,86,Buffalo,Albany,11,auto,2,1,
2018,129,Central Mich.,Spokane,11,auto,2,1,
2018,169,Creighton,Kansas City,11,at-large,1,1,
2018,772,Western Ky.,Lexington,11,auto,0,1,
2018,14927,Belmont,Albany,12,auto,0,1,
2018,28755,FGCU,Lexington,12,auto,1,1,
2018,522,Oklahoma,Spokane,12,at-large,0,1,
2018,554,Princeton,Kansas City,12,auto,0,1,
2018,649,South Dakota St.,Spokane,8,auto,0,1,
2018,189,Drake,Spokane,13,auto,0,1,
2018,1068,Elon,Kansas City,13,auto,0,1,
2018,260,Gonzaga,Lexington,13,auto,0,1,
2018,406,Mercer,Albany,13,auto,0,1,
2018,23,American,Kansas City,14,auto,0,1,
2018,249,George Washington,Spokane,14,auto,0,1,
2018,355,Liberty,Lexington,14,auto,0,1,
2018,32,Little Rock,Albany,14,auto,0,1,
2018,261,Grambling,Lexington,15,auto,0,1,
2018,380,Maine,Kansas City,15,auto,0,1,
2018,488,NC A&T,Albany,15,auto,0,1,
2018,1356,Seattle,Spokane,15,auto,0,1,
2018,66,Boise St.,Lexington,16,auto,0,1,
2018,101,CSUN,Spokane,16,auto,0,1,
2018,483,Nicholls St.,Kansas City,16,auto,0,1,
2018,600,Saint Francis (PA),Albany,16,auto,3,1,
2019,2,Abilene Christian,Greensboro,16,auto,0,1,
2019,28,Arizona St.,Portland,5,at-large,2,1,
2019,37,Auburn,Chicago,10,at-large,0,1,
2019,51,Baylor,Greensboro,1,auto,6,0,
2019,14927,Belmont,Greensboro,13,auto,0,1,3/22/19
2019,61,Bethune-Cookman,Chicago,16,auto,0,1,
2019,66,Boise St.,Albany,13,auto,0,1,
2019,83,Bucknell,Greensboro,12,auto,0,1,
2019,86,Buffalo,Albany,10,auto,1,1,
2019,77,BYU,Chicago,7,auto,1,1,
2019,107,California,Greensboro,8,at-large,1,1,
2019,129,Central Mich.,Chicago,8,at-large,0,1,
2019,147,Clemson,Portland,9,at-large,1,1,
2019,176,DePaul,Chicago,6,auto,0,1,
2019,189,Drake,Greensboro,10,at-large,0,1,
2019,28755,FGCU,Portland,13,auto,0,1,
2019,234,Florida St.,Greensboro,5,at-large,1,1,
2019,236,Fordham,Portland,14,auto,0,1,
2019,260,Gonzaga,Albany,5,at-large,1,1,
2019,306,Indiana,Portland,10,at-large,1,1,
2019,312,Iowa,Greensboro,2,auto,3,1,3/22/19
2019,311,Iowa St.,Chicago,3,at-large,1,1,
2019,327,Kansas St.,Albany,9,at-large,0,1,
2019,334,Kentucky,Greensboro,6,at-large,1,1,
2019,32,Little Rock,Albany,12,auto,0,1,
2019,367,Louisville,Albany,1,at-large,3,1,3/22/19
2019,380,Maine,Greensboro,14,auto,0,1,
2019,387,Marquette,Chicago,5,at-large,1,1,3/22/19
2019,392,Maryland,Albany,3,at-large,1,1,
2019,406,Mercer,Greensboro,15,auto,0,1,3/22/19
2019,415,Miami (FL),Portland,4,at-large,1,1,
2019,418,Michigan,Albany,8,at-large,1,1,
2019,416,Michigan St.,Chicago,9,at-large,1,1,
2019,430,Mississippi St.,Portland,1,auto,3,1,
2019,434,Missouri,Greensboro,7,at-large,1,1,
2019,669,Missouri St.,Chicago,11,auto,2,1,
2019,490,NC State,Greensboro,3,at-large,2,1,
2019,472,New Mexico St.,Chicago,14,auto,0,1,
2019,457,North Carolina,Greensboro,9,at-large,0,1,
2019,513,Notre Dame,Chicago,1,auto,5,1,
2019,529,Oregon,Portland,2,at-large,4,1,
2019,528,Oregon St.,Albany,4,at-large,2,1,
2019,550,Portland St.,Portland,15,auto,0,1,
2019,554,Princeton,Greensboro,11,auto,0,1,
2019,562,Quinnipiac,Portland,11,auto,0,1,
2019,563,Radford,Albany,14,auto,0,1,
2019,574,Rice,Chicago,12,auto,0,1,3/22/19
2019,579,Robert Morris,Albany,16,auto,0,1,3/22/19
2019,587,Rutgers,Albany,7,at-large,0,1,
2019,648,South Carolina,Greensboro,4,at-large,2,1,3/22/19
2019,650,South Dakota,Portland,8,at-large,0,1,
2019,649,South Dakota St.,Portland,6,auto,2,1,
2019,665,Southern U.,Portland,16,auto,0,1,
2019,674,Stanford,Chicago,2,auto,3,1,
2019,688,Syracuse,Portland,3,at-large,1,1,
2019,694,Tennessee,Albany,11,at-large,0,1,
2019,703,Texas,Portland,7,at-large,0,1,
2019,697,Texas A&M,Chicago,4,at-large,2,1,
2019,711,Towson,Albany,15,auto,0,1,
2019,108,UC Davis,Chicago,15,auto,0,1,
2019,128,UCF,Portland,12,at-large,0,1,
2019,110,UCLA,Albany,6,at-large,2,1,
2019,164,UConn,Albany,2,auto,4,1,
2019,810,Wright St.,Chicago,13,auto,0,1,