rank,program,network,time,duration,rating,viewers,date
1,TNT NCAA BSKBL CHP-PRFR2: IONA VS NORTH CAROLINA,TURNER NETWORK TELEVISION,9:21 PM,130,1.04,"3,013",3/22/19
2,TBS NCAA BSKBL CHP-DYFR2: OREGON VS WISCONSIN,TBS NETWORK,4:35 PM,145,0.85,"2,750",3/22/19
3,TBS NCAA BSKBL CHP-PRFR2: OHIO ST VS IOWA ST,TBS NETWORK,9:38 PM,139,0.81,"2,606",3/22/19
4,TNT NCAA BSKBL CHP-PRFR1: WASHINGTON VS UTAH ST,TURNER NETWORK TELEVISION,6:40 PM,145,0.61,"1,784",3/22/19
5,TRU NCAA BSKBL CHP-PRFR1: LIBERTY VS MISSISSIPPI ST,TRUTV,7:32 PM,144,0.49,"1,533",3/22/19
6,TNT NCAA BSK CHP-BRG-PRFR,TURNER NETWORK TELEVISION,9:05 PM,16,0.44,"1,330",3/22/19
7,GOLD RUSH: SPECIAL,DISCOVERY CHANNEL,9:00 PM,60,0.44,"1,892",3/22/19
8,TBS NCAA BSKBL CHP-PRFR1: GEORGIA ST VS HOUSTON,TBS NETWORK,7:07 PM,137,0.4,"1,187",3/22/19
9,TNT NCAA BSKBL CHP-DYFR2: ARIZONA ST VS BUFFALO,TURNER NETWORK TELEVISION,4:02 PM,158,0.37,"1,121",3/22/19
10,SELECCION MEXICO FRI: MEXICO / CHILE,UNIVISION DEPORTES,10:00 PM,142,0.35,835,3/22/19
11,TRU NCAA BSKBL CHP-PRFR2: SAINT LOUIS VS VIRGINIA TECH,TRUTV,10:21 PM,138,0.32,891,3/22/19
12,TRU NCAA BSK CHP-BRG-PRFR,TRUTV,9:56 PM,25,0.32,"1,006",3/22/19
13,GOLD RUSH:WHITE WATER SPC,DISCOVERY CHANNEL,10:00 PM,62,0.32,"1,297",3/22/19
14,TBS NCAA BSK CHP-BRG-PRFR,TBS NETWORK,9:24 PM,14,0.31,941,3/22/19
15,TRU NCAA BSKBL CHP-DYFR2: GARDNER-WEBB VS VIRGINIA,TRUTV,3:05 PM,135,0.31,"1,164",3/22/19
16,TBS NCAA BSKBL CHP-DYFR1: UC IRVINE VS KANSAS ST,TBS NETWORK,1:51 PM,147,0.31,"1,046",3/22/19
17,TBS NCAA BSK CHP-BRG-DYFR,TBS NETWORK,4:18 PM,17,0.31,998,3/22/19
18,TUCKER CARLSON TONIGHT,FOX NEWS CHANNEL,8:00 PM,60,0.3,"3,199",3/22/19
19,RACHEL MADDOW SHOW,MSNBC,9:00 PM,60,0.3,"2,904",3/22/19
20,"DINERS, DRIVE INS & DIVES",FOOD NETWORK,9:00 PM,30,0.29,"1,087",3/22/19
21,RIDICULOUSNESS SSN13,MTV,8:00 PM,31,0.29,612,3/22/19
22,MY LOTTERY DREAM HOME,HOME AND GARDEN TV,9:00 PM,30,0.28,"1,635",3/22/19
23,REAL TIME WITH BILL MAHER,HBO PRIME,10:00 PM,57,0.27,"1,505",3/22/19
24,HANNITY,FOX NEWS CHANNEL,9:00 PM,60,0.23,"3,132",3/22/19
25,ANDERSON COOPER 360,CNN,8:00 PM,60,0.22,"1,056",3/22/19
26,LAST WORD W/ L. ODONNELL,MSNBC,10:00 PM,60,0.21,"1,969",3/22/19
27,SPORTSCENTER 12AM  L,ESPN,12:30 AM,90,0.21,459,3/22/19
28,SITUATION ROOM,CNN,6:00 PM,60,0.2,968,3/22/19
29,SPORTSCENTER AM      L,ESPN,7:00 AM,60,0.2,440,3/22/19
30,SECRETS OF THE MORGUE,INVESTIGATION DISCOVERY,11:00 PM,60,0.2,886,3/22/19
31,MAMA JUNE FROM NOT TO HOT,WETV,9:00 PM,60,0.19,672,3/22/19
32,SPECIAL RPT W/BRET BAIER,FOX NEWS CHANNEL,6:00 PM,60,0.19,"2,163",3/22/19
33,ERIN BURNETT OUTFRONT,CNN,7:00 PM,60,0.19,938,3/22/19
34,HARDBALL WITH C. MATTHEWS,MSNBC,7:00 PM,60,0.19,"1,778",3/22/19
35,"INGRAHAM ANGLE, THE",FOX NEWS CHANNEL,10:00 PM,60,0.19,"2,434",3/22/19
36,ANCIENT ALIENS AC,HISTORY,9:02 PM,61,0.19,958,3/22/19
37,FIRST TAKE   L: N/A,ESPN,10:00 AM,120,0.19,450,3/22/19
38,ALL IN W/ CHRIS HAYES,MSNBC,8:00 PM,60,0.18,"1,828",3/22/19
39,SITUATION ROOM,CNN,5:00 PM,60,0.18,"1,036",3/22/19
40,ANCIENT ALIENS AC,HISTORY,12:03 AM,60,0.18,724,3/22/19
41,"OFFICE, THE",NICK-AT-NITE,10:30 PM,30,0.18,507,3/22/19
42,SPECIAL RPT W/BRET BAIER,FOX NEWS CHANNEL,5:18 PM,42,0.18,"2,361",3/22/19
43,GHOST ADV REPACK: HISTORIC HAUNTINGS,TRAVEL CHANNEL,9:00 PM,120,0.18,471,3/22/19
44,"STORY, THE",FOX NEWS CHANNEL,7:00 PM,60,0.18,"1,870",3/22/19
45,TNT NCAA BSKBL CHP-DYFR1: NORTHERN KY VS TEXAS TECH,TURNER NETWORK TELEVISION,1:22 PM,145,0.18,600,3/22/19
46,BLAZE & THE MONSTER MCHNS,NICKELODEON,12:00 PM,30,0.18,814,3/22/19
47,"OFFICE, THE",NICK-AT-NITE,10:00 PM,30,0.17,579,3/22/19
48,BEAT W/ARI MELBER,MSNBC,6:00 PM,60,0.17,"1,970",3/22/19
49,SECRETS OF THE MORGUE,INVESTIGATION DISCOVERY,10:00 PM,60,0.17,862,3/22/19
50,GET UP   L: N/A,ESPN,8:00 AM,120,0.17,423,3/22/19
51,"FIVE, THE",FOX NEWS CHANNEL,5:00 PM,18,0.17,"2,205",3/22/19
52,ANDERSON COOPER 360,CNN,9:00 PM,60,0.17,891,3/22/19
53,TRU NCAA BSK POST GAME-FR,TRUTV,12:43 AM,56,0.16,446,3/22/19
54,MY 600-LB LIFE: SUPER SIZ: N/A,TLC,10:00 PM,120,0.16,588,3/22/19
55,DONT BE TARDY,BRAVO,9:00 PM,30,0.16,552,3/22/19
56,SPORTSCENTER MORNING    L,ESPN,2:00 AM,60,0.16,350,3/22/19
57,SPORTSCENTER AM      L,ESPN,12:00 PM,60,0.16,314,3/22/19
58,ANCIENT ALIENS AC,HISTORY,8:00 PM,60,0.15,863,3/22/19
59,11TH HOUR W/B. WILLIAMS,MSNBC,11:00 PM,60,0.15,"1,537",3/22/19
60,TRU NCAA BSKBL CHP-DYFR1: OKLAHOMA VS OLE MISS,TRUTV,12:34 PM,135,0.15,597,3/22/19
61,ELEAGUE,TBS NETWORK,12:35 AM,60,0.15,350,3/22/19
62,FOX NEWS AT NIGHT,FOX NEWS CHANNEL,11:00 PM,60,0.14,"1,308",3/22/19
63,CNN TONIGHT,CNN,10:00 PM,60,0.14,886,3/22/19
64,CONTACTO DEPORTIVO L,UNIVISION DEPORTES,12:22 AM,60,0.14,299,3/22/19
65,ANCIENT ALIENS AC,HISTORY,1:05 AM,61,0.14,634,3/22/19
66,THIS IS NOT HAPPENING,COMEDY CENTRAL,11:00 PM,30,0.14,289,3/22/19
67,FOX AND FRIENDS,FOX NEWS CHANNEL,8:00 AM,60,0.14,"1,657",3/22/19
68,FOX AND FRIENDS,FOX NEWS CHANNEL,7:00 AM,60,0.14,"1,342",3/22/19
69,MTP DAILY,MSNBC,5:00 PM,60,0.13,"1,718",3/22/19
70,CNN TONIGHT,CNN,11:00 PM,60,0.13,667,3/22/19
71,MY 600-LB LIFE: SUPER SIZ: N/A,TLC,8:00 PM,120,0.13,584,3/22/19
72,CNN NEWSROOM,CNN,3:00 PM,60,0.13,657,3/22/19
73,FUTBOL CENTRAL FRI,UNIVISION DEPORTES,9:30 PM,30,0.12,257,3/22/19
74,ANIMAL CRIBS,ANIMAL PLANET,9:00 PM,61,0.12,523,3/22/19
75,LEAD WITH JAKE TAPPER,CNN,4:00 PM,60,0.12,631,3/22/19
76,FOX AND FRIENDS,FOX NEWS CHANNEL,6:00 AM,60,0.12,"1,021",3/22/19
77,TNT NCAA BSK CHP-BRG-DYFR,TURNER NETWORK TELEVISION,3:47 PM,15,0.12,419,3/22/19
78,AMERICAS NEWSROOM,FOX NEWS CHANNEL,11:00 AM,60,0.11,"1,363",3/22/19
79,COLLEGE WRESTLING   L: NCAA WRSTLNG CHAMPIONSHIP,ESPN,8:00 PM,178,0.11,407,3/22/19
80,CNN NEWSROOM,CNN,9:00 AM,60,0.11,661,3/22/19
81,OUTNUMBERED,FOX NEWS CHANNEL,12:00 PM,60,0.11,"1,370",3/22/19
82,AMERICAS NEWSROOM,FOX NEWS CHANNEL,10:00 AM,60,0.11,"1,429",3/22/19
83,MORNING JOE: N/A,MSNBC,6:00 AM,180,0.11,"1,084",3/22/19
84,SYDNEY TO THE MAX,DISNEY CHANNEL,8:30 PM,30,0.11,517,3/22/19
85,AMERICAS NEWSROOM,FOX NEWS CHANNEL,9:00 AM,60,0.11,"1,527",3/22/19
86,CNN NEWSROOM,CNN,2:00 PM,60,0.11,613,3/22/19
87,DEADLINE:WHITE HOUSE,MSNBC,4:00 PM,60,0.1,"1,388",3/22/19
88,SPORTSCENTER LATE       L,ESPN,10:58 PM,92,0.1,233,3/22/19
89,AT THIS HOUR,CNN,11:00 AM,60,0.1,652,3/22/19
90,INSIDE POLITICS,CNN,12:00 PM,60,0.1,604,3/22/19
91,OTL – FIRST REPORT   L,ESPN,1:00 PM,30,0.09,201,3/22/19
92,FUTBOL CENTRAL L,UNIVISION DEPORTES,9:00 PM,30,0.09,201,3/22/19
93,OUTNUMBERED OVERTIME,FOX NEWS CHANNEL,1:00 PM,60,0.09,"1,172",3/22/19
94,CNN NEWSROOM,CNN,10:00 AM,60,0.09,692,3/22/19
95,BRIDEZILLAS,WETV,10:00 PM,60,0.09,286,3/22/19
96,NEW DAY,CNN,8:00 AM,60,0.09,568,3/22/19
97,YOUR WORLD W/NEIL CAVUTO,FOX NEWS CHANNEL,4:00 PM,60,0.09,"1,050",3/22/19
98,TEXAS FLIP AND MOVE,DIY NETWORK,9:00 PM,60,0.09,375,3/22/19
99,DAILY BRIEFING W/D.PERINO,FOX NEWS CHANNEL,2:00 PM,60,0.09,"1,136",3/22/19
100,GIGANTOSAURUS,DISNEY CHANNEL,9:00 AM,25,0.09,417,3/22/19
101,E! NEWS,E!,7:00 PM,60,0.09,272,3/22/19
102,SHEPARD SMITH REPORTING,FOX NEWS CHANNEL,3:00 PM,60,0.09,"1,117",3/22/19
103,SPORTSCENTER SPECIAL   L,ESPN,6:00 PM,60,0.09,205,3/22/19
104,SPORTSCENTER AM      L,ESPN2,9:00 AM,60,0.09,204,3/22/19
105,MOVIE- LMN ACQUIRED PREM: NIGHTMARE TENANT,LIFETIME MOVIE NETWORK,8:00 PM,120,0.08,536,3/22/19
106,CNN RIGHT NOW,CNN,1:00 PM,60,0.08,579,3/22/19
107,MSNBC LIVE W/ C.MELVIN,MSNBC,11:00 AM,60,0.08,891,3/22/19
108,PUPPY DOG PALS,DISNEY CHANNEL,9:30 AM,25,0.08,413,3/22/19
109,PJ MASKS,DISNEY CHANNEL,10:00 AM,25,0.08,371,3/22/19
110,DATELINE: SECRETS UNCOVRD: 612 DEADLY TWIST,OXYGEN MEDIA,7:00 PM,120,0.08,334,3/22/19
111,MSNBC LIVE W/ H.JACKSON,MSNBC,10:00 AM,60,0.08,"1,035",3/22/19
112,NBA REGULAR SEASON   L: OKLAHOMA CITY/TORONTO,NBA-TV,7:32 PM,177,0.08,223,3/22/19
113,NEW DAY,CNN,7:00 AM,60,0.08,466,3/22/19
114,MSNBC LIVE W/ S.RUHLE,MSNBC,9:00 AM,60,0.08,"1,099",3/22/19
115,NBA: THE JUMP L,ESPN,3:00 PM,90,0.08,185,3/22/19
116,VAMPIRINA,DISNEY CHANNEL,10:30 AM,25,0.08,365,3/22/19
117,LAW & ORDER,SUNDANCE TV,12:00 AM,60,0.07,307,3/22/19
118,MSNBC LIVE W/ A.VELSHI,MSNBC,3:00 PM,60,0.07,959,3/22/19
119,NFL LIVE                L,ESPN,1:30 PM,90,0.07,197,3/22/19
120,TRU NCAA BSK CHP-BRG-DYFR,TRUTV,2:49 PM,16,0.07,409,3/22/19
121,BELLATOR MMA LIVE: 218,PARAMOUNT,9:00 PM,127,0.07,255,3/22/19
122,LAW & ORDER,SUNDANCE TV,1:00 AM,60,0.07,265,3/22/19
123,TNT RD TO FNL FOUR- FRI,TURNER NETWORK TELEVISION,1:00 PM,22,0.07,236,3/22/19
124,E! NEWS: DAILY POP I,E!,12:00 PM,60,0.07,137,3/22/19
125,ANDREA MITCHELL REPORTS,MSNBC,12:00 PM,60,0.07,891,3/22/19
126,UNDISPUTED L: 634,FOX SPORTS 1,9:30 AM,150,0.07,157,3/22/19
127,TRU NCAA BK CHP-PRE-PRFR,TRUTV,7:00 PM,32,0.07,229,3/22/19
128,GET UP: N/A,ESPN2,10:00 AM,120,0.07,143,3/22/19
129,NEW DAY,CNN,6:00 AM,60,0.07,398,3/22/19
130,MSNBC LIVE W/VELSHI&RUHLE,MSNBC,1:00 PM,60,0.06,889,3/22/19
131,SPORTSCENTER SPECIAL   L,ESPN,7:00 PM,60,0.06,185,3/22/19
132,TBS RD TO FNL FOUR- FRI,TBS NETWORK,1:30 PM,21,0.06,144,3/22/19
133,LAW & ORDER,SUNDANCE TV,10:00 PM,60,0.06,311,3/22/19
134,VICE NEWS TONIGHT,HBO PRIME,7:33 PM,26,0.06,285,3/22/19
135,MSNBC LIVE W/K.TUR,MSNBC,2:00 PM,60,0.06,886,3/22/19
136,OUT FOR BLOOD IN SILICON,HBO PRIME,5:30 PM,119,0.06,204,3/22/19
137,LAW & ORDER,SUNDANCE TV,11:00 PM,60,0.06,283,3/22/19
138,SPONGEBOB,NICKTOONS,11:00 PM,30,0.06,224,3/22/19
139,MORNING EXPRESS W/ MEADE,HLN,7:00 AM,60,0.05,249,3/22/19
140,SPRING BAKING CHAMPION,COOKING CHANNEL,10:00 PM,60,0.05,187,3/22/19
141,KNIGHT AND DAY,HBO PRIME,3:40 PM,110,0.05,152,3/22/19
142,ENTRAPMENT,HBO PRIME,8:00 PM,113,0.05,254,3/22/19
143,AMHQ,THE WEATHER CHANNEL,6:00 AM,60,0.05,224,3/22/19
144,AMERICA SAYS,GSN,9:00 PM,30,0.05,498,3/22/19
145,SPORTSCENTER AM      L,ESPN2,8:00 AM,60,0.05,128,3/22/19
146,AMHQ,THE WEATHER CHANNEL,7:00 AM,60,0.05,239,3/22/19
147,LAW & ORDER,SUNDANCE TV,8:00 PM,60,0.05,279,3/22/19
148,UFC UNLEASHED,ESPN2,12:00 AM,60,0.05,156,3/22/19
149,MORNING EXPRESS W/ MEADE,HLN,8:00 AM,60,0.05,215,3/22/19
150,LINEA DE CUATRO L,UNIVISION DEPORTES,8:00 PM,60,0.05,96,3/22/19
1,TBS NCAA BSKBL CHMP-SA-4: AUBURN VS KANSAS,TBS NETWORK,9:50 PM,132,1.51,"4,622",3/23/19
2,TNT NCAA BSKBL CHMP-SA-3: MURRAY ST VS FLORIDA ST,TURNER NETWORK TELEVISION,6:00 PM,136,0.75,"2,269",3/23/19
3,TNT NCAA BSKBL CHMP-SA-4: VILLANOVA VS PURDUE,TURNER NETWORK TELEVISION,8:32 PM,130,0.71,"2,271",3/23/19
4,TBS NCAA BSK CHP-BRG-PRSA,TBS NETWORK,9:33 PM,17,0.67,"2,481",3/23/19
5,TBS NCAA BSK POST GAME-SA,TBS NETWORK,12:07 AM,54,0.64,"1,681",3/23/19
6,TBS NCAA BSKBL CHMP-SA-3: BAYLOR VS GONZAGA,TBS NETWORK,7:00 PM,153,0.63,"2,509",3/23/19
7,"MEG, THE",HBO PRIME,8:00 PM,113,0.46,"1,660",3/23/19
8,TNT NCAA BSK CHP-BRG-PRSA,TURNER NETWORK TELEVISION,8:16 PM,16,0.44,"1,380",3/23/19
9,DRAGON BALL SUPER,ADULT SWIM,11:00 PM,30,0.41,895,3/23/19
10,ATLANTA CHILD MURDERS,INVESTIGATION DISCOVERY,10:00 PM,60,0.32,"1,230",3/23/19
11,COLLEGE GAMEDAY-BKBL    L,ESPN,11:00 AM,60,0.32,874,3/23/19
12,ATLANTA CHILD MURDERS,INVESTIGATION DISCOVERY,11:00 PM,60,0.3,"1,285",3/23/19
13,KIDS CHOICE AWARDS 2019,NICK-AT-NITE,9:00 PM,35,0.3,"1,295",3/23/19
14,SPORTSCENTER WEEKEND-AM L,ESPN,9:00 AM,60,0.29,727,3/23/19
15,SPORTSCENTER WEEKEND-AM L,ESPN,10:00 AM,60,0.28,734,3/23/19
16,BORUTO:NARUTO NEXT GEN,ADULT SWIM,11:30 PM,30,0.28,602,3/23/19
17,SPORTSCENTER WEEKEND-AM L,ESPN,8:00 AM,60,0.27,626,3/23/19
18,ATLANTA CHILD MURDERS,INVESTIGATION DISCOVERY,9:00 PM,60,0.27,"1,106",3/23/19
19,GHOST ADVENTURES,TRAVEL CHANNEL,9:00 PM,60,0.26,838,3/23/19
20,KIDS CHOICE AWARDS 2019,NICKELODEON,8:00 PM,60,0.26,"1,292",3/23/19
21,HENRY DANGER,NICKELODEON,7:30 PM,30,0.23,"1,313",3/23/19
22,KING OF QUEENS,NICK-AT-NITE,5:08 AM,26,0.23,517,3/23/19
23,HALL ORIGINAL MOVIE: LOVE TO THE RESCUE,HALLMARK CHANNEL,8:00 PM,120,0.23,"2,261",3/23/19
24,KING OF QUEENS,NICK-AT-NITE,5:34 AM,26,0.22,507,3/23/19
25,SPORTSCENTER WEEKEND-AM L,ESPN,7:00 AM,60,0.22,513,3/23/19
26,PIONEER WOMAN,FOOD NETWORK,10:00 AM,30,0.2,"1,206",3/23/19
27,ELENA OF AVALOR,DISNEY JUNIOR,11:30 AM,25,0.2,712,3/23/19
28,SWORD ART OL:ALICIZATION,ADULT SWIM,12:30 AM,30,0.19,406,3/23/19
29,"KITCHEN AT FN, THE",FOOD NETWORK,11:00 AM,60,0.19,918,3/23/19
30,NIT TOURNAMENT  L: ARKANSAS/INDIANA,ESPN,12:00 PM,124,0.19,760,3/23/19
31,COLLEGE WRESTLING   L: NCAA WRSTLNG CHAMPIONSHIP,ESPN,7:00 PM,191,0.19,625,3/23/19
32,TRADING SPACES,TLC,8:00 PM,62,0.18,783,3/23/19
33,MEGALOBOX,ADULT SWIM,1:00 AM,30,0.18,378,3/23/19
34,GUYS RANCH KITCHEN,FOOD NETWORK,12:30 PM,30,0.18,819,3/23/19
35,CAVUTO LIVE,FOX NEWS CHANNEL,10:00 AM,60,0.18,"1,718",3/23/19
36,"MOVIE- ACQUIRED PREM: DAUGHTERS DECEPTION, A",LIFETIME TELEVISION,8:00 PM,121,0.17,886,3/23/19
37,FOX & FRIENDS SATURDAY,FOX NEWS CHANNEL,9:00 AM,60,0.17,"1,976",3/23/19
38,JOJOS ADV: DIAMOND UNBRK,ADULT SWIM,1:30 AM,30,0.17,357,3/23/19
39,"IYANLA, FIX MY LIFE",OPRAH WINFREY NETWORK,9:00 PM,60,0.16,602,3/23/19
40,COOP & CAMI ASK THE WORLD,DISNEY CHANNEL,10:30 AM,30,0.15,649,3/23/19
41,WHILE YOU WERE OUT,TLC,9:02 PM,61,0.15,699,3/23/19
42,TOTAL DRAMARAMA,THE CARTOON NETWORK,9:00 AM,30,0.15,564,3/23/19
43,PITBULLS AND PAROLEES,ANIMAL PLANET,9:00 PM,61,0.15,568,3/23/19
44,MUMMY DEAREST,AMC,12:50 AM,10,0.15,515,3/23/19
45,CAVUTO LIVE,FOX NEWS CHANNEL,11:00 AM,60,0.15,"1,583",3/23/19
46,MUMMY DEAREST: MUMMY: TOMB OF DRAGON EMP,AMC,1:00 AM,140,0.15,443,3/23/19
47,SPORTSCENTER MORNING    L,ESPN,2:00 AM,60,0.14,318,3/23/19
48,FOX & FRIENDS SATURDAY,FOX NEWS CHANNEL,8:00 AM,60,0.14,"1,709",3/23/19
49,"GREG GUTFELD SHOW, THE",FOX NEWS CHANNEL,10:00 PM,60,0.14,"1,865",3/23/19
50,BAKUGAN:BATTLE PLANET,THE CARTOON NETWORK,7:00 AM,30,0.14,291,3/23/19
51,MUELLER REPORT SPECIAL,FOX NEWS CHANNEL,9:00 PM,60,0.14,"1,808",3/23/19
52,BIZAARDVARK,DISNEY CHANNEL,10:00 AM,30,0.13,566,3/23/19
53,FOX & FRIENDS SATURDAY,FOX NEWS CHANNEL,7:00 AM,60,0.13,"1,332",3/23/19
54,"MEG, THE",HBO PRIME,12:20 AM,113,0.13,403,3/23/19
55,CNN NEWSROOM,CNN,2:00 PM,60,0.13,659,3/23/19
56,AMERICAS NEWS HQ,FOX NEWS CHANNEL,12:00 PM,60,0.13,"1,380",3/23/19
57,FAMILY OR FIANCE,OPRAH WINFREY NETWORK,10:00 PM,60,0.13,429,3/23/19
58,CNN NEWSROOM,CNN,1:00 PM,60,0.13,680,3/23/19
59,SPORTSCENTER 1AM        L,ESPN,1:00 AM,60,0.12,307,3/23/19
60,CNN NEWSROOM,CNN,12:00 PM,60,0.12,706,3/23/19
61,AMERICAS NEWS HQ,FOX NEWS CHANNEL,1:00 PM,60,0.12,"1,132",3/23/19
62,BEN 10 (2017),THE CARTOON NETWORK,12:00 PM,30,0.12,461,3/23/19
63,WATTERS WORLD,FOX NEWS CHANNEL,8:00 PM,60,0.12,"1,786",3/23/19
64,TOP RANK BOXING        L: RUBRAT PULEV/BOGDAN DINU,ESPN,10:11 PM,122,0.12,469,3/23/19
65,COMEDY CENTRAL MOVIE: BABY MAMA,COMEDY CENTRAL,4:45 PM,125,0.11,231,3/23/19
66,TNT NCAA BK CHP-PRE-SA,TURNER NETWORK TELEVISION,5:00 PM,60,0.11,397,3/23/19
67,AM JOY: N/A,MSNBC,10:00 AM,120,0.11,"1,203",3/23/19
68,SITUATION ROOM,CNN,11:00 AM,60,0.11,826,3/23/19
69,CNN NEWSROOM,CNN,3:00 PM,60,0.11,599,3/23/19
70,FOX REPORT WITH JON SCOTT,FOX NEWS CHANNEL,6:00 PM,60,0.11,"1,077",3/23/19
71,SKYSCRAPER,HBO PRIME,6:15 PM,102,0.11,365,3/23/19
72,THOMAS & FRIENDS,NICK JR,11:30 AM,30,0.11,496,3/23/19
73,BLAZE,NICK JR,11:00 AM,30,0.11,565,3/23/19
74,DESPICABLE ME,HBO PRIME,9:55 AM,95,0.11,259,3/23/19
75,SITUATION ROOM,CNN,10:00 AM,60,0.1,781,3/23/19
76,INCREDIBLE DR POL,NAT GEO WILD,9:00 PM,60,0.1,917,3/23/19
77,CNN NEWSROOM,CNN,9:00 PM,60,0.1,648,3/23/19
78,AAF FOOTBALL: APOLLOS/LEGENDS,TURNER NETWORK TELEVISION,2:00 PM,150,0.1,340,3/23/19
79,LIAR LIAR,HBO PRIME,11:30 AM,86,0.1,230,3/23/19
80,CNN NEWSROOM,CNN,5:00 PM,60,0.1,626,3/23/19
81,NEW DAY SATURDAY,CNN,8:00 AM,60,0.1,570,3/23/19
82,SMERCONISH,CNN,9:00 AM,60,0.1,711,3/23/19
83,PITCH PERFECT 3,HBO PRIME,12:56 PM,93,0.1,228,3/23/19
84,WEEKENDS WITH ALEX WITT: N/A,MSNBC,12:00 PM,120,0.09,887,3/23/19
85,FOX REPORT WITH JON SCOTT,FOX NEWS CHANNEL,7:00 PM,60,0.09,"1,147",3/23/19
86,"MOVIE- ACQUIRED PREM: DAUGHTERS DECEPTION, A",LIFETIME TELEVISION,12:01 AM,121,0.09,351,3/23/19
87,CNN NEWSROOM,CNN,4:00 PM,60,0.09,573,3/23/19
88,AMERICAS NEWS HQ,FOX NEWS CHANNEL,2:00 PM,60,0.09,922,3/23/19
89,COLD JUSTICE,OXYGEN MEDIA,6:00 PM,60,0.09,501,3/23/19
90,NEW DAY SATURDAY,CNN,7:00 AM,60,0.09,477,3/23/19
91,FOX & FRIENDS SATURDAY,FOX NEWS CHANNEL,6:00 AM,60,0.09,"1,017",3/23/19
92,AMERICAS NEWS HQ,FOX NEWS CHANNEL,5:00 PM,60,0.08,933,3/23/19
93,SPORTSCENTER 12AM  L,ESPN,12:13 AM,47,0.08,245,3/23/19
94,UEFA EUR QLF DT SAT: ESPANA / NORUEGA,UNIVISION DEPORTES,3:30 PM,135,0.08,209,3/23/19
95,DR POL COMPILATION,NAT GEO WILD,8:00 PM,60,0.08,745,3/23/19
96,CNN NEWSROOM,CNN,8:00 PM,60,0.08,657,3/23/19
97,SUPERCROSS: SEATTLE,NBC SPORTS NETWORK,10:00 PM,190,0.08,217,3/23/19
98,PARTIDO AMISTOSO L: AMERICA / ATLAS,UNIVISION DEPORTES,9:30 PM,124,0.08,170,3/23/19
99,NIT TOURNAMENT  L: LIPSCOMB/UNC GREENSBORO,ESPN,2:04 PM,124,0.08,274,3/23/19
100,SITUATION ROOM,CNN,6:00 PM,60,0.08,522,3/23/19
101,"ACCIDENT, SUICIDE, MURDER",OXYGEN MEDIA,7:00 PM,60,0.08,437,3/23/19
102,OUT FOR BLOOD IN SILICON,HBO PRIME,2:30 PM,119,0.08,226,3/23/19
103,WEEKEND RECHARGE,THE WEATHER CHANNEL,9:00 AM,60,0.08,286,3/23/19
104,UP WITH DAVID GURA: N/A,MSNBC,8:00 AM,120,0.07,747,3/23/19
105,SITUATION ROOM,CNN,7:00 PM,60,0.07,574,3/23/19
106,AMERICAS NEWS HQ,FOX NEWS CHANNEL,4:00 PM,60,0.07,792,3/23/19
107,FUTBOL CENTRAL (DT) SAT,UNIVISION DEPORTES,3:00 PM,30,0.07,168,3/23/19
108,JOURNAL EDITORIAL REPORT,FOX NEWS CHANNEL,3:00 PM,60,0.07,870,3/23/19
109,NEW DAY SATURDAY,CNN,6:00 AM,60,0.07,475,3/23/19
110,MILO MURPHYS LAW,DISNEY CHANNEL,7:00 AM,30,0.07,325,3/23/19
111,ALIEN NEWS DESK,SYFY,11:00 PM,30,0.07,177,3/23/19
112,AAF REGULAR SEASON: 2019 WK 7: SL VS. SA,NFL NETWORK,8:00 PM,164,0.07,237,3/23/19
113,WOLFMAN THE,HBO PRIME,4:30 PM,102,0.07,193,3/23/19
114,DR. POL: DEJA MOO!,NAT GEO WILD,10:00 PM,60,0.06,612,3/23/19
115,WEEKEND EXPRESS,HLN,7:00 AM,60,0.06,210,3/23/19
116,TECH GARAGE,MOTOR TREND,9:30 AM,30,0.06,256,3/23/19
117,MSNBC LIVE W/ K. GIBSON,MSNBC,2:00 PM,60,0.06,705,3/23/19
118,SPORTSCENTER EARLY      L,ESPN,5:56 PM,64,0.06,166,3/23/19
119,PAID PROGRAM,USA NETWORK,7:00 AM,30,0.06,205,3/23/19
120,NASCAR M.E. CUP QUALIFY L,FOX SPORTS 1,5:00 PM,60,0.06,415,3/23/19
121,WEEKENDS WITH ALEX WITT,MSNBC,7:00 AM,60,0.06,502,3/23/19
122,CNN NEWSROOM LIVE,CNN,5:00 AM,60,0.06,341,3/23/19
123,COLL SOFTBALL REG SSN   L,ESPN,4:08 PM,108,0.06,243,3/23/19
124,SESAME STREET,HBO PRIME,9:00 AM,26,0.06,146,3/23/19
125,AMHQ WEEKEND,THE WEATHER CHANNEL,8:00 AM,60,0.05,250,3/23/19
126,NBA REGULAR SEASON   L: DETROIT/PORTLAND,NBA-TV,10:04 PM,151,0.05,176,3/23/19
127,MSNBC LIVE WKND EDITION,MSNBC,7:00 PM,60,0.05,680,3/23/19
128,JUPITER ASCENDING: JUPITER ASCENDING,HBO PRIME,3:15 AM,128,0.05,180,3/23/19
129,KIDS CHOICE AWARDS 2019,NICK JR,8:00 PM,95,0.05,260,3/23/19
130,MSNBC LIVE WKND EDITION,MSNBC,6:00 PM,60,0.05,595,3/23/19
131,WEEKEND RECHARGE,THE WEATHER CHANNEL,10:00 AM,60,0.05,240,3/23/19
132,WMNS NCAA BKBL CHAMP L: VARIOUS TEAMS/TIMES,ESPN2,11:00 AM,131,0.05,320,3/23/19
133,AUTOBIOGRAPHY,MOTOR TREND,9:00 PM,60,0.05,316,3/23/19
134,SPORTSCENTER LATE       L,ESPN2,11:00 PM,60,0.05,144,3/23/19
135,MSNBC LIVE WKND EDITION: THE MUELLER REPORT,MSNBC,3:00 PM,120,0.05,679,3/23/19
136,HENRY DANGER,TEENNICK,7:30 PM,30,0.05,224,3/23/19
137,MSNBC LIVE WKND EDITION,MSNBC,6:00 AM,60,0.05,362,3/23/19
138,NBA POSTGAME SHOW,NBA-TV,12:35 AM,58,0.05,146,3/23/19
139,WMNS COLL GYMNASTICS L,ESPN2,8:05 PM,115,0.05,198,3/23/19
140,GREAT BEAR STAKEOUT,BBC-AMERICA,9:00 PM,70,0.05,223,3/23/19
141,POKEMON: S22 ULTRA LEGEND,DISNEY XD,9:00 AM,30,0.05,177,3/23/19
142,RUSTIC REMODEL,A&E NETWORK,11:00 AM,60,0.05,196,3/23/19
143,WMNS NCAA BKBL CHAMP L: VARIOUS TEAMS/TIMES,ESPN2,5:43 PM,142,0.05,353,3/23/19
144,WMNS NCAA BKBL CHAMP L: VARIOUS TEAMS/TIMES,ESPN2,1:11 PM,140,0.05,322,3/23/19
145,WEEKEND EXPRESS,HLN,9:00 AM,60,0.04,227,3/23/19
146,IRON CHEF AMERICA,COOKING CHANNEL,9:00 PM,60,0.04,155,3/23/19
147,PGA TOUR,GOLF CHANNEL,1:00 PM,115,0.04,478,3/23/19
148,WEEKEND EXPRESS,HLN,8:00 AM,60,0.04,202,3/23/19
149,HOT 20 COUNTDOWN: N/A,CMT,9:00 AM,180,0.04,165,3/23/19
150,POLITICS NATION,MSNBC,5:00 PM,60,0.04,567,3/23/19
1,WALKING DEAD,AMC,9:00 PM,85,1.48,"4,152",3/24/19
2,TNT NCAA BSKBL CHMP-SU-4: OHIO ST VS HOUSTON,TURNER NETWORK TELEVISION,8:48 PM,142,1.14,"3,565",3/24/19
3,TBS NCAA BSKBL CHMP-SU-4: UC IRVINE VS OREGON,TBS NETWORK,9:34 PM,132,0.94,"2,695",3/24/19
4,TBS NCAA BSKBL CHMP-SU-3: LIBERTY VS VA TECH,TBS NETWORK,7:00 PM,133,0.94,"2,747",3/24/19
5,TBS NCAA BSK CHP-BRG-PRSU,TBS NETWORK,9:16 PM,18,0.77,"2,131",3/24/19
6,REAL HOUSEWIVES ATLANTA,BRAVO,8:00 PM,60,0.75,"2,049",3/24/19
7,TNT NCAA BSK CHP-BRG-PRSU,TURNER NETWORK TELEVISION,8:28 PM,20,0.6,"1,986",3/24/19
8,TRU NCAA BSKBL CHMP-SU-4: OKLAHOMA VS VIRGINIA,TRUTV,7:48 PM,133,0.55,"1,859",3/24/19
9,TNT NCAA BSKBL CHMP-SU-3: BUFFALO VS TEXAS TECH,TURNER NETWORK TELEVISION,6:00 PM,144,0.53,"1,697",3/24/19
10,TBS NCAA BSK POST GAME-SU,TBS NETWORK,11:51 PM,54,0.44,"1,119",3/24/19
11,BUDDY VS DUFF,FOOD NETWORK,9:00 PM,60,0.43,"1,492",3/24/19
12,INTO THE BADLANDS,AMC,10:25 PM,62,0.42,"1,249",3/24/19
13,NAKED AND AFRAID: N/A,DISCOVERY CHANNEL,8:00 PM,122,0.42,"1,568",3/24/19
14,ALASKAN BUSH PEOPLE,DISCOVERY CHANNEL,10:02 PM,61,0.41,"1,859",3/24/19
15,NASCAR M.E. CUP RACING L: MARTINSVILLE,FOX SPORTS 1,2:00 PM,240,0.36,"2,455",3/24/19
16,TALKING DEAD,AMC,11:27 PM,60,0.33,"1,010",3/24/19
17,HOT STREETS,ADULT SWIM,12:00 AM,15,0.32,669,3/24/19
18,RIDICULOUSNESS SSN13,MTV,8:31 PM,31,0.31,748,3/24/19
19,"MEG, THE",HBO PRIME,7:00 PM,113,0.31,830,3/24/19
20,SISTER WIVES: N/A,TLC,8:00 PM,120,0.31,"1,389",3/24/19
21,CARIBBEAN LIFE,HOME AND GARDEN TV,9:00 PM,30,0.3,"1,364",3/24/19
22,CARIBBEAN LIFE,HOME AND GARDEN TV,9:30 PM,30,0.3,"1,321",3/24/19
23,MARRIED TO MEDICINE LA,BRAVO,9:00 PM,60,0.3,960,3/24/19
24,RIDICULOUSNESS SSN13,MTV,8:00 PM,31,0.29,674,3/24/19
25,COLLEGE GAMEDAY-BKBL    L,ESPN,11:00 AM,60,0.28,739,3/24/19
26,BAR RESCUE,PARAMOUNT,10:00 PM,61,0.27,599,3/24/19
27,HOT STREETS,ADULT SWIM,12:15 AM,15,0.27,584,3/24/19
28,ON THE CASE WITH PZ,INVESTIGATION DISCOVERY,10:00 PM,60,0.27,"1,205",3/24/19
29,HOW CLOSE CAN I BEACH,HOME AND GARDEN TV,8:30 PM,30,0.26,"1,267",3/24/19
30,MEDITERRANEAN LIFE,HOME AND GARDEN TV,10:00 PM,30,0.26,"1,334",3/24/19
31,MEDITERRANEAN LIFE,HOME AND GARDEN TV,10:30 PM,30,0.26,"1,329",3/24/19
32,SEEKING SISTER WIFE,TLC,10:00 PM,61,0.26,910,3/24/19
33,WICKED TUNA,NATIONAL GEOGRAPHIC,9:00 PM,60,0.25,875,3/24/19
34,EVIL LIVES HERE,INVESTIGATION DISCOVERY,9:00 PM,60,0.25,"1,233",3/24/19
35,HOW CLOSE CAN I BEACH,HOME AND GARDEN TV,8:00 PM,30,0.25,"1,258",3/24/19
36,SPORTSCENTER WEEKEND-AM L,ESPN,8:00 AM,60,0.23,640,3/24/19
37,TOTAL BELLAS,E!,9:00 PM,59,0.23,448,3/24/19
38,SPORTSCENTER WEEKEND-AM L,ESPN,10:00 AM,60,0.22,627,3/24/19
39,"OFFICE, THE",NICK-AT-NITE,10:30 PM,30,0.21,468,3/24/19
40,TACOMA FD,TRUTV,10:05 PM,30,0.2,491,3/24/19
41,WATCH WHAT HAPPENS LIVE,BRAVO,10:00 PM,30,0.19,656,3/24/19
42,"OFFICE, THE",NICK-AT-NITE,10:00 PM,30,0.18,462,3/24/19
43,CNN NEWSROOM,CNN,4:00 PM,60,0.18,"1,087",3/24/19
44,"NEXT REVOLUTION, THE",FOX NEWS CHANNEL,9:00 PM,60,0.18,"2,019",3/24/19
45,VERY CAVALLARI,E!,10:00 PM,60,0.18,349,3/24/19
46,MUELLER REPORT SPECIAL,FOX NEWS CHANNEL,4:00 PM,60,0.18,"2,177",3/24/19
47,TRU RD TO FNL 4-SUN-1,TRUTV,7:30 PM,18,0.18,602,3/24/19
48,SPORTSCENTER WEEKEND-AM L,ESPN,7:00 AM,60,0.17,467,3/24/19
49,E:60,ESPN,9:00 AM,60,0.17,513,3/24/19
50,EXP UNKNOWN REPACK: SECRETS OF SUNKEN SHIPS,TRAVEL CHANNEL,8:00 PM,120,0.17,651,3/24/19
51,BILLIONS S4,SHOWTIME PRIME,9:04 PM,55,0.16,790,3/24/19
52,MUELLER REPORT SPECIAL,FOX NEWS CHANNEL,10:00 PM,60,0.16,"1,713",3/24/19
53,THE A&E MOVIE: AMERICAN GANGSTER,A&E NETWORK,8:00 PM,182,0.16,465,3/24/19
54,CNN NEWSROOM,CNN,5:00 PM,60,0.16,971,3/24/19
55,CASE AGAINST ADNAN SYED,HBO PRIME,9:02 PM,69,0.16,458,3/24/19
56,MUELLER REPORT SPECIAL,FOX NEWS CHANNEL,8:00 PM,60,0.16,"1,707",3/24/19
57,CNN NEWSROOM,CNN,3:00 PM,60,0.16,855,3/24/19
58,MUELLER REPORT SPECIAL,FOX NEWS CHANNEL,5:00 PM,60,0.15,"2,108",3/24/19
59,FOX REPORT WITH JON SCOTT,FOX NEWS CHANNEL,6:00 PM,60,0.15,"1,838",3/24/19
60,MISSION DECLASSIFIED,TRAVEL CHANNEL,10:00 PM,60,0.15,643,3/24/19
61,GIADA ENTERTAINS,FOOD NETWORK,11:30 AM,30,0.15,769,3/24/19
62,ANDERSON COOPER 360,CNN,9:00 PM,60,0.14,686,3/24/19
63,FOX REPORT WITH JON SCOTT,FOX NEWS CHANNEL,7:00 PM,60,0.14,"1,797",3/24/19
64,ANDERSON COOPER 360,CNN,8:00 PM,60,0.14,639,3/24/19
65,"ZOO, THE",ANIMAL PLANET,8:00 PM,61,0.14,815,3/24/19
66,CNN NEWSROOM,CNN,6:00 PM,60,0.14,738,3/24/19
67,FOX & FRIENDS SUNDAY,FOX NEWS CHANNEL,8:00 AM,60,0.14,"1,779",3/24/19
68,JURASSIC WORLD:FALLEN KIN: JURASSIC WORLD:FALLEN KIN,HBO PRIME,10:00 AM,128,0.14,350,3/24/19
69,MUELLER REPORT SPECIAL,FOX NEWS CHANNEL,3:00 PM,60,0.13,"1,612",3/24/19
70,CNN NEWSROOM,CNN,7:00 PM,60,0.13,681,3/24/19
71,SPORTSCENTER LATE       L,ESPN,11:10 PM,90,0.13,377,3/24/19
72,FOX & FRIENDS SUNDAY,FOX NEWS CHANNEL,9:00 AM,60,0.13,"1,753",3/24/19
73,MUELLER REPORT SPECIAL,FOX NEWS CHANNEL,2:00 PM,60,0.13,"1,304",3/24/19
74,TOYMAKERZ,HISTORY,9:00 AM,60,0.13,329,3/24/19
75,FAST LAYNE,DISNEY CHANNEL,7:00 PM,30,0.13,606,3/24/19
76,SUNDAY MORNING FUTURES,FOX NEWS CHANNEL,10:00 AM,60,0.13,"1,638",3/24/19
77,MOVIE- ACQUIRED RPT: MARRIED TO A MURDERER,LIFETIME TELEVISION,8:00 PM,121,0.12,482,3/24/19
78,SNAPPED,OXYGEN MEDIA,6:00 PM,60,0.12,434,3/24/19
79,MEDIA BUZZ,FOX NEWS CHANNEL,11:00 AM,60,0.12,"1,560",3/24/19
80,CNN NEWSROOM,CNN,1:00 PM,60,0.12,676,3/24/19
81,MUELLER REPORT SPECIAL,FOX NEWS CHANNEL,1:00 PM,60,0.12,"1,286",3/24/19
82,SISTER WIVES: MORE TO LOV: N/A,TLC,6:00 PM,120,0.12,518,3/24/19
83,RELIABLE SOURCES,CNN,11:00 AM,60,0.11,787,3/24/19
84,PRIMAL SURVIVOR,NATIONAL GEOGRAPHIC,10:00 PM,60,0.11,402,3/24/19
85,AMC MOVIE: SCORPION KING 4: QUEST FO,AMC,9:28 AM,150,0.11,381,3/24/19
86,MUELLER REPORT SPECIAL,FOX NEWS CHANNEL,12:00 PM,60,0.11,"1,275",3/24/19
87,SPORTSCENTER WEEKEND-AM L,ESPN2,9:00 AM,60,0.11,276,3/24/19
88,STATE OF THE UNION,CNN,9:00 AM,60,0.11,736,3/24/19
89,DC SUPER HERO G (SERIES),THE CARTOON NETWORK,4:00 PM,30,0.11,410,3/24/19
90,CNN TONIGHT,CNN,10:00 PM,60,0.11,599,3/24/19
91,DETROIT MUSCLE,HISTORY,8:30 AM,30,0.11,265,3/24/19
92,TNT NCAA BK CHP-PRE-SU,TURNER NETWORK TELEVISION,5:00 PM,60,0.11,340,3/24/19
93,WICKED TUNA COMPILATION,NATIONAL GEOGRAPHIC,8:00 PM,60,0.11,443,3/24/19
94,AMERICAN GODS 2,STARZ PRIMARY,8:02 PM,56,0.1,329,3/24/19
95,CNN NEWSROOM,CNN,2:00 PM,60,0.1,599,3/24/19
96,NIT TOURNAMENT  L: XAVIER/TEXAS,ESPN,4:12 PM,131,0.1,360,3/24/19
97,MSNBC SPECIAL COVERAGE: THE MUELLER REPORT,MSNBC,3:00 PM,180,0.1,"1,002",3/24/19
98,INSIDE POLITICS,CNN,8:00 AM,60,0.1,684,3/24/19
99,CNN TONIGHT,CNN,11:00 PM,60,0.1,507,3/24/19
100,STATE OF THE UNION,CNN,10:00 AM,60,0.1,740,3/24/19
101,NHL REGULAR SEASON  L: COLORADO/CHICAGO,NBC SPORTS NETWORK,7:59 PM,174,0.1,339,3/24/19
102,STATE OF THE UNION,CNN,12:00 PM,60,0.09,746,3/24/19
103,PAID PROGRAM,USA NETWORK,7:00 AM,30,0.09,240,3/24/19
104,COLL SOFTBALL REG SSN   L: LSU/GEORGIA,ESPN,12:00 PM,156,0.09,294,3/24/19
105,"MOVIE- LMN ACQUIRED PREM: TWISTED SON, THE",LIFETIME MOVIE NETWORK,8:00 PM,120,0.09,434,3/24/19
106,MEGA MAN 2018,THE CARTOON NETWORK,6:30 AM,15,0.09,238,3/24/19
107,FOX & FRIENDS SUNDAY,FOX NEWS CHANNEL,7:00 AM,60,0.09,"1,289",3/24/19
108,EVAN GOES WILD,ANIMAL PLANET,9:01 PM,61,0.09,488,3/24/19
109,NIT TOURNAMENT  L,ESPN,2:36 PM,96,0.08,298,3/24/19
110,MSNBC SPECIAL COVERAGE,MSNBC,6:00 PM,60,0.08,989,3/24/19
111,DATE NIGHT,HBO PRIME,12:15 PM,88,0.08,199,3/24/19
112,BBCA MOVIE: ROCKY 3,BBC-AMERICA,8:00 PM,135,0.08,222,3/24/19
113,WMNS NCAA BKBL CHAMP L: BUFFALO/CONNECTICUT,ESPN,7:00 PM,124,0.08,448,3/24/19
114,E:60,ESPN2,10:00 AM,60,0.08,173,3/24/19
115,WEEKEND EXPRESS,HLN,7:00 AM,60,0.08,336,3/24/19
116,VERY SCARY PEOPLE,HLN,10:00 PM,60,0.08,388,3/24/19
117,BBCA MOVIE: ROCKY 4,BBC-AMERICA,10:15 PM,120,0.08,191,3/24/19
118,PPG 2016,THE CARTOON NETWORK,4:30 PM,30,0.08,347,3/24/19
119,AAF REGULAR SEASON: 2019 WK 7: BIR VS. MEM,NFL NETWORK,8:00 PM,184,0.08,255,3/24/19
120,BLACK MONDAY S1,SHOWTIME PRIME,10:00 PM,28,0.08,264,3/24/19
121,AM JOY: N/A,MSNBC,10:00 AM,120,0.08,878,3/24/19
122,SPORTSCENTER WEEKEND-AM L,ESPN2,11:00 AM,60,0.08,259,3/24/19
123,MSNBC SPECIAL COVERAGE: THE MUELLER REPORT,MSNBC,9:00 PM,120,0.08,859,3/24/19
124,WMNS NCAA BKBL CHAMP L: CLEMSON/MISSISSIPPI STATE,ESPN,9:04 PM,126,0.07,382,3/24/19
125,DR. KS EXOTIC ANIMAL ER,NAT GEO WILD,9:00 PM,60,0.07,313,3/24/19
126,VERY SCARY PEOPLE,HLN,9:00 PM,60,0.07,392,3/24/19
127,WMNS NCAA BKBL CHAMP L: VARIOUS TEAMS/TIMES,ESPN2,1:58 PM,127,0.07,447,3/24/19
128,NASCAR RACEDAY L,FOX SPORTS 1,12:30 PM,90,0.07,638,3/24/19
129,TOMB RAIDER,HBO PRIME,1:45 PM,118,0.07,242,3/24/19
130,STAR VS FORCES OF EVIL,DISNEY CHANNEL,8:30 AM,30,0.07,356,3/24/19
131,STAR VS FORCES OF EVIL,DISNEY CHANNEL,8:00 AM,30,0.07,354,3/24/19
132,TRUCK TECH,HISTORY,8:00 AM,30,0.07,168,3/24/19
133,NEW DAY SUNDAY,CNN,6:00 AM,60,0.07,397,3/24/19
134,NEW DAY SUNDAY,CNN,7:00 AM,60,0.07,469,3/24/19
135,SPORTSCENTER EARLY      L,ESPN,6:23 PM,37,0.07,282,3/24/19
136,FOX & FRIENDS SUNDAY,FOX NEWS CHANNEL,6:00 AM,60,0.07,834,3/24/19
137,KASIE DC: THE MUELLER REPORT,MSNBC,7:00 PM,120,0.07,804,3/24/19
138,INDYCAR SERIES L: CIRCUIT OF THE AMERICAS,NBC SPORTS NETWORK,1:43 PM,122,0.07,341,3/24/19
139,HIGHWAY THRU HELL,THE WEATHER CHANNEL,8:00 PM,60,0.07,506,3/24/19
140,HEAVY RESCUE: 401,THE WEATHER CHANNEL,9:00 PM,60,0.06,477,3/24/19
141,SUNNY DAY,NICK JR,11:00 AM,30,0.06,267,3/24/19
142,MSNBC SPECIAL COVERAGE,MSNBC,2:00 PM,60,0.06,708,3/24/19
143,TRNING PT W DR D JEREMIAH,USA NETWORK,7:30 AM,30,0.06,187,3/24/19
144,"FIRST PURGE, THE",HBO PRIME,11:52 PM,97,0.06,180,3/24/19
145,UEFA EUR QLF DT SAT: HOLANDA / ALEMANIA,UNIVISION DEPORTES,3:30 PM,150,0.06,184,3/24/19
146,WEEKEND EXPRESS,HLN,8:00 AM,60,0.06,298,3/24/19
147,VENGEANCE: KILLER LOVERS,HLN,8:00 PM,60,0.06,273,3/24/19
148,UNCENSORED,TV ONE,10:00 PM,60,0.06,195,3/24/19
149,WEEKENDS WITH ALEX WITT: N/A,MSNBC,12:00 PM,120,0.06,669,3/24/19
150,PREMIER BOXING PRELIM L: LAMONT PETERSON/SERGEY LIPINETS,FOX SPORTS 1,6:00 PM,120,0.06,374,3/24/19
1,LOVE & HIP HOP ATLANTA 8,VH1,9:00 PM,60,0.95,"2,086",3/25/19
2,WWE ENTERTAINMENT,USA NETWORK,8:00 PM,60,0.91,"2,700",3/25/19
3,WWE ENTERTAINMENT,USA NETWORK,9:00 PM,60,0.9,"2,665",3/25/19
4,LOVE & HIP HOP ATLANTA 8,VH1,8:00 PM,60,0.9,"1,987",3/25/19
5,WWE ENTERTAINMENT,USA NETWORK,10:00 PM,63,0.85,"2,402",3/25/19
6,LOVE & HIP HOP MIAMI 2,VH1,10:00 PM,60,0.72,"1,529",3/25/19
7,TEEN MOM II SSN9,MTV,9:00 PM,62,0.56,988,3/25/19
8,VANDERPUMP RULES,BRAVO,9:00 PM,60,0.51,"1,228",3/25/19
9,AMERICAN DAD TBS,TBS NETWORK,10:00 PM,30,0.4,851,3/25/19
10,TUCKER CARLSON TONIGHT,FOX NEWS CHANNEL,8:00 PM,60,0.36,"3,886",3/25/19
11,HANNITY,FOX NEWS CHANNEL,9:00 PM,60,0.35,"4,005",3/25/19
12,SPRING BAKING CHAMPION,FOOD NETWORK,9:00 PM,60,0.34,"1,328",3/25/19
13,ONE OF A KIND,HOME AND GARDEN TV,10:00 PM,30,0.34,"1,465",3/25/19
14,STREET OUTLAWS SPC: N/A,DISCOVERY CHANNEL,8:00 PM,122,0.33,980,3/25/19
15,HOME TOWN,HOME AND GARDEN TV,9:00 PM,60,0.32,"1,518",3/25/19
16,HOUSE HUNTERS INTL,HOME AND GARDEN TV,10:30 PM,30,0.3,"1,496",3/25/19
17,PARDON THE INTERRUPTION,ESPN,5:30 PM,30,0.29,829,3/25/19
18,JESUS: HIS LIFE,HISTORY,9:00 PM,60,0.29,"1,815",3/25/19
19,"INGRAHAM ANGLE, THE",FOX NEWS CHANNEL,10:00 PM,60,0.28,"3,356",3/25/19
20,JESUS: HIS LIFE,HISTORY,8:00 PM,60,0.28,"1,897",3/25/19
21,"FIVE, THE",FOX NEWS CHANNEL,5:00 PM,60,0.25,"3,065",3/25/19
22,HOUSE HUNTERS,HOME AND GARDEN TV,8:00 PM,30,0.25,"1,163",3/25/19
23,BETRAYED,INVESTIGATION DISCOVERY,10:00 PM,60,0.24,970,3/25/19
24,COUNTING ON: N/A,TLC,9:00 PM,121,0.24,"1,090",3/25/19
25,AROUND THE HORN,ESPN,5:00 PM,30,0.23,576,3/25/19
26,SPECIAL RPT W/BRET BAIER,FOX NEWS CHANNEL,6:00 PM,60,0.22,"2,671",3/25/19
27,"STORY, THE",FOX NEWS CHANNEL,7:00 PM,60,0.22,"2,398",3/25/19
28,SPORTSCENTER EARLY      L,ESPN,6:00 PM,60,0.22,536,3/25/19
29,SPRING BAKING CHAMPION,FOOD NETWORK,8:00 PM,60,0.22,907,3/25/19
30,RACHEL MADDOW SHOW,MSNBC,9:00 PM,60,0.21,"2,513",3/25/19
31,LINDSAY LOHANS BEACH CLUB,MTV,10:02 PM,61,0.21,412,3/25/19
32,SUMMER HOUSE,BRAVO,10:00 PM,60,0.21,563,3/25/19
33,FAMILY FOOD SHOWDOWN,FOOD NETWORK,10:00 PM,60,0.21,830,3/25/19
34,FOX NEWS AT NIGHT,FOX NEWS CHANNEL,11:00 PM,60,0.2,"1,956",3/25/19
35,HIGH NOON (9AM PACIFIC),ESPN,4:00 PM,30,0.2,449,3/25/19
36,DAILY SHOW,COMEDY CENTRAL,11:00 PM,36,0.2,768,3/25/19
37,GRAVE MYSTERIES,INVESTIGATION DISCOVERY,9:00 PM,60,0.2,787,3/25/19
38,SPORTSCENTER 1AM        L,ESPN,1:00 AM,60,0.2,392,3/25/19
39,HIGHLY QUESTIONABLE,ESPN,4:30 PM,30,0.2,500,3/25/19
40,WMNS NCAA BKBL CHAMP L: VARIOUS TEAMS,ESPN,7:00 PM,129,0.19,845,3/25/19
41,THE FIRST 48,A&E NETWORK,10:01 PM,61,0.18,607,3/25/19
42,GET UP   L: N/A,ESPN,8:00 AM,120,0.18,492,3/25/19
43,SPORTSCENTER 12AM  L,ESPN,12:00 AM,60,0.18,414,3/25/19
44,FIRST TAKE   L: N/A,ESPN,10:00 AM,120,0.18,472,3/25/19
45,WMNS NCAA BKBL CHAMP L: VARIOUS TEAMS,ESPN,9:09 PM,126,0.18,904,3/25/19
46,SPORTSCENTER LATE       L,ESPN,11:15 PM,45,0.17,485,3/25/19
47,KNIGHTFALL,HISTORY,10:00 PM,62,0.17,928,3/25/19
48,INTO THE BADLANDS,AMC,10:00 PM,61,0.17,591,3/25/19
49,SPORTSCENTER AM      L,ESPN,7:00 AM,60,0.17,410,3/25/19
50,FOX AND FRIENDS,FOX NEWS CHANNEL,8:00 AM,60,0.16,"1,950",3/25/19
51,NBA: THE JUMP L,ESPN,3:00 PM,60,0.16,358,3/25/19
52,FOX AND FRIENDS,FOX NEWS CHANNEL,7:00 AM,60,0.16,"1,555",3/25/19
53,YOUR WORLD W/NEIL CAVUTO,FOX NEWS CHANNEL,4:00 PM,60,0.16,"1,737",3/25/19
54,CUOMO PRIME TIME,CNN,9:00 PM,60,0.16,911,3/25/19
55,SHEPARD SMITH REPORTING,FOX NEWS CHANNEL,3:00 PM,60,0.15,"1,763",3/25/19
56,COPS (O),PARAMOUNT,10:00 PM,30,0.15,478,3/25/19
57,SPORTSCENTER AM      L,ESPN,12:00 PM,60,0.15,367,3/25/19
58,CNN TONIGHT,CNN,10:00 PM,60,0.15,831,3/25/19
59,FEAR THE WOODS,TRAVEL CHANNEL,8:00 PM,60,0.15,476,3/25/19
60,AMERICAS NEWSROOM,FOX NEWS CHANNEL,10:00 AM,60,0.14,"1,827",3/25/19
61,AMERICAS NEWSROOM,FOX NEWS CHANNEL,9:00 AM,60,0.14,"1,905",3/25/19
62,SPORTSCENTER MORNING    L,ESPN,2:00 AM,60,0.14,297,3/25/19
63,ALL IN W/ CHRIS HAYES,MSNBC,8:00 PM,60,0.14,"1,508",3/25/19
64,LAST WORD W/ L. ODONNELL,MSNBC,10:00 PM,60,0.14,"1,845",3/25/19
65,ANDERSON COOPER 360,CNN,8:00 PM,60,0.13,795,3/25/19
66,NFL LIVE                L,ESPN,1:30 PM,90,0.13,331,3/25/19
67,DAILY BRIEFING W/D.PERINO,FOX NEWS CHANNEL,2:00 PM,60,0.13,"1,878",3/25/19
68,AMERICAS NEWSROOM,FOX NEWS CHANNEL,11:00 AM,60,0.13,"1,973",3/25/19
69,WATCH WHAT HAPPENS LIVE,BRAVO,11:00 PM,30,0.12,410,3/25/19
70,OUTNUMBERED,FOX NEWS CHANNEL,12:00 PM,60,0.12,"2,024",3/25/19
71,OTL – FIRST REPORT   L,ESPN,1:00 PM,30,0.12,310,3/25/19
72,BUTTERBEANS CAFE,NICKELODEON,10:00 AM,30,0.12,587,3/25/19
73,ERIN BURNETT OUTFRONT,CNN,7:00 PM,60,0.12,685,3/25/19
74,SHADOWHUNTERS,FREEFORM,8:00 PM,61,0.12,354,3/25/19
75,OUTNUMBERED OVERTIME,FOX NEWS CHANNEL,1:00 PM,60,0.12,"1,652",3/25/19
76,HARDBALL WITH C. MATTHEWS,MSNBC,7:00 PM,60,0.12,"1,323",3/25/19
77,BEAT W/ARI MELBER,MSNBC,6:00 PM,60,0.11,"1,356",3/25/19
78,SITUATION ROOM,CNN,6:00 PM,60,0.11,622,3/25/19
79,CNN TONIGHT,CNN,11:00 PM,60,0.11,623,3/25/19
80,NHL REGULAR SEASON  L: NASHVILLE/MINNESOTA,NBC SPORTS NETWORK,8:03 PM,162,0.11,288,3/25/19
81,HAUNTED HOSPITALS,TRAVEL CHANNEL,10:00 PM,60,0.11,417,3/25/19
82,MORNING JOE: N/A,MSNBC,6:00 AM,180,0.11,"1,053",3/25/19
83,MTP DAILY,MSNBC,5:00 PM,60,0.11,"1,207",3/25/19
84,FOX AND FRIENDS,FOX NEWS CHANNEL,6:00 AM,60,0.11,"1,192",3/25/19
85,LOST TREASURES OF THE MAY,NATIONAL GEOGRAPHIC,9:00 PM,61,0.11,602,3/25/19
86,WE BARE BEARS,THE CARTOON NETWORK,7:00 PM,30,0.1,524,3/25/19
87,BBCA MOVIE: LIVE FREE OR DIE HARD,BBC-AMERICA,8:00 PM,180,0.1,281,3/25/19
88,DEADLINE:WHITE HOUSE,MSNBC,4:00 PM,60,0.1,"1,231",3/25/19
89,PARANORMAL 911,TRAVEL CHANNEL,9:00 PM,60,0.1,408,3/25/19
90,HIGH SCHOOL BASKETBALL  L,ESPN2,7:30 PM,95,0.1,235,3/25/19
91,NBA REGULAR SEASON   L: BROOKLYN/PORTLAND,NBA-TV,9:57 PM,192,0.09,252,3/25/19
92,NIT TOURNAMENT  L,ESPN2,9:05 PM,118,0.09,309,3/25/19
93,THOSE WHO CANT,TRUTV,10:00 PM,30,0.09,159,3/25/19
94,TEEN TITANS GO,THE CARTOON NETWORK,6:00 PM,15,0.09,397,3/25/19
95,11TH HOUR W/B. WILLIAMS,MSNBC,11:00 PM,60,0.09,"1,193",3/25/19
96,HAUNTED CASE FILES,TRAVEL CHANNEL,11:00 PM,60,0.09,300,3/25/19
97,SITUATION ROOM,CNN,5:00 PM,60,0.09,637,3/25/19
98,CRAIG OF THE CREEK,THE CARTOON NETWORK,5:00 PM,30,0.09,355,3/25/19
99,MY GHOST STORY,TRAVEL CHANNEL,2:00 PM,60,0.09,276,3/25/19
100,SPORTSCENTER PRIME    L,ESPN2,7:00 PM,30,0.09,187,3/25/19
101,ONE NATION UNDER STRESS,HBO PRIME,9:00 PM,69,0.08,274,3/25/19
102,LEAD WITH JAKE TAPPER,CNN,4:00 PM,60,0.08,683,3/25/19
103,FIRST TAKE: N/A,ESPN2,12:00 PM,120,0.08,160,3/25/19
104,MY GHOST STORY,TRAVEL CHANNEL,1:00 PM,60,0.08,271,3/25/19
105,E! NEWS,E!,7:00 PM,60,0.08,296,3/25/19
106,SPORTSCENTER AM      L,ESPN2,9:00 AM,60,0.08,173,3/25/19
107,CLASH OF THE TITANS (REMA,HBO PRIME,5:40 PM,106,0.08,189,3/25/19
108,PARDON THE INTERRUPTION,ESPN2,6:30 PM,30,0.07,174,3/25/19
109,MY GHOST STORY,TRAVEL CHANNEL,12:00 PM,60,0.07,255,3/25/19
110,UNDISPUTED L: 635,FOX SPORTS 1,9:30 AM,150,0.07,187,3/25/19
111,NBA POSTGAME SHOW,NBA-TV,1:09 AM,39,0.07,167,3/25/19
112,GET UP: N/A,ESPN2,10:00 AM,120,0.07,152,3/25/19
113,BREAKING IN,HBO PRIME,7:30 PM,88,0.07,187,3/25/19
114,CNN NEWSROOM,CNN,2:00 PM,60,0.07,611,3/25/19
115,MSNBC LIVE W/K.TUR,MSNBC,2:00 PM,60,0.07,777,3/25/19
116,NBA GAMETIME LIVE,NBA-TV,9:16 PM,41,0.07,199,3/25/19
117,JALEN & JACOBY,ESPN2,2:00 PM,60,0.07,138,3/25/19
118,NEW DAY,CNN,8:00 AM,60,0.07,491,3/25/19
119,CNN NEWSROOM,CNN,3:00 PM,60,0.07,592,3/25/19
120,BUTTERBEANS CAFE,NICK JR,7:00 PM,30,0.07,328,3/25/19
121,NEW DAY,CNN,7:00 AM,60,0.07,404,3/25/19
122,MSNBC LIVE W/VELSHI&RUHLE,MSNBC,1:00 PM,60,0.06,809,3/25/19
123,OTL – FIRST REPORT,ESPN2,3:00 PM,30,0.06,116,3/25/19
124,INSIDE POLITICS,CNN,12:00 PM,60,0.06,531,3/25/19
125,NHL LIVE POST,NBC SPORTS NETWORK,10:45 PM,45,0.06,145,3/25/19
126,SNAPPED: KILLER COUPLES,OXYGEN MEDIA,9:00 PM,60,0.06,268,3/25/19
127,IN ICE COLD BLOOD,OXYGEN MEDIA,8:00 PM,60,0.06,256,3/25/19
128,MSNBC LIVE W/ H.JACKSON,MSNBC,10:00 AM,60,0.06,832,3/25/19
129,MORNING EXPRESS W/ MEADE,HLN,6:00 AM,60,0.06,247,3/25/19
130,MSNBC LIVE W/ C.MELVIN,MSNBC,11:00 AM,60,0.06,700,3/25/19
131,AT THIS HOUR,CNN,11:00 AM,60,0.06,523,3/25/19
132,CNN NEWSROOM,CNN,9:00 AM,60,0.06,494,3/25/19
133,CNN RIGHT NOW,CNN,1:00 PM,60,0.06,552,3/25/19
134,KNIGHT AND DAY,HBO PRIME,3:45 PM,110,0.06,166,3/25/19
135,MSNBC LIVE W/ S.RUHLE,MSNBC,9:00 AM,60,0.06,955,3/25/19
136,CNN NEWSROOM,CNN,10:00 AM,60,0.05,529,3/25/19
137,NEW DAY,CNN,6:00 AM,60,0.05,344,3/25/19
138,EUROPEAN QUALIFIER      L: PORTUGAL/SERBIA,ESPN2,3:30 PM,150,0.05,169,3/25/19
139,MSNBC LIVE W/ A.VELSHI,MSNBC,3:00 PM,60,0.05,828,3/25/19
140,COMMON KNOWLEDGE,GSN,5:30 PM,30,0.05,449,3/25/19
141,SPORTSCENTER AM      L,ESPN2,8:00 AM,60,0.05,98,3/25/19
142,ANDREA MITCHELL REPORTS,MSNBC,12:00 PM,60,0.05,717,3/25/19
143,WMNS NCAA BKBL CHAMP L,ESPN2,11:03 PM,117,0.05,246,3/25/19
144,NBA REGULAR SEASON   L: PHILADELPHIA/ORLANDO,NBA-TV,7:00 PM,136,0.05,174,3/25/19
145,MAINE CABIN MASTERS,DIY NETWORK,9:00 PM,60,0.05,318,3/25/19
146,NIGHTLY POP,E!,10:30 PM,30,0.05,115,3/25/19
147,MORNING EXPRESS W/ MEADE,HLN,8:00 AM,60,0.05,207,3/25/19
148,MEET THE PEETES,HALLMARK CHANNEL,10:00 PM,60,0.04,329,3/25/19
149,HOME & FAMILY: N/A,HALLMARK CHANNEL,10:00 AM,120,0.04,178,3/25/19
150,ESCAPING POLYGAMY,LIFETIME TELEVISION,12:01 AM,58,0.04,163,3/25/19
1,TBS NCAA BSKBL CHMP FR 1: AUBURN VS NORTH CAROLINA,TBS NETWORK,7:19 PM,143,1.65,"5,616",3/29/19
2,TBS NCAA BK CHP-BRG-PRFR1,TBS NETWORK,9:42 PM,19,1.08,"3,621",3/29/19
3,TBS NCAA BSKBL CHMP FR 2: HOUSTON VS KENTUCKY,TBS NETWORK,10:01 PM,135,1.03,"3,414",3/29/19
4,TBS NCAA BSK POST GAME-FR,TBS NETWORK,12:23 AM,49,0.67,"1,725",3/29/19
5,LIVE PD: 194 LIVE PD,A&E NETWORK,9:00 PM,180,0.67,"1,998",3/29/19
6,MY LOTTERY DREAM HOME,HOME AND GARDEN TV,9:00 PM,30,0.28,"1,707",3/29/19
7,TBS NCAA BK CHP-PRE-PRFR,TBS NETWORK,6:00 PM,79,0.27,716,3/29/19
8,REAL TIME WITH BILL MAHER,HBO PRIME,10:00 PM,57,0.27,"1,521",3/29/19
9,"DINERS, DRIVE INS & DIVES",FOOD NETWORK,9:00 PM,30,0.25,827,3/29/19
10,RIDICULOUSNESS SSN13,MTV,8:00 PM,31,0.24,551,3/29/19
11,PARDON THE INTERRUPTION,ESPN,5:30 PM,30,0.24,681,3/29/19
12,MAMA JUNE FROM NOT TO HOT,WETV,9:00 PM,60,0.2,705,3/29/19
13,TUCKER CARLSON TONIGHT,FOX NEWS CHANNEL,8:00 PM,60,0.2,"2,656",3/29/19
14,HANNITY,FOX NEWS CHANNEL,9:00 PM,60,0.19,"2,939",3/29/19
15,RACHEL MADDOW SHOW,MSNBC,9:00 PM,60,0.19,"2,349",3/29/19
16,DONT BE TARDY,BRAVO,9:00 PM,30,0.19,500,3/29/19
17,ELEAGUE,TBS NETWORK,1:42 AM,60,0.19,431,3/29/19
18,CRASHLETES,NICKELODEON,7:00 PM,30,0.19,731,3/29/19
19,"INGRAHAM ANGLE, THE",FOX NEWS CHANNEL,10:00 PM,60,0.18,"2,305",3/29/19
20,SPORTSCENTER EARLY      L,ESPN,6:00 PM,60,0.18,416,3/29/19
21,SECRETS OF THE MORGUE,INVESTIGATION DISCOVERY,11:00 PM,60,0.18,850,3/29/19
22,SPORTSCENTER AM      L,ESPN,7:00 AM,60,0.17,412,3/29/19
23,SPORTSCENTER 1AM        L,ESPN,1:00 AM,60,0.17,398,3/29/19
24,HIGH NOON (9AM PACIFIC),ESPN,4:00 PM,30,0.17,366,3/29/19
25,SPORTSCENTER MORNING    L,ESPN,2:00 AM,60,0.17,346,3/29/19
26,AROUND THE HORN,ESPN,5:00 PM,30,0.16,452,3/29/19
27,TOP WING,NICKELODEON,12:00 PM,30,0.16,698,3/29/19
28,SECRETS OF THE MORGUE,INVESTIGATION DISCOVERY,10:00 PM,60,0.16,811,3/29/19
29,ANCIENT ALIENS AC,HISTORY,1:05 AM,61,0.16,553,3/29/19
30,ANCIENT ALIENS AC,HISTORY,9:02 PM,61,0.16,812,3/29/19
31,NBA: THE JUMP L,ESPN,3:00 PM,60,0.15,341,3/29/19
32,HIGHLY QUESTIONABLE,ESPN,4:30 PM,30,0.15,393,3/29/19
33,"FIVE, THE",FOX NEWS CHANNEL,5:00 PM,60,0.15,"2,290",3/29/19
34,"OFFICE, THE",NICK-AT-NITE,10:30 PM,30,0.15,380,3/29/19
35,AMERICAS NEWSROOM,FOX NEWS CHANNEL,10:00 AM,60,0.14,"1,611",3/29/19
36,AMERICAS NEWSROOM,FOX NEWS CHANNEL,9:00 AM,60,0.14,"1,846",3/29/19
37,SPECIAL RPT W/BRET BAIER,FOX NEWS CHANNEL,6:00 PM,60,0.14,"1,994",3/29/19
38,GHOST ADV REPACK: HAUNTINGS IN HOLLYWOOD,TRAVEL CHANNEL,9:00 PM,120,0.13,405,3/29/19
39,FOX NEWS AT NIGHT,FOX NEWS CHANNEL,11:00 PM,60,0.13,"1,343",3/29/19
40,"OFFICE, THE",NICK-AT-NITE,10:00 PM,30,0.13,436,3/29/19
41,"STORY, THE",FOX NEWS CHANNEL,7:00 PM,60,0.13,"1,757",3/29/19
42,SHEPARD SMITH REPORTING,FOX NEWS CHANNEL,3:00 PM,60,0.13,"1,422",3/29/19
43,ANIMAL CRIBS,ANIMAL PLANET,9:00 PM,61,0.13,416,3/29/19
44,GET UP   L: N/A,ESPN,8:00 AM,120,0.13,373,3/29/19
45,MICKEY AND THE ROADSTER,DISNEY CHANNEL,8:30 AM,25,0.13,503,3/29/19
46,FOX AND FRIENDS,FOX NEWS CHANNEL,7:00 AM,60,0.13,"1,592",3/29/19
47,MSNBC TOWN HALL,MSNBC,8:00 PM,60,0.12,"1,568",3/29/19
48,PUPPY DOG PALS,DISNEY CHANNEL,9:30 AM,25,0.12,540,3/29/19
49,OUTNUMBERED OVERTIME,FOX NEWS CHANNEL,1:00 PM,60,0.12,"1,320",3/29/19
50,FIRST TAKE   L: N/A,ESPN,10:00 AM,120,0.12,371,3/29/19
51,FOX AND FRIENDS,FOX NEWS CHANNEL,8:00 AM,60,0.12,"1,880",3/29/19
52,SPORTSCENTER AM      L,ESPN,12:00 PM,60,0.12,314,3/29/19
53,DAILY BRIEFING W/D.PERINO,FOX NEWS CHANNEL,2:00 PM,60,0.12,"1,364",3/29/19
54,SPORTSCENTER 12AM  L,ESPN,12:00 AM,60,0.12,310,3/29/19
55,NFL LIVE                L,ESPN,1:30 PM,90,0.12,284,3/29/19
56,DEADLINE:WHITE HOUSE,MSNBC,4:00 PM,60,0.12,"1,385",3/29/19
57,LAST WORD W/ L. ODONNELL,MSNBC,10:00 PM,60,0.12,"1,407",3/29/19
58,OUTNUMBERED,FOX NEWS CHANNEL,12:00 PM,60,0.12,"1,564",3/29/19
59,WMNS NCAA BKBL CHAMP L: UCLA/CONNECTICUT,ESPN,7:00 PM,121,0.11,682,3/29/19
60,CUOMO PRIME TIME,CNN,9:00 PM,60,0.11,751,3/29/19
61,MOVIE- LMN ACQUIRED PREM: MOMMY WOULD NEVER HURT U,LIFETIME MOVIE NETWORK,8:00 PM,120,0.11,600,3/29/19
62,SYDNEY TO THE MAX,DISNEY CHANNEL,8:30 PM,25,0.11,448,3/29/19
63,CNN TONIGHT,CNN,10:00 PM,60,0.11,634,3/29/19
64,GIGANTOSAURUS,DISNEY CHANNEL,9:00 AM,25,0.11,490,3/29/19
65,AMERICAS NEWSROOM,FOX NEWS CHANNEL,11:00 AM,60,0.11,"1,501",3/29/19
66,THIS IS NOT HAPPENING,COMEDY CENTRAL,11:00 PM,30,0.11,250,3/29/19
67,LIGA MX L: MONARCAS / LEON,UNIVISION DEPORTES,8:30 PM,148,0.11,282,3/29/19
68,FOX AND FRIENDS,FOX NEWS CHANNEL,6:00 AM,60,0.11,"1,190",3/29/19
69,HARDBALL WITH C. MATTHEWS,MSNBC,7:00 PM,60,0.1,"1,194",3/29/19
70,ANDERSON COOPER 360,CNN,8:00 PM,60,0.1,733,3/29/19
71,MSNBC LIVE W/ H.JACKSON,MSNBC,10:00 AM,60,0.1,916,3/29/19
72,BELLATOR MMA LIVE: 219,PARAMOUNT,9:00 PM,139,0.1,307,3/29/19
73,MORNING JOE: N/A,MSNBC,6:00 AM,180,0.1,"1,053",3/29/19
74,YOUR WORLD W/NEIL CAVUTO,FOX NEWS CHANNEL,4:00 PM,60,0.09,"1,448",3/29/19
75,BEAT W/ARI MELBER,MSNBC,6:00 PM,60,0.09,"1,237",3/29/19
76,LIGA MX L: ATLAS / SANTOS,UNIVISION DEPORTES,10:58 PM,123,0.09,243,3/29/19
77,MSNBC LIVE W/ C.MELVIN,MSNBC,11:00 AM,60,0.09,844,3/29/19
78,LEAD WITH JAKE TAPPER,CNN,4:00 PM,60,0.09,586,3/29/19
79,CNN NEWSROOM,CNN,3:00 PM,60,0.09,627,3/29/19
80,BRIDEZILLAS,WETV,10:00 PM,60,0.09,315,3/29/19
81,VAMPIRINA,DISNEY CHANNEL,10:30 AM,25,0.09,359,3/29/19
82,OTL – FIRST REPORT   L,ESPN,1:00 PM,30,0.09,248,3/29/19
83,CNN TONIGHT,CNN,11:00 PM,60,0.09,482,3/29/19
84,ERIN BURNETT OUTFRONT,CNN,7:00 PM,60,0.08,626,3/29/19
85,SITUATION ROOM,CNN,6:00 PM,60,0.08,562,3/29/19
86,CNN NEWSROOM,CNN,9:00 AM,60,0.08,496,3/29/19
87,11TH HOUR W/B. WILLIAMS,MSNBC,11:00 PM,60,0.08,"1,231",3/29/19
88,MTP DAILY,MSNBC,5:00 PM,60,0.08,"1,207",3/29/19
89,MSNBC LIVE W/ S.RUHLE,MSNBC,9:00 AM,60,0.08,901,3/29/19
90,JURASSIC WORLD:FALLEN KIN: JURASSIC WORLD:FALLEN KIN,HBO PRIME,2:10 PM,128,0.08,232,3/29/19
91,AT THIS HOUR,CNN,11:00 AM,60,0.08,570,3/29/19
92,CNN NEWSROOM,CNN,2:00 PM,60,0.08,608,3/29/19
93,SITUATION ROOM,CNN,5:00 PM,60,0.08,597,3/29/19
94,NASCAR M.E. CUP QUALIFY L,FOX SPORTS 1,7:30 PM,64,0.08,455,3/29/19
95,NEW DAY,CNN,7:00 AM,60,0.08,409,3/29/19
96,BIG SCREEN MOVIE: MAGIC MIKE,FREEFORM,7:30 PM,150,0.08,222,3/29/19
97,DATELINE: SECRETS UNCOVRD: 613 MYSTERY ON LOCKHART ROAD,OXYGEN MEDIA,7:00 PM,120,0.08,362,3/29/19
98,HOT ROD GARAGE,MOTOR TREND,9:30 PM,30,0.07,313,3/29/19
99,NEW DAY,CNN,8:00 AM,60,0.07,429,3/29/19
100,NEW DAY,CNN,6:00 AM,60,0.07,374,3/29/19
101,INSIDE POLITICS,CNN,12:00 PM,60,0.07,526,3/29/19
102,E! NEWS,E!,7:00 PM,60,0.07,265,3/29/19
103,CNN RIGHT NOW,CNN,1:00 PM,60,0.07,566,3/29/19
104,CNN NEWSROOM,CNN,10:00 AM,60,0.07,604,3/29/19
105,MSNBC LIVE W/ A.VELSHI,MSNBC,3:00 PM,60,0.07,926,3/29/19
106,NASCAR TRUCKS RACING L: TEXAS,FOX SPORTS 1,9:00 PM,163,0.06,455,3/29/19
107,ANDREA MITCHELL REPORTS,MSNBC,12:00 PM,60,0.06,801,3/29/19
108,MSNBC LIVE W/K.TUR,MSNBC,2:00 PM,60,0.06,761,3/29/19
109,NASCAR RACEDAY:TRCKS L,FOX SPORTS 1,8:34 PM,26,0.06,404,3/29/19
110,PGA TOUR: 2019 WGC-DELL MATCH PLAY,GOLF CHANNEL,2:00 PM,363,0.06,564,3/29/19
111,AMERICA SAYS,GSN,9:00 PM,30,0.06,432,3/29/19
112,LEGENDARY CATCH,NATIONAL GEOGRAPHIC,11:00 PM,60,0.06,250,3/29/19
113,WMNS NCAA BKBL CHAMP L,ESPN2,11:39 PM,111,0.06,340,3/29/19
114,SKYSCRAPER,HBO PRIME,8:13 PM,102,0.06,240,3/29/19
115,E! NEWS: DAILY POP I,E!,12:00 PM,60,0.06,112,3/29/19
116,NBA REGULAR SEASON   L: INDIANA/BOSTON,NBA-TV,7:00 PM,155,0.05,213,3/29/19
117,PRIME BASEBALL GAME: STL AT MIL/COL AT MIA,MLB NETWORK,8:10 PM,222,0.05,202,3/29/19
118,COMMON KNOWLEDGE,GSN,5:30 PM,30,0.05,404,3/29/19
119,PACIFIC RIM: UPRISING,HBO PRIME,5:35 PM,111,0.05,128,3/29/19
120,VICE NEWS TONIGHT,HBO PRIME,7:30 PM,26,0.05,174,3/29/19
121,LAW & ORDER,SUNDANCE TV,9:00 PM,60,0.05,272,3/29/19
122,LAW & ORDER,SUNDANCE TV,10:00 PM,60,0.05,264,3/29/19
123,FIRST TAKE,ESPN2,12:00 PM,60,0.05,104,3/29/19
124,UNDISPUTED L: 639,FOX SPORTS 1,9:30 AM,150,0.05,107,3/29/19
125,NASCAR XFINITY FIN PRAC L,FOX SPORTS 1,6:30 PM,60,0.04,211,3/29/19
126,MSNBC LIVE W/VELSHI&RUHLE,MSNBC,1:00 PM,60,0.04,763,3/29/19
127,NBA POSTGAME SHOW,NBA-TV,9:35 PM,80,0.04,125,3/29/19
128,MLB PREGAME,MLB NETWORK,8:00 PM,10,0.04,136,3/29/19
129,NCAA STUDIO UPDATE  L,ESPN,9:01 PM,28,0.04,265,3/29/19
130,LAW & ORDER,SUNDANCE TV,12:00 AM,60,0.04,243,3/29/19
131,NCAA HOCKEY CHAMP L: HARVARD/MASSACHUSETTS,ESPN2,3:05 PM,158,0.04,107,3/29/19
132,MORNING EXPRESS W/ MEADE,HLN,6:00 AM,60,0.04,204,3/29/19
133,TEXAS FLIP AND MOVE,DIY NETWORK,9:00 PM,60,0.04,324,3/29/19
134,WMNS NCAA BKBL CHAMP L: ARIZONA ST/MISSISSIPPI ST,ESPN2,9:00 PM,131,0.04,261,3/29/19
135,SPRING BAKING CHAMPION,COOKING CHANNEL,10:00 PM,60,0.04,185,3/29/19
136,SPRING BAKING CHAMPION,COOKING CHANNEL,9:00 PM,60,0.04,145,3/29/19
137,SPORTSCENTER AM      L,ESPN2,9:00 AM,60,0.04,123,3/29/19
138,TENNIS: ATP TOUR MASTER L: MIAMI OPEN,ESPN2,1:00 PM,125,0.04,176,3/29/19
139,SPORTSCENTER AM      L,ESPN2,8:00 AM,60,0.04,112,3/29/19
140,KIN,MAXPRIME,8:15 PM,103,0.04,116,3/29/19
141,WMNS NCAA BKBL CHAMP L,ESPN,9:29 PM,108,0.04,264,3/29/19
142,HOT ROD GARAGE,MOTOR TREND,9:00 PM,30,0.04,237,3/29/19
143,CRAZY CAKES,COOKING CHANNEL,11:00 PM,30,0.04,132,3/29/19
144,LAW & ORDER,SUNDANCE TV,11:00 PM,60,0.04,268,3/29/19
145,NASCAR M.E. CUP PRAC L,FOX SPORTS 1,3:00 PM,60,0.04,155,3/29/19
146,GET UP: N/A,ESPN2,10:00 AM,120,0.04,107,3/29/19
147,SPRING BAKING CHAMPION,COOKING CHANNEL,8:00 PM,60,0.04,150,3/29/19
148,NASCAR TRUCKS QUALIFY L,FOX SPORTS 1,5:00 PM,90,0.04,189,3/29/19
149,NFL TOTAL ACCESS,NFL NETWORK,7:00 PM,60,0.03,78,3/29/19
150,ALVINNN CHIPMUNKS,NICKTOONS,10:00 PM,30,0.03,112,3/29/19
1,TBS NCAA BSKBL CHMP SA-2: PURDUE VS VIRGINIA,TBS NETWORK,8:45 PM,145,2.93,"10,486",3/30/19
2,TBS NCAA BSKBL-BRIDGE-SAT,TBS NETWORK,8:29 PM,16,2.55,"8,826",3/30/19
3,TBS NCAA BSKBL CHMP SA-1: TEXAS TECH VS GONZAGA,TBS NETWORK,6:00 PM,149,2.04,"7,722",3/30/19
4,TBS NCAA BKB POST GAME-SA,TBS NETWORK,11:15 PM,30,1.21,"3,701",3/30/19
5,LIVE PD: 195 LIVE PD,A&E NETWORK,9:00 PM,180,0.62,"1,949",3/30/19
6,LAST OG POST ELITE 8,TBS NETWORK,11:45 PM,23,0.61,"1,633",3/30/19
7,DRAGON BALL SUPER,ADULT SWIM,11:00 PM,30,0.33,777,3/30/19
8,ROAD TO FINAL FOUR-SAT,TBS NETWORK,5:00 PM,60,0.29,"1,225",3/30/19
9,UFC FIGHT NIGHT  L: BARBOZA VS. GAETHJE,ESPN,7:00 PM,181,0.26,828,3/30/19
10,BORUTO:NARUTO NEXT GEN,ADULT SWIM,11:30 PM,30,0.24,507,3/30/19
11,HALL ORIGINAL MOVIE: A BRUSH WITH LOVE,HALLMARK CHANNEL,8:00 PM,120,0.22,"2,057",3/30/19
12,"KITCHEN AT FN, THE",FOOD NETWORK,11:00 AM,60,0.21,"1,116",3/30/19
13,SPORTSCENTER 1AM        L,ESPN,1:00 AM,60,0.21,454,3/30/19
14,POWER RANGERS BM,NICKELODEON,8:00 AM,30,0.21,713,3/30/19
15,ALVINNN!!! AND THE CHIPMU,NICKELODEON,11:00 AM,30,0.2,925,3/30/19
16,SPORTSCENTER WEEKEND-AM L,ESPN,9:00 AM,60,0.2,657,3/30/19
17,LIGA MX SAT: AMERICA / TIGRES,UNIVISION DEPORTES,8:56 PM,125,0.2,526,3/30/19
18,TRADING SPACES,TLC,8:00 PM,62,0.2,760,3/30/19
19,PREMIER LEAGUE L: WATFORD/MANCHESTER UNITED,NBC SPORTS NETWORK,10:56 AM,137,0.19,493,3/30/19
20,PGA TOUR: 2019 WGC-DELL MATCH PLAY,GOLF CHANNEL,10:00 AM,246,0.19,"1,249",3/30/19
21,SPORTSCENTER WEEKEND-AM L,ESPN,8:00 AM,60,0.19,588,3/30/19
22,SPORTSCENTER 12AM  L,ESPN,11:59 PM,61,0.19,509,3/30/19
23,KING OF QUEENS,NICK-AT-NITE,5:08 AM,25,0.19,442,3/30/19
24,SPORTSCENTER MORNING    L,ESPN,2:00 AM,60,0.18,418,3/30/19
25,VICTOR & VALENTINO,THE CARTOON NETWORK,10:00 AM,30,0.18,649,3/30/19
26,SWORD ART OL:ALICIZATION,ADULT SWIM,12:30 AM,30,0.18,407,3/30/19
27,GUYS RANCH KITCHEN,FOOD NETWORK,12:30 PM,30,0.18,869,3/30/19
28,GAME SHAKERS,NICKELODEON,8:00 PM,32,0.18,730,3/30/19
29,KING OF QUEENS,NICK-AT-NITE,5:33 AM,27,0.18,460,3/30/19
30,SWORD ART OL:ALICIZATION,ADULT SWIM,1:00 AM,30,0.18,403,3/30/19
31,TOTAL DRAMARAMA,THE CARTOON NETWORK,9:00 AM,30,0.17,694,3/30/19
32,"OFFICE, THE",NICK-AT-NITE,10:30 PM,30,0.17,402,3/30/19
33,TOP RANK BOXING        L,ESPN,10:01 PM,118,0.17,655,3/30/19
34,GHOST ADV REPACK: AMERICAS MOST HAUNTED TOWN,TRAVEL CHANNEL,9:00 PM,120,0.17,495,3/30/19
35,COMEDY CENTRAL MOVIE: AUSTIN POWERS: THE SPY WH,COMEDY CENTRAL,4:00 PM,135,0.17,363,3/30/19
36,"GREG GUTFELD SHOW, THE",FOX NEWS CHANNEL,10:00 PM,60,0.17,"1,836",3/30/19
37,BEN 10 (2017),THE CARTOON NETWORK,12:00 PM,30,0.16,644,3/30/19
38,JOJOS ADV: DIAMOND UNBRK,ADULT SWIM,1:30 AM,30,0.16,343,3/30/19
39,SPORTSCENTER WEEKEND-AM L,ESPN,7:00 AM,60,0.16,513,3/30/19
40,BAKUGAN:BATTLE PLANET,THE CARTOON NETWORK,7:00 AM,30,0.16,420,3/30/19
41,VICTOR & VALENTINO,THE CARTOON NETWORK,9:30 AM,30,0.16,661,3/30/19
42,AAF FOOTBALL: APOLLOS/EXPRESS,TURNER NETWORK TELEVISION,2:00 PM,180,0.16,469,3/30/19
43,20/20 ON ID INVESTIGATES: N/A,INVESTIGATION DISCOVERY,9:00 PM,120,0.16,749,3/30/19
44,JUSTICE W/ JUDGE JEANINE,FOX NEWS CHANNEL,9:00 PM,60,0.16,"2,563",3/30/19
45,WMNS NCAA BKBL CHAMP L,ESPN,11:30 AM,112,0.15,840,3/30/19
46,UFC FIGHT NIGHT PRELIMS L: BARBOZA VS. GAETHJE,ESPN,5:00 PM,120,0.15,480,3/30/19
47,"MOVIE- ACQUIRED PREM: KILLER NEXT DOOR, THE",LIFETIME TELEVISION,8:00 PM,123,0.15,719,3/30/19
48,COLLEGE GAMEDAY-BKBL    L,ESPN,10:00 AM,90,0.15,528,3/30/19
49,AMERICAN PICKERS,HISTORY,8:00 PM,60,0.15,"1,080",3/30/19
50,WHILE YOU WERE OUT,TLC,9:02 PM,61,0.15,662,3/30/19
51,COUSINS FOR LIFE,NICKELODEON,8:32 PM,28,0.14,553,3/30/19
52,PITBULLS & PAROLEES SPCL,ANIMAL PLANET,9:00 PM,61,0.14,496,3/30/19
53,LIGA MX: MONTERREY VS CRUZ AZUL,FOX DEPORTES,10:52 PM,138,0.14,306,3/30/19
54,"OFFICE, THE",NICK-AT-NITE,10:00 PM,30,0.13,347,3/30/19
55,AMERICAN PICKERS,HISTORY,9:02 PM,61,0.13,"1,133",3/30/19
56,MLB REGULAR SEASON L: ATLANTA BRAVES/PHILADELPHIA PHILLIES,FOX SPORTS 1,4:00 PM,214,0.13,554,3/30/19
57,"MEG, THE",HBO PRIME,4:00 PM,113,0.13,509,3/30/19
58,WMNS NCAA BKBL CHAMP L: SOUTH CAROLINA/BAYLOR,ESPN,1:50 PM,121,0.13,849,3/30/19
59,NASCAR XFINITY SERIES L: TEXAS,FOX SPORTS 1,1:00 PM,180,0.12,928,3/30/19
60,JONESTOWN: EXTENDED,AMC,9:00 PM,61,0.12,500,3/30/19
61,AMERICAS NEWS HQ,FOX NEWS CHANNEL,12:00 PM,60,0.12,"1,174",3/30/19
62,FOX & FRIENDS SATURDAY,FOX NEWS CHANNEL,9:00 AM,60,0.12,"1,960",3/30/19
63,CAVUTO LIVE,FOX NEWS CHANNEL,11:00 AM,60,0.12,"1,401",3/30/19
64,KNIGHT SQUAD,NICK-AT-NITE,9:00 PM,30,0.12,421,3/30/19
65,PREMIER LG LIVE STUDIO,NBC SPORTS NETWORK,10:39 AM,17,0.11,350,3/30/19
66,CAVUTO LIVE,FOX NEWS CHANNEL,10:00 AM,60,0.11,"1,602",3/30/19
67,MAMMA MIA:HERE WE GO AGAI,HBO PRIME,8:00 PM,114,0.11,484,3/30/19
68,BORDERFORCE USA,NATIONAL GEOGRAPHIC,3:00 PM,60,0.11,426,3/30/19
69,COLD JUSTICE,OXYGEN MEDIA,6:00 PM,60,0.11,543,3/30/19
70,AMERICAN PICKERS,HISTORY,12:03 AM,60,0.11,781,3/30/19
71,BIZAARDVARK,DISNEY CHANNEL,10:00 AM,30,0.11,492,3/30/19
72,WATTERS WORLD,FOX NEWS CHANNEL,8:00 PM,60,0.11,"1,785",3/30/19
73,FORMULA 1 QUALIFYING L,ESPN2,10:54 AM,75,0.1,340,3/30/19
74,NCAA STUDIO UPDATE  L,ESPN,1:22 PM,28,0.1,730,3/30/19
75,FOX & FRIENDS SATURDAY,FOX NEWS CHANNEL,8:00 AM,60,0.1,"1,773",3/30/19
76,SPORTSCENTER LATE       L,ESPN2,10:23 PM,92,0.1,271,3/30/19
77,BORDERFORCE USA,NATIONAL GEOGRAPHIC,1:00 PM,60,0.1,470,3/30/19
78,COOP & CAMI ASK THE WORLD,DISNEY CHANNEL,10:30 AM,30,0.1,461,3/30/19
79,PREMIER LEAGUE L: EVERTON/WEST HAM,NBC SPORTS NETWORK,1:28 PM,125,0.1,251,3/30/19
80,MOVIE- ACQUIRED RPT,LIFETIME TELEVISION,10:03 PM,116,0.1,534,3/30/19
81,BORDERFORCE USA,NATIONAL GEOGRAPHIC,2:00 PM,60,0.1,421,3/30/19
82,PREMIER LEAGUE L: MANCHESTER CITY/FULHAM,NBC SPORTS NETWORK,8:21 AM,138,0.09,287,3/30/19
83,AMERICAS NEWS HQ,FOX NEWS CHANNEL,1:00 PM,60,0.09,927,3/30/19
84,AMERICAS NEWS HQ,FOX NEWS CHANNEL,2:00 PM,60,0.09,911,3/30/19
85,ALIEN NEWS DESK,SYFY,11:00 PM,30,0.09,277,3/30/19
86,BORDERFORCE USA,NATIONAL GEOGRAPHIC,11:00 AM,60,0.09,362,3/30/19
87,AMERICAN PICKERS,HISTORY,1:05 AM,61,0.09,597,3/30/19
88,INCREDIBLE DR POL,NAT GEO WILD,8:00 PM,60,0.09,860,3/30/19
89,PREMIER LG LIVE STUDIO,NBC SPORTS NETWORK,1:13 PM,15,0.09,261,3/30/19
90,FOX & FRIENDS SATURDAY,FOX NEWS CHANNEL,7:00 AM,60,0.09,"1,269",3/30/19
91,UFC FIGHT NIGHT PRELIMS: N/A,ESPN2,11:55 PM,125,0.09,250,3/30/19
92,TOMB RAIDER,HBO PRIME,5:55 PM,118,0.09,291,3/30/19
93,SPORTSCENTER WEEKEND-PM L,ESPN,3:51 PM,69,0.08,434,3/30/19
94,MLB REG SEASON POST L,FOX SPORTS 1,7:34 PM,26,0.08,248,3/30/19
95,WMNS NCAA BKBL CHAMP L,ESPN2,4:04 PM,116,0.08,655,3/30/19
96,PIKETON FAM MURDER SNK PK: 101 SNEAK PEEK,OXYGEN MEDIA,8:00 PM,120,0.08,458,3/30/19
97,MILO MURPHYS LAW,DISNEY CHANNEL,7:00 AM,30,0.08,370,3/30/19
98,FAMILY OR FIANCE,OPRAH WINFREY NETWORK,10:00 PM,60,0.08,325,3/30/19
99,50TH NAACP IMAGE AWARDS: N/A,TV ONE,9:00 PM,150,0.08,395,3/30/19
100,LIGA MX L: QUERETARO / TIJUANA,UNIVISION DEPORTES,6:30 PM,146,0.08,230,3/30/19
101,FAMILY OR FIANCE,OPRAH WINFREY NETWORK,9:00 PM,60,0.08,292,3/30/19
102,CHAMPIONS TOUR: BNF PGAT,GOLF CHANNEL,6:14 PM,31,0.08,583,3/30/19
103,BORDERFORCE USA,NATIONAL GEOGRAPHIC,12:00 PM,60,0.08,407,3/30/19
104,INVINCIBLE (2006),HBO PRIME,11:30 AM,104,0.08,238,3/30/19
105,RUSTY RIVETS,NICK JR,11:30 AM,30,0.08,417,3/30/19
106,NASCAR RACEDAY: XFINITY L,FOX SPORTS 1,12:30 PM,30,0.07,389,3/30/19
107,CNN NEWSROOM,CNN,10:00 AM,60,0.07,598,3/30/19
108,TOP WING,NICK JR,11:00 AM,30,0.07,372,3/30/19
109,NEW DAY SATURDAY,CNN,7:00 AM,60,0.07,413,3/30/19
110,JOURNAL EDITORIAL REPORT,FOX NEWS CHANNEL,3:00 PM,60,0.07,817,3/30/19
111,CNN NEWSROOM,CNN,12:00 PM,60,0.07,526,3/30/19
112,AM JOY: N/A,MSNBC,10:00 AM,120,0.07,906,3/30/19
113,AMERICAS NEWS HQ,FOX NEWS CHANNEL,4:00 PM,60,0.07,765,3/30/19
114,SUPERCROSS: HOUSTON,NBC SPORTS NETWORK,8:00 PM,180,0.07,226,3/30/19
115,CNN NEWSROOM,CNN,5:00 PM,60,0.07,464,3/30/19
116,FOX REPORT WITH JON SCOTT,FOX NEWS CHANNEL,6:00 PM,60,0.07,957,3/30/19
117,NEW DAY SATURDAY,CNN,8:00 AM,60,0.07,472,3/30/19
118,CNN NEWSROOM,CNN,8:00 PM,60,0.07,477,3/30/19
119,CNN NEWSROOM,CNN,3:00 PM,60,0.07,394,3/30/19
120,PREMIER LEAGUE GOAL ZONE,NBC SPORTS NETWORK,3:33 PM,27,0.07,157,3/30/19
121,SMERCONISH,CNN,9:00 AM,60,0.07,659,3/30/19
122,NEW DAY SATURDAY,CNN,6:00 AM,60,0.07,405,3/30/19
123,CNN NEWSROOM,CNN,2:00 PM,60,0.07,426,3/30/19
124,AMERICAS NEWS HQ,FOX NEWS CHANNEL,5:00 PM,60,0.07,890,3/30/19
125,MLB REGULAR SEASON L: SAN FRANCISCO GIANTS/SAN DIEGO PADRES,FOX SPORTS 1,8:30 PM,204,0.07,248,3/30/19
126,SPORTSCENTER WEEKEND-AM L,ESPN2,10:00 AM,54,0.06,156,3/30/19
127,AUTOBIOGRAPHY,MOTOR TREND,9:00 PM,60,0.06,408,3/30/19
128,NASCAR M.E. CUP FIN PRA L,FOX SPORTS 1,11:30 AM,60,0.06,314,3/30/19
129,WMNS NCAA BKBL CHAMP L: MISSOURI STATE/STANFORD,ESPN2,6:28 PM,124,0.06,478,3/30/19
130,CNN NEWSROOM,CNN,11:00 AM,60,0.06,552,3/30/19
131,NCAA STUDIO UPDATE  L,ESPN2,6:00 PM,28,0.06,424,3/30/19
132,CNN NEWSROOM,CNN,4:00 PM,60,0.06,422,3/30/19
133,TIGERLAND: N/A,DISCOVERY CHANNEL,9:00 PM,122,0.06,257,3/30/19
134,AFTERNOON BASEBALL GAME: NYM AT WAS,MLB NETWORK,1:05 PM,230,0.06,240,3/30/19
135,BORDERFORCE USA,NATIONAL GEOGRAPHIC,10:00 AM,60,0.06,245,3/30/19
136,S.E. CUPP: UNFILTERED,CNN,6:00 PM,60,0.06,383,3/30/19
137,WEEKENDS WITH ALEX WITT: N/A,MSNBC,12:00 PM,120,0.06,640,3/30/19
138,VAN JONES SHOW,CNN,7:00 PM,60,0.06,455,3/30/19
139,"PRIME MOVIE 1: GODFATHER, THE",IFC TV,9:00 PM,240,0.06,292,3/30/19
140,GREAT BEAR STAKEOUT,BBC-AMERICA,9:00 PM,70,0.06,273,3/30/19
141,UNCLE DREW,HBO PRIME,2:15 PM,103,0.06,153,3/30/19
142,CNN NEWSROOM,CNN,1:00 PM,60,0.06,483,3/30/19
143,"ACCIDENT, SUICIDE, MURDER",OXYGEN MEDIA,7:00 PM,60,0.06,403,3/30/19
144,MAMMA MIA:HERE WE GO AGAI,HBO PRIME,10:30 PM,114,0.06,204,3/30/19
145,LIGA MX L,UNIVISION DEPORTES,11:01 PM,119,0.06,153,3/30/19
146,FORMULA 1 PRACTICE L,ESPN2,7:55 AM,73,0.05,195,3/30/19
147,WEEKEND EXPRESS,HLN,7:00 AM,60,0.05,264,3/30/19
148,UFC FIGHT NIGHT: EDSON BARBOZA/JUSTIN GAETHJE,ESPN2,2:00 AM,180,0.05,167,3/30/19
149,MLB REG SEASON PRE L,FOX SPORTS 1,8:00 PM,30,0.05,172,3/30/19
150,TENNIS: ATP TOUR MASTER L: MIAMI OPEN,ESPN2,1:00 PM,150,0.05,243,3/30/19
1,WALKING DEAD,AMC,9:00 PM,69,1.86,"5,019",3/31/19
2,REAL HOUSEWIVES ATLANTA,BRAVO,8:00 PM,75,0.81,"2,141",3/31/19
3,KEEPING UP KARDASHIANS,E!,9:00 PM,59,0.62,"1,296",3/31/19
4,MLB SUNDAY NIGHT        L: ATLANTA/PHILADELPHIA,ESPN,7:56 PM,157,0.62,"1,866",3/31/19
5,ALASKAN BUSH PEOPLE,DISCOVERY CHANNEL,10:02 PM,61,0.45,"2,205",3/31/19
6,NAKED AND AFRAID,DISCOVERY CHANNEL,8:00 PM,61,0.43,"1,550",3/31/19
7,NAKED AND AFRAID,DISCOVERY CHANNEL,9:01 PM,61,0.41,"1,645",3/31/19
8,KILLING EVE BONUS,AMC,10:09 PM,62,0.39,"1,220",3/31/19
9,BUDDY VS DUFF,FOOD NETWORK,9:00 PM,60,0.39,"1,449",3/31/19
10,CARIBBEAN LIFE,HOME AND GARDEN TV,9:30 PM,30,0.37,"1,518",3/31/19
11,RIDICULOUSNESS SSN13,MTV,8:00 PM,31,0.37,774,3/31/19
12,SPORTSCENTER WEEKEND-PM L,ESPN,10:33 PM,27,0.37,"1,071",3/31/19
13,MARRIED TO MEDICINE LA,BRAVO,9:15 PM,60,0.37,"1,023",3/31/19
14,RIDICULOUSNESS SSN13,MTV,8:31 PM,31,0.35,751,3/31/19
15,SISTER WIVES,TLC,8:00 PM,60,0.33,"1,436",3/31/19
16,MEDITERRANEAN LIFE,HOME AND GARDEN TV,10:00 PM,30,0.33,"1,407",3/31/19
17,CARIBBEAN LIFE,HOME AND GARDEN TV,9:00 PM,30,0.32,"1,399",3/31/19
18,BAR RESCUE,PARAMOUNT,10:00 PM,61,0.32,699,3/31/19
19,HOW CLOSE CAN I BEACH,HOME AND GARDEN TV,8:30 PM,30,0.3,"1,332",3/31/19
20,TALKING DEAD,AMC,11:11 PM,60,0.29,"1,027",3/31/19
21,SPORTSCENTER LATE       L,ESPN,11:00 PM,90,0.28,736,3/31/19
22,ON THE CASE WITH PZ,INVESTIGATION DISCOVERY,10:00 PM,60,0.28,"1,179",3/31/19
23,GEMUSETTO MACHU PICCHU,ADULT SWIM,12:00 AM,60,0.28,561,3/31/19
24,PIONEER WOMAN,FOOD NETWORK,10:30 AM,30,0.28,"1,216",3/31/19
25,PREMIER LEAGUE L: TOTTENHAM/LIVERPOOL,NBC SPORTS NETWORK,11:25 AM,139,0.28,743,3/31/19
26,SEEKING SISTER WIFE: N/A,TLC,9:00 PM,121,0.28,928,3/31/19
27,VERY CAVALLARI,E!,10:00 PM,60,0.27,550,3/31/19
28,HOW CLOSE CAN I BEACH,HOME AND GARDEN TV,8:00 PM,30,0.27,"1,140",3/31/19
29,EVIL LIVES HERE,INVESTIGATION DISCOVERY,9:00 PM,60,0.27,"1,142",3/31/19
30,MEDITERRANEAN LIFE,HOME AND GARDEN TV,10:30 PM,30,0.27,"1,296",3/31/19
31,LAST WEEK TONIGHT,HBO PRIME,11:01 PM,30,0.26,868,3/31/19
32,WMNS NCAA BKBL CHAMP L: CONNECTICUT/LOUISVILLE,ESPN,12:00 PM,125,0.26,"1,286",3/31/19
33,COLLEGE GAMEDAY-BKBL    L,ESPN,11:00 AM,60,0.26,729,3/31/19
34,THE A&E MOVIE: AMERICAN SNIPER,A&E NETWORK,8:00 PM,182,0.25,792,3/31/19
35,SPORTSCENTER WEEKEND-AM L,ESPN,10:00 AM,60,0.24,612,3/31/19
36,GIRL MEETS FARM,FOOD NETWORK,11:00 AM,30,0.22,"1,073",3/31/19
37,SPORTSCENTER WEEKEND-AM L,ESPN,8:00 AM,60,0.22,559,3/31/19
38,GEMUSETTO MACHU PICCHU,ADULT SWIM,1:00 AM,60,0.2,394,3/31/19
39,WICKED TUNA,NATIONAL GEOGRAPHIC,9:00 PM,61,0.2,844,3/31/19
40,GIADA ENTERTAINS,FOOD NETWORK,11:30 AM,30,0.19,857,3/31/19
41,MLB SUNDAY NIGHT        L,ESPN2,7:00 PM,61,0.19,701,3/31/19
42,E:60,ESPN,9:00 AM,60,0.19,483,3/31/19
43,MEDITERRANEAN LIFE,HOME AND GARDEN TV,11:00 PM,30,0.19,"1,000",3/31/19
44,FORMULA 1 GRAND PRIX L: BAHRAIN GRAND PRIX,ESPN2,11:05 AM,129,0.19,711,3/31/19
45,WMNS NCAA BKBL CHAMP L: OREGON/MISSISSIPPI STATE,ESPN,2:05 PM,122,0.18,"1,076",3/31/19
46,SPORTSCENTER WEEKEND-AM L,ESPN,7:00 AM,60,0.18,490,3/31/19
47,VEEP,HBO PRIME,10:33 PM,28,0.18,533,3/31/19
48,RAINBOW BUTTERFLY UNICORN,NICKELODEON,11:00 AM,30,0.17,674,3/31/19
49,BILLIONS S4,SHOWTIME PRIME,9:04 PM,53,0.16,824,3/31/19
50,GEMUSETTO MACHU PICCHU,ADULT SWIM,2:00 AM,60,0.16,334,3/31/19
51,BARRY,HBO PRIME,10:00 PM,33,0.16,532,3/31/19
52,"OFFICE, THE",NICK-AT-NITE,10:30 PM,30,0.15,343,3/31/19
53,MEDITERRANEAN LIFE,HOME AND GARDEN TV,11:30 PM,30,0.15,944,3/31/19
54,FOX & FRIENDS SUNDAY,FOX NEWS CHANNEL,9:00 AM,60,0.15,"1,703",3/31/19
55,SISTER WIVES: MORE TO LOV: N/A,TLC,6:00 PM,120,0.15,630,3/31/19
56,PIKETON FAMILY MURDERS: 100 SPECIAL,OXYGEN MEDIA,7:00 PM,120,0.15,660,3/31/19
57,SUNDAY MORNING FUTURES,FOX NEWS CHANNEL,10:00 AM,60,0.15,"1,707",3/31/19
58,SNAPPED,OXYGEN MEDIA,6:00 PM,60,0.14,500,3/31/19
59,MLB OPENING DAY      L: CHICAGO CUBS/TEXAS,ESPN,4:07 PM,229,0.14,489,3/31/19
60,NBA REGULAR SEASON   L: CHARLOTTE/GOLDEN STATE,NBA-TV,8:30 PM,146,0.13,491,3/31/19
61,CASE AGAINST ADNAN SYED,HBO PRIME,9:00 PM,60,0.13,395,3/31/19
62,"OFFICE, THE",NICK-AT-NITE,10:00 PM,30,0.13,336,3/31/19
63,FOX & FRIENDS SUNDAY,FOX NEWS CHANNEL,8:00 AM,60,0.13,"1,577",3/31/19
64,PREMIER LEAGUE L: CHELSEA/CARDIFF,NBC SPORTS NETWORK,8:56 AM,149,0.13,363,3/31/19
65,PGA TOUR: 2019 WGC-DELL MATCH PLAY,GOLF CHANNEL,10:00 AM,255,0.12,995,3/31/19
66,MISSION DECLASSIFIED,TRAVEL CHANNEL,10:00 PM,60,0.12,489,3/31/19
67,FAST LAYNE,DISNEY CHANNEL,7:00 PM,30,0.12,548,3/31/19
68,MEDIA BUZZ,FOX NEWS CHANNEL,11:00 AM,60,0.12,"1,663",3/31/19
69,MOVIE- ACQUIRED RPT,LIFETIME TELEVISION,10:03 PM,116,0.12,440,3/31/19
70,EXP UNKNOWN REPACK: MODERN-DAY TREASURE HUNTS,TRAVEL CHANNEL,8:00 PM,120,0.12,552,3/31/19
71,PPG 2016,THE CARTOON NETWORK,4:30 PM,30,0.12,367,3/31/19
72,50 FIRST DATES (2004),HBO PRIME,5:15 PM,99,0.12,269,3/31/19
73,DC SUPER HERO G (SERIES),THE CARTOON NETWORK,4:00 PM,30,0.12,401,3/31/19
74,"ZOO, THE",ANIMAL PLANET,8:00 PM,61,0.12,752,3/31/19
75,"LIFE, LIBERTY AND LEVIN",FOX NEWS CHANNEL,10:00 PM,60,0.11,"1,648",3/31/19
76,WICKED TUNA COMPILATION,NATIONAL GEOGRAPHIC,8:00 PM,60,0.11,532,3/31/19
77,MAMMA MIA:HERE WE GO AGAI,HBO PRIME,7:00 PM,114,0.11,359,3/31/19
78,LADYGANG,E!,11:00 PM,30,0.11,202,3/31/19
79,SECRETS OF UNDERGROUND,TRAVEL CHANNEL,3:00 PM,60,0.1,424,3/31/19
80,DRAIN THE OCEANS,NATIONAL GEOGRAPHIC,10:01 PM,60,0.1,453,3/31/19
81,NHL REGULAR SEASON  L: BOSTON/DETROIT,NBC SPORTS NETWORK,7:33 PM,161,0.1,363,3/31/19
82,MLS REGULAR SEASON      L: LA GALAXY/PORTLAND TIMBERS,ESPN2,9:07 PM,121,0.1,217,3/31/19
83,NIGHTLY POP,E!,11:30 PM,30,0.1,179,3/31/19
84,FOX & FRIENDS SUNDAY,FOX NEWS CHANNEL,7:00 AM,60,0.1,"1,125",3/31/19
85,VERY SCARY PEOPLE,HLN,10:00 PM,60,0.1,492,3/31/19
86,AMERICAN GODS 2,STARZ PRIMARY,8:01 PM,55,0.1,336,3/31/19
87,EVAN GOES WILD,ANIMAL PLANET,9:02 PM,60,0.1,501,3/31/19
88,FAREED ZAKARIA: GPS,CNN,10:00 AM,60,0.09,704,3/31/19
89,WICKED TUNA: HOOKED UP,NATIONAL GEOGRAPHIC,7:00 PM,60,0.09,347,3/31/19
90,PREMIER LEAGUE GOAL ZONE,NBC SPORTS NETWORK,1:44 PM,46,0.09,212,3/31/19
91,LIGA MX SUN: UNAM / GUADALAJARA,UNIVISION DEPORTES,1:30 PM,150,0.09,216,3/31/19
92,BLACK MONDAY S1,SHOWTIME PRIME,10:00 PM,29,0.09,297,3/31/19
93,MEGA MAN 2018,THE CARTOON NETWORK,6:30 AM,15,0.09,197,3/31/19
94,SECRETS OF UNDERGROUND,TRAVEL CHANNEL,12:00 PM,60,0.08,374,3/31/19
95,SPORTSCENTER WEEKEND-AM L,ESPN2,9:00 AM,60,0.08,252,3/31/19
96,DR. KS EXOTIC ANIMAL ER,NAT GEO WILD,8:00 PM,60,0.08,334,3/31/19
97,AMERICAS NEWS HQ,FOX NEWS CHANNEL,12:00 PM,60,0.08,"1,303",3/31/19
98,CNN NEWSROOM,CNN,7:00 PM,60,0.08,423,3/31/19
99,FOX NEWS SUNDAY,FOX NEWS CHANNEL,2:00 PM,60,0.08,"1,179",3/31/19
100,AAF REGULAR SEASON: 2019 WK 8: ARI VS. SA,NFL NETWORK,8:00 PM,155,0.08,268,3/31/19
101,TRICKY DICK,CNN,9:00 PM,60,0.08,558,3/31/19
102,SECRETS OF UNDERGROUND,TRAVEL CHANNEL,2:00 PM,60,0.08,399,3/31/19
103,AMERICAS NEWS HQ,FOX NEWS CHANNEL,1:00 PM,60,0.08,"1,026",3/31/19
104,FORMULA 1 STUDIO L,ESPN2,10:30 AM,35,0.08,291,3/31/19
105,CNN NEWSROOM,CNN,8:00 PM,60,0.08,458,3/31/19
106,WEEKEND EXPRESS,HLN,10:00 AM,60,0.08,256,3/31/19
107,RELIABLE SOURCES,CNN,11:00 AM,60,0.08,604,3/31/19
108,SECRETS OF UNDERGROUND,TRAVEL CHANNEL,1:00 PM,60,0.08,370,3/31/19
109,VERY SCARY PEOPLE,HLN,9:00 PM,60,0.08,427,3/31/19
110,RAPUNZELS TANGLED ADV.,DISNEY CHANNEL,7:00 AM,30,0.08,313,3/31/19
111,GC PREGAME LI,GOLF CHANNEL,2:15 PM,13,0.07,600,3/31/19
112,BET MOVIE OF THE WEEK: STEP,BLACK ENTERTAINMENT TV,5:40 PM,140,0.07,192,3/31/19
113,FOX REPORT WITH JON SCOTT,FOX NEWS CHANNEL,6:00 PM,60,0.07,908,3/31/19
114,"NEXT REVOLUTION, THE",FOX NEWS CHANNEL,9:00 PM,60,0.07,"1,267",3/31/19
115,RAPUNZELS TANGLED ADV.,DISNEY CHANNEL,7:30 AM,30,0.07,330,3/31/19
116,STAR VS FORCES OF EVIL,DISNEY CHANNEL,8:00 AM,30,0.07,346,3/31/19
117,INSIDE POLITICS,CNN,8:00 AM,60,0.07,492,3/31/19
118,AMERICAS NEWS HQ,FOX NEWS CHANNEL,4:00 PM,60,0.07,821,3/31/19
119,STATE OF THE UNION,CNN,9:00 AM,60,0.07,599,3/31/19
120,CNN NEWSROOM,CNN,5:00 PM,60,0.07,515,3/31/19
121,VENGEANCE: KILLER LOVERS,HLN,8:00 PM,60,0.07,394,3/31/19
122,TOYMAKERZ,HISTORY,9:00 AM,60,0.07,300,3/31/19
123,NBA PREGAME SHOW,NBA-TV,8:00 PM,30,0.07,238,3/31/19
124,FOX NATION: IN DEPTH,FOX NEWS CHANNEL,8:00 PM,60,0.07,884,3/31/19
125,BUSH YEARS,CNN,10:00 PM,60,0.07,425,3/31/19
126,FINDING JUSTICE,BLACK ENTERTAINMENT TV,8:00 PM,60,0.07,193,3/31/19
127,WEEKEND EXPRESS,HLN,7:00 AM,60,0.06,280,3/31/19
128,NEW DAY SUNDAY,CNN,6:00 AM,60,0.06,380,3/31/19
129,STAR VS FORCES OF EVIL,DISNEY CHANNEL,8:30 AM,30,0.06,315,3/31/19
130,COLL SOFTBALL REG SSN   L,ESPN2,8:01 PM,66,0.06,287,3/31/19
131,HEAVY RESCUE: 401,THE WEATHER CHANNEL,9:00 PM,60,0.06,386,3/31/19
132,AM JOY: N/A,MSNBC,10:00 AM,120,0.06,729,3/31/19
133,NEW DAY SUNDAY,CNN,7:00 AM,60,0.06,445,3/31/19
134,FOX & FRIENDS SUNDAY,FOX NEWS CHANNEL,6:00 AM,60,0.06,783,3/31/19
135,NELLA THE PRINCESS KNIGHT,NICK JR,11:00 AM,30,0.06,273,3/31/19
136,"PRIME MOVIE 1: GODFATHER PT 2, THE",IFC TV,9:00 PM,240,0.06,305,3/31/19
137,TENNIS: ATP TOUR MASTER L,ESPN2,1:14 PM,111,0.06,433,3/31/19
138,GO AWAY UNICORN,DISNEY CHANNEL,6:00 AM,30,0.06,318,3/31/19
139,FOOD PARADISE,COOKING CHANNEL,10:00 PM,60,0.06,186,3/31/19
140,NBA POSTGAME SHOW,NBA-TV,10:56 PM,64,0.06,171,3/31/19
141,STAR VS FORCES OF EVIL,DISNEY XD,10:00 AM,30,0.06,205,3/31/19
142,WEEKEND EXPRESS,HLN,8:00 AM,60,0.06,213,3/31/19
143,CNN NEWSROOM,CNN,6:00 PM,60,0.06,382,3/31/19
144,SOMOS LMX L,UNIVISION DEPORTES,8:00 PM,60,0.06,111,3/31/19
145,NASCAR RACEDAY L,FOX SPORTS 1,1:30 PM,60,0.05,451,3/31/19
146,DETROIT MUSCLE,HISTORY,8:30 AM,30,0.05,292,3/31/19
147,WEEKENDS WITH ALEX WITT: N/A,MSNBC,12:00 PM,120,0.05,613,3/31/19
148,CNN NEWSROOM,CNN,4:00 PM,60,0.05,375,3/31/19
149,HIGHWAY THRU HELL,THE WEATHER CHANNEL,8:00 PM,60,0.05,410,3/31/19
150,"DEVIL WEARS PRADA, THE",HBO PRIME,6:00 AM,99,0.05,119,3/31/19
1,WWE ENTERTAINMENT,USA NETWORK,9:00 PM,60,0.96,"2,754",4/1/19
2,WWE ENTERTAINMENT,USA NETWORK,8:00 PM,60,0.96,"2,788",4/1/19
3,WWE ENTERTAINMENT,USA NETWORK,10:00 PM,61,0.83,"2,374",4/1/19
4,LOVE & HIP HOP ATLANTA 8,VH1,8:00 PM,61,0.8,"1,639",4/1/19
5,VANDERPUMP RULES,BRAVO,9:00 PM,60,0.57,"1,362",4/1/19
6,TEEN MOM II SSN9,MTV,9:00 PM,62,0.5,966,4/1/19
7,LOVE & HIP HOP AWARDS,VH1,9:01 PM,60,0.46,990,4/1/19
8,STREET OUTLAWS: N/A,DISCOVERY CHANNEL,9:00 PM,121,0.44,"1,247",4/1/19
9,SPRING BAKING CHAMPION,FOOD NETWORK,9:00 PM,60,0.39,"1,274",4/1/19
10,AMERICAN DAD TBS,TBS NETWORK,10:00 PM,30,0.35,736,4/1/19
11,BETRAYED,INVESTIGATION DISCOVERY,10:00 PM,60,0.3,"1,098",4/1/19
12,TUCKER CARLSON TONIGHT,FOX NEWS CHANNEL,8:00 PM,60,0.27,"3,053",4/1/19
13,DAILY SHOW,COMEDY CENTRAL,11:00 PM,36,0.27,832,4/1/19
14,FAMILY FOOD SHOWDOWN,FOOD NETWORK,10:00 PM,60,0.25,757,4/1/19
15,ONE OF A KIND,HOME AND GARDEN TV,10:00 PM,30,0.24,"1,276",4/1/19
16,HOME TOWN,HOME AND GARDEN TV,9:00 PM,60,0.24,"1,269",4/1/19
17,MLB WEEKDAY  L: CHICAGO CUBS/ATLANTA,ESPN,7:13 PM,192,0.23,759,4/1/19
18,HOUSE HUNTERS,HOME AND GARDEN TV,8:00 PM,30,0.23,961,4/1/19
19,RACHEL MADDOW SHOW,MSNBC,9:00 PM,60,0.23,"2,489",4/1/19
20,COPS (O),PARAMOUNT,10:00 PM,30,0.23,655,4/1/19
21,HANNITY,FOX NEWS CHANNEL,9:00 PM,60,0.22,"2,939",4/1/19
22,SUMMER HOUSE,BRAVO,10:00 PM,60,0.21,570,4/1/19
23,GRAVE MYSTERIES,INVESTIGATION DISCOVERY,9:00 PM,60,0.2,842,4/1/19
24,SPRING BAKING CHAMPION,FOOD NETWORK,8:00 PM,60,0.2,755,4/1/19
25,HOUSE HUNTERS INTL,HOME AND GARDEN TV,10:30 PM,30,0.2,"1,086",4/1/19
26,THE FIRST 48,A&E NETWORK,9:00 PM,59,0.2,574,4/1/19
27,"FIVE, THE",FOX NEWS CHANNEL,5:00 PM,60,0.19,"2,592",4/1/19
28,"INGRAHAM ANGLE, THE",FOX NEWS CHANNEL,10:00 PM,60,0.19,"2,467",4/1/19
29,MLB OPENING DAY      L: SAN FRANCISCO/LA DODGERS,ESPN,10:25 PM,166,0.19,474,4/1/19
30,"STORY, THE",FOX NEWS CHANNEL,7:00 PM,60,0.18,"2,015",4/1/19
31,JESUS: HIS LIFE,HISTORY,8:00 PM,60,0.18,"1,175",4/1/19
32,WMNS NCAA BKBL CHAMP L,ESPN2,9:04 PM,109,0.18,"1,092",4/1/19
33,"SUBSTITUTE, THE",NICKELODEON,2:00 PM,30,0.18,866,4/1/19
34,LAST WORD W/ L. ODONNELL,MSNBC,10:00 PM,60,0.18,"2,058",4/1/19
35,JESUS: HIS LIFE,HISTORY,9:00 PM,60,0.18,"1,249",4/1/19
36,TEEN MOM BEING CORY,MTV,10:02 PM,61,0.18,398,4/1/19
37,CUOMO PRIME TIME,CNN,9:00 PM,60,0.17,973,4/1/19
38,INTO THE BADLANDS,AMC,10:00 PM,61,0.17,609,4/1/19
39,FOX AND FRIENDS,FOX NEWS CHANNEL,8:00 AM,60,0.17,"1,874",4/1/19
40,SPECIAL RPT W/BRET BAIER,FOX NEWS CHANNEL,6:00 PM,60,0.16,"2,211",4/1/19
41,FOX NEWS AT NIGHT,FOX NEWS CHANNEL,11:00 PM,60,0.16,"1,435",4/1/19
42,SPORTSCENTER AM      L,ESPN,12:00 PM,60,0.15,350,4/1/19
43,THE FIRST 48,A&E NETWORK,1:03 AM,59,0.15,401,4/1/19
44,"EXPENDABLES TRIPLE THREAT: EXPENDABLES, THE",AMC,7:30 PM,150,0.15,566,4/1/19
45,FIRST TAKE   L: N/A,ESPN,10:00 AM,120,0.15,400,4/1/19
46,SPORTSCENTER 1AM        L,ESPN,1:11 AM,61,0.15,300,4/1/19
47,SPORTSCENTER AM      L,ESPN,7:00 AM,60,0.15,365,4/1/19
48,WE BARE BEARS,THE CARTOON NETWORK,7:00 PM,30,0.15,518,4/1/19
49,AMERICAS NEWSROOM,FOX NEWS CHANNEL,9:00 AM,60,0.15,"1,807",4/1/19
50,NHL REGULAR SEASON  L: COLORADO/ST. LOUIS,NBC SPORTS NETWORK,8:03 PM,163,0.15,365,4/1/19
51,WMNS NCAA BKBL CHAMP L,ESPN2,7:00 PM,116,0.15,942,4/1/19
52,CNN TONIGHT,CNN,10:00 PM,60,0.15,882,4/1/19
53,MLB OPENING DAY      L,ESPN,6:01 PM,72,0.15,513,4/1/19
54,FOX AND FRIENDS,FOX NEWS CHANNEL,7:00 AM,60,0.14,"1,563",4/1/19
55,GET UP   L: N/A,ESPN,8:00 AM,120,0.14,396,4/1/19
56,HOSTILE PLANET,NATIONAL GEOGRAPHIC,9:00 PM,61,0.14,691,4/1/19
57,ALL IN W/ CHRIS HAYES,MSNBC,8:00 PM,60,0.14,"1,470",4/1/19
58,AMERICAS NEWSROOM,FOX NEWS CHANNEL,10:00 AM,60,0.14,"1,754",4/1/19
59,CORN AND PEG,NICKELODEON,9:00 AM,30,0.14,560,4/1/19
60,AMERICAS NEWSROOM,FOX NEWS CHANNEL,11:00 AM,60,0.14,"1,647",4/1/19
61,E! NEWS,E!,7:00 PM,60,0.13,423,4/1/19
62,WE BARE BEARS,THE CARTOON NETWORK,7:30 PM,30,0.13,526,4/1/19
63,ANDERSON COOPER 360,CNN,8:00 PM,60,0.13,791,4/1/19
64,ESCAPING POLYGAMY,LIFETIME TELEVISION,10:03 PM,60,0.13,427,4/1/19
65,11TH HOUR W/B. WILLIAMS,MSNBC,11:00 PM,60,0.13,"1,452",4/1/19
66,SHADOWHUNTERS,FREEFORM,8:00 PM,61,0.13,367,4/1/19
67,HARDBALL WITH C. MATTHEWS,MSNBC,7:00 PM,60,0.12,"1,355",4/1/19
68,HAUNTED HOSPITALS,TRAVEL CHANNEL,10:00 PM,60,0.12,388,4/1/19
69,SPORTSCENTER LATE       L,ESPN2,10:53 PM,67,0.12,419,4/1/19
70,MLB OPENING DAY      L: ST. LOUIS/PITTSBURGH,ESPN,1:00 PM,301,0.12,480,4/1/19
71,OUTNUMBERED,FOX NEWS CHANNEL,12:00 PM,60,0.12,"1,693",4/1/19
72,FOX AND FRIENDS,FOX NEWS CHANNEL,6:00 AM,60,0.12,"1,148",4/1/19
73,YOUR WORLD W/NEIL CAVUTO,FOX NEWS CHANNEL,4:00 PM,60,0.12,"1,458",4/1/19
74,ERIN BURNETT OUTFRONT,CNN,7:00 PM,60,0.12,684,4/1/19
75,SITUATION ROOM,CNN,6:00 PM,60,0.11,617,4/1/19
76,DAILY BRIEFING W/D.PERINO,FOX NEWS CHANNEL,2:00 PM,60,0.11,"1,347",4/1/19
77,ESCAPING POLYGAMY,LIFETIME TELEVISION,8:00 PM,58,0.11,358,4/1/19
78,OUTDAUGHTRED: QUINT CUTE: N/A,TLC,8:00 PM,180,0.11,500,4/1/19
79,CRAIG OF THE CREEK,THE CARTOON NETWORK,5:00 PM,30,0.1,427,4/1/19
80,SITUATION ROOM,CNN,5:00 PM,60,0.1,688,4/1/19
81,TEEN TITANS GO,THE CARTOON NETWORK,6:00 PM,30,0.1,418,4/1/19
82,LPBW: CLIPSHOW: N/A,TLC,6:00 PM,120,0.1,458,4/1/19
83,SHEPARD SMITH REPORTING,FOX NEWS CHANNEL,3:00 PM,60,0.1,"1,299",4/1/19
84,WILD HAWAII COMPILATION,NATIONAL GEOGRAPHIC,8:00 PM,60,0.1,533,4/1/19
85,SPORTSCENTER EARLY      L,ESPN2,6:02 PM,58,0.1,279,4/1/19
86,OUTNUMBERED OVERTIME,FOX NEWS CHANNEL,1:00 PM,60,0.1,"1,426",4/1/19
87,PARANORMAL 911,TRAVEL CHANNEL,9:00 PM,60,0.09,357,4/1/19
88,BEAT W/ARI MELBER,MSNBC,6:00 PM,60,0.09,"1,329",4/1/19
89,SPORTSCENTER 12AM  L,ESPN2,12:00 AM,60,0.09,263,4/1/19
90,FEAR THE WOODS,TRAVEL CHANNEL,8:00 PM,60,0.09,387,4/1/19
91,KNIGHTFALL,HISTORY,10:00 PM,62,0.09,555,4/1/19
92,MTP DAILY,MSNBC,5:00 PM,60,0.09,"1,235",4/1/19
93,GALAPAGOS,NATIONAL GEOGRAPHIC,10:01 PM,60,0.09,508,4/1/19
94,LEAD WITH JAKE TAPPER,CNN,4:00 PM,60,0.09,626,4/1/19
95,DEADLINE:WHITE HOUSE,MSNBC,4:00 PM,60,0.09,"1,292",4/1/19
96,NEW DAY,CNN,8:00 AM,60,0.08,491,4/1/19
97,HAUNTED CASE FILES,TRAVEL CHANNEL,11:00 PM,60,0.08,301,4/1/19
98,CNN RIGHT NOW,CNN,1:00 PM,60,0.08,580,4/1/19
99,MORNING JOE: N/A,MSNBC,6:00 AM,180,0.08,956,4/1/19
100,CNN TONIGHT,CNN,11:00 PM,60,0.08,659,4/1/19
101,30 MINUTE MEALS,FOOD NETWORK,12:00 PM,30,0.08,371,4/1/19
102,CORN AND PEG,NICK JR,8:00 PM,30,0.08,399,4/1/19
103,CNN NEWSROOM,CNN,9:00 AM,60,0.07,538,4/1/19
104,UNDISPUTED L: 640,FOX SPORTS 1,9:30 AM,150,0.07,161,4/1/19
105,NIGHTLY POP,E!,10:30 PM,30,0.07,226,4/1/19
106,NBA: THE JUMP L,ESPN2,3:00 PM,60,0.07,177,4/1/19
107,CNN NEWSROOM,CNN,2:00 PM,60,0.07,582,4/1/19
108,IN ICE COLD BLOOD,OXYGEN MEDIA,8:00 PM,60,0.07,236,4/1/19
109,NBA REGULAR SEASON   L: MIAMI/BOSTON,NBA-TV,7:30 PM,145,0.07,236,4/1/19
110,PREMIER LEAGUE L: NEWCASTLE/ARSENAL,NBC SPORTS NETWORK,2:53 PM,133,0.07,220,4/1/19
111,"BOURNE IDENTITY, THE",HBO PRIME,4:55 PM,118,0.07,198,4/1/19
112,INSIDE POLITICS,CNN,12:00 PM,60,0.07,527,4/1/19
113,MEET THE PEETES,HALLMARK CHANNEL,10:00 PM,60,0.07,341,4/1/19
114,NHL LIVE POST,NBC SPORTS NETWORK,10:46 PM,44,0.07,189,4/1/19
115,MAINE CABIN MASTERS,DIY NETWORK,9:00 PM,60,0.07,358,4/1/19
116,CNN NEWSROOM,CNN,3:00 PM,60,0.06,590,4/1/19
117,SPORTSCENTER AM      L,ESPN2,9:00 AM,60,0.06,151,4/1/19
118,MORNING EXPRESS W/ MEADE,HLN,6:00 AM,60,0.06,231,4/1/19
119,PARDON THE INTERRUPTION,ESPNEWS,5:30 PM,30,0.06,165,4/1/19
120,NEW DAY,CNN,7:00 AM,60,0.06,373,4/1/19
121,NFL LIVE                L,ESPN2,1:30 PM,90,0.06,182,4/1/19
122,CNN NEWSROOM,CNN,10:00 AM,60,0.06,542,4/1/19
123,FIRST TAKE,ESPN2,12:00 PM,60,0.06,151,4/1/19
124,AT THIS HOUR,CNN,11:00 AM,60,0.06,538,4/1/19
125,SPORTSCENTER AM      L,ESPN2,8:00 AM,60,0.06,123,4/1/19
126,MSNBC LIVE W/ S.RUHLE,MSNBC,9:00 AM,60,0.06,951,4/1/19
127,ONE CHAMPIONSHIP MMA: A NEW ERA,TURNER NETWORK TELEVISION,11:45 PM,120,0.06,176,4/1/19
128,HAUNTED CASE FILES,TRAVEL CHANNEL,3:00 PM,60,0.06,221,4/1/19
129,MLB OPENING DAY      L: CHICAGO/CLEVELAND,ESPN2,4:00 PM,122,0.06,179,4/1/19
130,MSNBC LIVE W/ C.MELVIN,MSNBC,11:00 AM,60,0.06,716,4/1/19
131,MSNBC LIVE W/ H.JACKSON,MSNBC,10:00 AM,60,0.05,821,4/1/19
132,OTL – FIRST REPORT   L,ESPN2,1:00 PM,30,0.05,145,4/1/19
133,AMERICA SAYS,GSN,9:00 PM,30,0.05,347,4/1/19
134,AROUND THE HORN,ESPNEWS,5:00 PM,30,0.05,126,4/1/19
135,NBA REGULAR SEASON   L: CLEVELAND/PHOENIX,NBA-TV,9:55 PM,147,0.05,179,4/1/19
136,MSNBC LIVE W/VELSHI&RUHLE,MSNBC,1:00 PM,60,0.05,784,4/1/19
137,THOSE WHO CANT,TRUTV,10:00 PM,30,0.05,114,4/1/19
138,"BABIES, BABIES, BABIES",TLC,5:30 PM,30,0.05,167,4/1/19
139,MSNBC LIVE W/ A.VELSHI,MSNBC,3:00 PM,60,0.05,780,4/1/19
140,NEW DAY,CNN,6:00 AM,60,0.05,316,4/1/19
141,MORNING EXPRESS W/ MEADE,HLN,7:00 AM,60,0.05,227,4/1/19
142,JONAH HEX,HBO PRIME,1:45 PM,81,0.05,135,4/1/19
143,SQUAWK ON THE STREET: N/A,CNBC,9:00 AM,120,0.05,226,4/1/19
144,MORNING EXPRESS W/ MEADE,HLN,8:00 AM,60,0.05,197,4/1/19
145,GHOSTS OF GIRLFRIENDS PAS,HBO PRIME,3:10 PM,101,0.05,110,4/1/19
146,"PELICAN BRIEF, THE: PELICAN BRIEF, THE",HBO PRIME,11:20 AM,141,0.04,105,4/1/19
147,E! NEWS: DAILY POP I,E!,12:00 PM,60,0.04,113,4/1/19
148,LIFE OF THE PARTY,HBO PRIME,8:00 PM,105,0.04,120,4/1/19
149,AMHQ,THE WEATHER CHANNEL,7:00 AM,60,0.04,182,4/1/19
150,GET UP: N/A,ESPN2,10:00 AM,120,0.04,118,4/1/19
1,LIVE PD: 196 LIVE PD,A&E NETWORK,9:00 PM,180,0.67,"2,068",4/5/19
2,WMNS NCAA BKBL CHAMP L,ESPN2,9:20 PM,115,0.41,"2,139",4/5/19
3,NBA REGULAR SEASON     L: PORTLAND/DENVER,ESPN,10:38 PM,141,0.39,952,4/5/19
4,NBA REGULAR SEASON     L: BOSTON/INDIANA,ESPN,8:13 PM,145,0.38,979,4/5/19
5,GOLD RUSH:PARKERS TRAIL,DISCOVERY CHANNEL,9:00 PM,61,0.36,"1,498",4/5/19
6,NBA AFTER THE BUZZER  L,ESPN,12:59 AM,15,0.33,740,4/5/19
7,MY LOTTERY DREAM HOME,HOME AND GARDEN TV,9:00 PM,30,0.32,"1,714",4/5/19
8,LIVE PD AC,A&E NETWORK,8:06 PM,52,0.3,"1,073",4/5/19
9,NCAA WBKBL CHAMP STUDIO L,ESPN2,8:57 PM,23,0.3,"1,664",4/5/19
10,GOLD RUSH: DAVE TURIN,DISCOVERY CHANNEL,10:01 PM,64,0.3,"1,229",4/5/19
11,NBA COURTSIDE  L,ESPN,8:00 PM,13,0.29,712,4/5/19
12,GOLD RUSH:PARK TRAIL SPC,DISCOVERY CHANNEL,8:00 PM,60,0.29,"1,291",4/5/19
13,SPORTSCENTER 12AM  L,ESPN,1:14 AM,46,0.28,614,4/5/19
14,WMNS NCAA BKBL CHAMP L,ESPN2,6:59 PM,118,0.24,"1,485",4/5/19
15,TUCKER CARLSON TONIGHT,FOX NEWS CHANNEL,8:00 PM,60,0.23,"2,565",4/5/19
16,MAMA JUNE FROM NOT TO HOT,WETV,9:00 PM,60,0.23,752,4/5/19
17,REAL TIME WITH BILL MAHER,HBO PRIME,10:00 PM,56,0.23,"1,447",4/5/19
18,PARDON THE INTERRUPTION,ESPN,5:30 PM,30,0.23,638,4/5/19
19,"DINERS, DRIVE INS & DIVES",FOOD NETWORK,9:00 PM,30,0.22,881,4/5/19
20,SPORTSCENTER MORNING    L,ESPN,2:00 AM,60,0.22,463,4/5/19
21,"FIVE, THE",FOX NEWS CHANNEL,5:00 PM,60,0.22,"2,293",4/5/19
22,"DINERS, DRIVE INS & DIVES",FOOD NETWORK,9:30 PM,30,0.22,848,4/5/19
23,RIDICULOUSNESS SSN13,MTV,8:00 PM,31,0.22,474,4/5/19
24,"DINERS, DRIVE INS & DIVES",FOOD NETWORK,12:00 AM,30,0.2,546,4/5/19
25,NBA PRE-GAME    L,ESPN,7:00 PM,60,0.19,417,4/5/19
26,"DINERS, DRIVE INS & DIVES",FOOD NETWORK,12:30 AM,30,0.19,523,4/5/19
27,SECRETS OF THE MORGUE,INVESTIGATION DISCOVERY,11:00 PM,60,0.19,811,4/5/19
28,HIGHLY QUESTIONABLE,ESPN,4:30 PM,30,0.19,425,4/5/19
29,AROUND THE HORN,ESPN,5:00 PM,30,0.19,441,4/5/19
30,SPORTSCENTER EARLY      L,ESPN,6:00 PM,60,0.18,407,4/5/19
31,SPORTSCENTER LATE       L,ESPN2,11:15 PM,45,0.18,702,4/5/19
32,HANNITY,FOX NEWS CHANNEL,9:00 PM,60,0.18,"2,353",4/5/19
33,SPECIAL RPT W/BRET BAIER,FOX NEWS CHANNEL,6:00 PM,60,0.17,"1,785",4/5/19
34,FIRST TAKE   L: N/A,ESPN,10:00 AM,120,0.17,402,4/5/19
35,COMEDY CENTRAL ROAST,COMEDY CENTRAL,9:30 PM,90,0.17,322,4/5/19
36,DONT BE TARDY,BRAVO,9:00 PM,30,0.17,566,4/5/19
37,CRASHLETES,NICKELODEON,7:00 PM,30,0.17,658,4/5/19
38,SPORTSCENTER AM      L,ESPN,7:00 AM,60,0.17,339,4/5/19
39,HIGH NOON (9AM PACIFIC),ESPN,4:00 PM,30,0.16,348,4/5/19
40,RACHEL MADDOW SHOW,MSNBC,9:00 PM,60,0.16,"2,049",4/5/19
41,THOMAS AND FRIENDS,NICKELODEON,12:30 PM,30,0.16,635,4/5/19
42,GHOST ADV REPACK: TGA-13R1R01H,TRAVEL CHANNEL,9:00 PM,120,0.16,460,4/5/19
43,SECRETS OF THE MORGUE,INVESTIGATION DISCOVERY,10:00 PM,60,0.15,688,4/5/19
44,GET UP   L: N/A,ESPN,8:00 AM,120,0.15,356,4/5/19
45,"STORY, THE",FOX NEWS CHANNEL,7:00 PM,60,0.15,"1,528",4/5/19
46,"OFFICE, THE",NICK-AT-NITE,10:00 PM,30,0.15,429,4/5/19
47,SYDNEY TO THE MAX,DISNEY CHANNEL,8:30 PM,30,0.15,571,4/5/19
48,FOX AND FRIENDS,FOX NEWS CHANNEL,8:00 AM,60,0.15,"1,848",4/5/19
49,"OFFICE, THE",NICK-AT-NITE,10:30 PM,30,0.14,361,4/5/19
50,FOX AND FRIENDS,FOX NEWS CHANNEL,7:00 AM,60,0.14,"1,542",4/5/19
51,LOVE IT LIST IT TOO,HOME AND GARDEN TV,11:00 AM,60,0.14,560,4/5/19
52,SPORTSCENTER AM      L,ESPN,12:00 PM,60,0.14,276,4/5/19
53,AMERICAS NEWSROOM,FOX NEWS CHANNEL,10:00 AM,60,0.14,"1,571",4/5/19
54,"MEG, THE",HBO PRIME,8:00 PM,113,0.14,411,4/5/19
55,SHEPARD SMITH REPORTING,FOX NEWS CHANNEL,3:00 PM,60,0.13,"1,193",4/5/19
56,NBA: THE JUMP L,ESPN,3:00 PM,60,0.13,287,4/5/19
57,"INGRAHAM ANGLE, THE",FOX NEWS CHANNEL,10:00 PM,60,0.13,"1,776",4/5/19
58,LAST WORD W/ L. ODONNELL,MSNBC,10:00 PM,60,0.13,"1,576",4/5/19
59,LOVE IT LIST IT TOO,HOME AND GARDEN TV,10:00 AM,60,0.13,530,4/5/19
60,ANDERSON COOPER 360,CNN,8:00 PM,60,0.13,816,4/5/19
61,ANCIENT ALIENS,HISTORY,8:00 PM,119,0.12,766,4/5/19
62,CUOMO PRIME TIME,CNN,9:00 PM,60,0.12,812,4/5/19
63,ERIN BURNETT OUTFRONT,CNN,7:00 PM,60,0.12,643,4/5/19
64,YOUR WORLD W/NEIL CAVUTO,FOX NEWS CHANNEL,4:00 PM,60,0.12,"1,247",4/5/19
65,DAILY BRIEFING W/D.PERINO,FOX NEWS CHANNEL,2:00 PM,60,0.12,"1,115",4/5/19
66,PUPPY DOG PALS,DISNEY CHANNEL,9:30 AM,25,0.12,543,4/5/19
67,THIS IS NOT HAPPENING,COMEDY CENTRAL,11:00 PM,30,0.12,245,4/5/19
68,AMERICAS NEWSROOM,FOX NEWS CHANNEL,9:00 AM,60,0.11,"1,641",4/5/19
69,OUTNUMBERED OVERTIME,FOX NEWS CHANNEL,1:00 PM,60,0.11,"1,219",4/5/19
70,AMERICAS NEWSROOM,FOX NEWS CHANNEL,11:00 AM,60,0.11,"1,398",4/5/19
71,ANCIENT ALIENS,HISTORY,12:03 AM,119,0.11,572,4/5/19
72,MOVIE- LMN ACQUIRED PREM: I ALMOST MARRIED SRL KLLR,LIFETIME MOVIE NETWORK,8:00 PM,120,0.11,500,4/5/19
73,GIGANTOSAURUS,DISNEY CHANNEL,9:00 AM,25,0.11,456,4/5/19
74,11TH HOUR W/B. WILLIAMS,MSNBC,11:00 PM,60,0.11,"1,031",4/5/19
75,FOX NEWS AT NIGHT,FOX NEWS CHANNEL,11:00 PM,60,0.11,"1,134",4/5/19
76,BRIDEZILLAS,WETV,10:00 PM,60,0.11,335,4/5/19
77,LIGA MX L: PUEBLA / MONARCAS,UNIVISION DEPORTES,11:00 PM,130,0.11,295,4/5/19
78,ALL IN W/ CHRIS HAYES,MSNBC,8:00 PM,60,0.11,"1,491",4/5/19
79,SITUATION ROOM,CNN,6:00 PM,60,0.11,612,4/5/19
80,NFL LIVE                L,ESPN,1:30 PM,90,0.1,263,4/5/19
81,OUTNUMBERED,FOX NEWS CHANNEL,12:00 PM,60,0.1,"1,503",4/5/19
82,CNN TONIGHT,CNN,10:00 PM,60,0.1,642,4/5/19
83,CNN NEWSROOM,CNN,3:00 PM,60,0.1,625,4/5/19
84,OTL – FIRST REPORT   L,ESPN,1:00 PM,30,0.09,223,4/5/19
85,ANIMAL CRIBS,ANIMAL PLANET,9:00 PM,60,0.09,328,4/5/19
86,MICKEY AND THE ROADSTER,DISNEY CHANNEL,10:00 AM,25,0.09,495,4/5/19
87,LEAD WITH JAKE TAPPER,CNN,4:00 PM,60,0.09,641,4/5/19
88,INSIDE POLITICS,CNN,12:00 PM,60,0.09,574,4/5/19
89,DEADLINE:WHITE HOUSE,MSNBC,4:00 PM,60,0.09,"1,394",4/5/19
90,CNN NEWSROOM,CNN,2:00 PM,60,0.09,606,4/5/19
91,FOX AND FRIENDS,FOX NEWS CHANNEL,6:00 AM,60,0.09,"1,095",4/5/19
92,HARDBALL WITH C. MATTHEWS,MSNBC,7:00 PM,60,0.09,"1,251",4/5/19
93,SITUATION ROOM,CNN,5:00 PM,60,0.09,683,4/5/19
94,AT THIS HOUR,CNN,11:00 AM,60,0.09,577,4/5/19
95,MTP DAILY,MSNBC,5:00 PM,60,0.09,"1,192",4/5/19
96,CNN RIGHT NOW,CNN,1:00 PM,60,0.08,604,4/5/19
97,CNN NEWSROOM,CNN,9:00 AM,60,0.08,566,4/5/19
98,30 MINUTE MEALS,FOOD NETWORK,12:00 PM,30,0.08,349,4/5/19
99,CNN TONIGHT,CNN,11:00 PM,60,0.08,478,4/5/19
100,GHOST ADV REPACK: TGA-13R1R01H,TRAVEL CHANNEL,12:00 AM,120,0.08,215,4/5/19
101,MORNING JOE: N/A,MSNBC,6:00 AM,180,0.08,"1,003",4/5/19
102,NEW DAY,CNN,8:00 AM,60,0.08,505,4/5/19
103,NASCAR M.E. CUP QUALIFY L,FOX SPORTS 1,6:00 PM,60,0.08,395,4/5/19
104,DATELINE: SECRETS UNCOVRD: 614 FAMILY BUSINESS,OXYGEN MEDIA,7:00 PM,120,0.08,334,4/5/19
105,SPORTSCENTER 12AM  L,ESPN2,12:00 AM,60,0.08,284,4/5/19
106,BEAT W/ARI MELBER,MSNBC,6:00 PM,60,0.08,"1,077",4/5/19
107,CNN NEWSROOM,CNN,10:00 AM,60,0.08,587,4/5/19
108,MSNBC LIVE W/ S.RUHLE,MSNBC,9:00 AM,60,0.08,974,4/5/19
109,PREMIER LEAGUE L: LIVERPOOL/SOUTHAMPTON,NBC SPORTS NETWORK,2:54 PM,134,0.07,231,4/5/19
110,HOT ROD GARAGE,MOTOR TREND,9:00 PM,30,0.07,257,4/5/19
111,FANCY NANCY,DISNEY CHANNEL,10:30 AM,25,0.07,389,4/5/19
112,LIGA MX L: VERACRUZ / ATLAS,UNIVISION DEPORTES,8:30 PM,150,0.07,189,4/5/19
113,ANDREA MITCHELL REPORTS,MSNBC,12:00 PM,60,0.07,889,4/5/19
114,MSNBC LIVE W/VELSHI&RUHLE,MSNBC,1:00 PM,60,0.07,805,4/5/19
115,MSNBC LIVE W/ H.JACKSON,MSNBC,10:00 AM,60,0.07,887,4/5/19
116,UNDISPUTED L: 644,FOX SPORTS 1,9:30 AM,150,0.07,158,4/5/19
117,E! NEWS,E!,7:00 PM,60,0.07,273,4/5/19
118,WYATT CENACS PROBLEM AREA,HBO PRIME,11:00 PM,31,0.07,299,4/5/19
119,CAKE MASTERS,COOKING CHANNEL,8:00 PM,60,0.07,231,4/5/19
120,LAW & ORDER,SUNDANCE TV,9:00 PM,60,0.06,312,4/5/19
121,NCAA WBKBL CHAMP STUDIO L,ESPN2,6:38 PM,21,0.06,303,4/5/19
122,MSNBC LIVE W/ C.MELVIN,MSNBC,11:00 AM,60,0.06,815,4/5/19
123,LEGENDARY CATCH,NATIONAL GEOGRAPHIC,11:00 PM,60,0.06,246,4/5/19
124,NEW DAY,CNN,7:00 AM,60,0.06,439,4/5/19
125,MSNBC LIVE W/ A.VELSHI,MSNBC,3:00 PM,60,0.06,825,4/5/19
126,NFL LIVE,ESPN2,1:00 AM,60,0.06,185,4/5/19
127,MSNBC LIVE W/K.TUR,MSNBC,2:00 PM,60,0.06,766,4/5/19
128,TEXAS FLIP AND MOVE,DIY NETWORK,9:00 PM,60,0.06,318,4/5/19
129,LAW & ORDER,SUNDANCE TV,11:00 PM,60,0.05,305,4/5/19
130,CAKE MASTERS,COOKING CHANNEL,9:00 PM,60,0.05,151,4/5/19
131,MORNING EXPRESS W/ MEADE,HLN,6:00 AM,60,0.05,217,4/5/19
132,NEW DAY,CNN,6:00 AM,60,0.05,376,4/5/19
133,PGA TOUR: 2019 VALERO TEXAS OPEN,GOLF CHANNEL,4:00 PM,180,0.05,409,4/5/19
134,LAW & ORDER,SUNDANCE TV,10:00 PM,60,0.05,302,4/5/19
135,NASCAR XFINITY FIN PRAC L,FOX SPORTS 1,5:00 PM,60,0.05,191,4/5/19
136,LAW & ORDER,SUNDANCE TV,7:00 PM,60,0.05,204,4/5/19
137,CAKE MASTERS,COOKING CHANNEL,10:00 PM,60,0.05,136,4/5/19
138,SHOBOX: NEW GEN 2019,SHOWTIME PRIME,11:01 PM,12,0.05,151,4/5/19
139,PREMIER LEAGUE GOAL ZONE,NBC SPORTS NETWORK,5:08 PM,23,0.04,119,4/5/19
140,LAW & ORDER,SUNDANCE TV,8:00 PM,60,0.04,263,4/5/19
141,FIRST TAKE: N/A,ESPN2,12:00 PM,120,0.04,102,4/5/19
142,MORNING EXPRESS W/ MEADE,HLN,8:00 AM,60,0.04,191,4/5/19
143,UNCOVERED: BEN YAHWEH: 100 SPECIAL,OXYGEN MEDIA,11:00 PM,120,0.04,162,4/5/19
144,SPORTSCENTER AM      L,ESPN2,9:00 AM,60,0.04,104,4/5/19
145,PRIME BASEBALL GAME: OAK AT HOU/CHC AT MIL,MLB NETWORK,8:11 PM,183,0.04,186,4/5/19
146,DAYTIME MOVIE: WEDDING CRASHERS,FREEFORM,11:00 AM,150,0.04,99,4/5/19
147,VICE NEWS TONIGHT,HBO PRIME,7:30 PM,29,0.04,218,4/5/19
148,JUSTICE LEAGUE: JUSTICE LEAGUE,MAXPRIME,7:55 PM,120,0.04,159,4/5/19
149,READY PLAYER ONE: READY PLAYER ONE,HBO PRIME,2:10 PM,140,0.04,95,4/5/19
150,"SHAWSHANK REDEMPTION, THE: SHAWSHANK REDEMPTION, THE",POP,7:00 PM,210,0.04,140,4/5/19
1,REAL HOUSEWIVES ATLANTA,BRAVO,8:00 PM,60,0.87,"2,346",4/7/19
2,WMNS NCAA BKBL CHAMP L: NOTRE DAME/BAYLOR,ESPN,6:15 PM,128,0.75,"3,689",4/7/19
3,KEEPING UP KARDASHIANS,E!,9:00 PM,59,0.53,"1,125",4/7/19
4,MLB SUNDAY NIGHT        L: LA DODGERS/COLORADO,ESPN,8:32 PM,238,0.48,"1,498",4/7/19
5,BUDDY VS DUFF,FOOD NETWORK,9:00 PM,60,0.44,"1,452",4/7/19
6,NASCAR M.E. CUP RACING L: BRISTOL,FOX SPORTS 1,1:46 PM,205,0.42,"2,806",4/7/19
7,MARRIED TO MEDICINE LA,BRAVO,9:00 PM,60,0.35,"1,070",4/7/19
8,SISTER WIVES,TLC,8:00 PM,61,0.35,"1,473",4/7/19
9,EXP UNKNOWN: EGYPT LIVE: N/A,DISCOVERY CHANNEL,8:00 PM,128,0.34,"1,467",4/7/19
10,EVIL LIVES HERE,INVESTIGATION DISCOVERY,8:00 PM,60,0.33,"1,333",4/7/19
11,HOW CLOSE CAN I BEACH,HOME AND GARDEN TV,8:00 PM,30,0.33,"1,299",4/7/19
12,NCAA STUDIO UPDATE  L,ESPN,6:00 PM,15,0.32,"1,674",4/7/19
13,HOW CLOSE CAN I BEACH,HOME AND GARDEN TV,8:30 PM,30,0.31,"1,244",4/7/19
14,MEDITERRANEAN LIFE,HOME AND GARDEN TV,10:00 PM,30,0.31,"1,293",4/7/19
15,CARIBBEAN LIFE,HOME AND GARDEN TV,9:00 PM,30,0.3,"1,214",4/7/19
16,MADELEINE MCCANN: AN ID M: N/A,INVESTIGATION DISCOVERY,9:00 PM,120,0.3,"1,213",4/7/19
17,CARIBBEAN LIFE,HOME AND GARDEN TV,9:30 PM,30,0.29,"1,243",4/7/19
18,NASCAR ME CUP POST L,FOX SPORTS 1,5:11 PM,19,0.29,"1,761",4/7/19
19,LAST WEEK TONIGHT,HBO PRIME,11:02 PM,29,0.28,921,4/7/19
20,SEEKING SISTER WIFE: N/A,TLC,9:01 PM,123,0.28,"1,062",4/7/19
21,MEDITERRANEAN LIFE,HOME AND GARDEN TV,10:30 PM,30,0.27,"1,209",4/7/19
22,VERY CAVALLARI,E!,10:00 PM,60,0.26,537,4/7/19
23,WWE WRESTLEMANIA KICKOFF,USA NETWORK,6:00 PM,60,0.26,749,4/7/19
24,BAR RESCUE,PARAMOUNT,10:00 PM,61,0.25,530,4/7/19
25,WATCH WHAT HAPPENS LIVE,BRAVO,10:00 PM,30,0.25,743,4/7/19
26,LAZOR WULF,ADULT SWIM,12:00 AM,15,0.25,550,4/7/19
27,WICKED TUNA,NATIONAL GEOGRAPHIC,9:00 PM,60,0.23,908,4/7/19
28,GIRL MEETS FARM,FOOD NETWORK,11:00 AM,30,0.22,988,4/7/19
29,SPORTSCENTER LATE       L,ESPN,12:30 AM,90,0.22,496,4/7/19
30,SPORTSCENTER WEEKEND-AM L,ESPN,12:00 PM,60,0.21,505,4/7/19
31,LAZOR WULF,ADULT SWIM,12:15 AM,15,0.2,454,4/7/19
32,SPORTSCENTER WEEKEND-AM L,ESPN,11:00 AM,60,0.2,492,4/7/19
33,30 MINUTE MEALS,FOOD NETWORK,12:00 PM,30,0.19,906,4/7/19
34,BILLIONS S4,SHOWTIME PRIME,9:01 PM,58,0.19,886,4/7/19
35,AMERICAN PICKERS AC,HISTORY,10:05 PM,58,0.18,"1,029",4/7/19
36,GIADA ENTERTAINS,FOOD NETWORK,11:30 AM,30,0.18,788,4/7/19
37,"DISCOVERY OF WITCHES, A",AMC,9:00 PM,63,0.17,853,4/7/19
38,SPORTSCENTER WEEKEND-AM L,ESPN,10:00 AM,60,0.17,425,4/7/19
39,E:60                    L,ESPN,9:00 AM,60,0.17,435,4/7/19
40,SPORTSCENTER WEEKEND-AM L,ESPN,8:00 AM,60,0.16,451,4/7/19
41,THE A&E MOVIE: STEP BROTHERS,A&E NETWORK,10:01 PM,120,0.16,350,4/7/19
42,SNAPPED,OXYGEN MEDIA,6:00 PM,60,0.16,538,4/7/19
43,SISTER WIVES: MORE TO LOV,TLC,7:00 PM,60,0.16,672,4/7/19
44,"OFFICE, THE",NICK-AT-NITE,10:00 PM,30,0.16,477,4/7/19
45,RAINBOW BUTTERFLY UNICORN,NICKELODEON,11:00 AM,30,0.15,652,4/7/19
46,KILLING EVE,AMC,8:00 PM,60,0.15,769,4/7/19
47,SPORTSCENTER WEEKEND-AM L,ESPN,7:00 AM,60,0.15,397,4/7/19
48,VEEP,HBO PRIME,10:32 PM,29,0.15,473,4/7/19
49,BARRY,HBO PRIME,10:01 PM,30,0.15,424,4/7/19
50,USA SOCCER WOMEN        L: USA/BELGIUM,ESPN2,9:00 PM,128,0.15,439,4/7/19
51,REAL HOUSEWIVES ATLANTA,BRAVO,11:30 PM,61,0.15,456,4/7/19
52,"ZOO, THE",ANIMAL PLANET,8:00 PM,60,0.14,710,4/7/19
53,"OFFICE, THE",NICK-AT-NITE,10:30 PM,30,0.14,417,4/7/19
54,"MEG, THE",HBO PRIME,4:30 PM,113,0.13,461,4/7/19
55,"CHI, THE S2",SHOWTIME PRIME,10:01 PM,56,0.13,454,4/7/19
56,DC SUPER HERO G (SERIES),THE CARTOON NETWORK,4:00 PM,30,0.13,451,4/7/19
57,PREMIER LEAGUE L: ARSENAL/EVERTON,NBC SPORTS NETWORK,8:58 AM,135,0.13,381,4/7/19
58,NCAA WBKBL CHAMP STUDIO L,ESPN,5:02 PM,58,0.12,600,4/7/19
59,MICKEYS GREAT CLUBHOUSE H,DISNEY JUNIOR,2:10 PM,50,0.12,472,4/7/19
60,SP FIXER UPPER,HOME AND GARDEN TV,8:00 AM,60,0.12,406,4/7/19
61,PPG 2016,THE CARTOON NETWORK,4:30 PM,30,0.11,387,4/7/19
62,BUSH YEARS,CNN,10:00 PM,60,0.11,541,4/7/19
63,FOX & FRIENDS SUNDAY,FOX NEWS CHANNEL,8:00 AM,60,0.11,"1,437",4/7/19
64,NASCAR RACEDAY L,FOX SPORTS 1,12:30 PM,76,0.11,782,4/7/19
65,WICKED TUNA COMPILATION,NATIONAL GEOGRAPHIC,8:00 PM,60,0.11,490,4/7/19
66,VERY SCARY PEOPLE,HLN,10:00 PM,60,0.11,523,4/7/19
67,"LIFE, LIBERTY AND LEVIN",FOX NEWS CHANNEL,10:00 PM,60,0.1,"1,433",4/7/19
68,SAVAGE KINGDOM,NATIONAL GEOGRAPHIC,10:00 PM,60,0.1,517,4/7/19
69,FOX NEWS SUNDAY,FOX NEWS CHANNEL,2:00 PM,60,0.1,"1,031",4/7/19
70,EXP UNKNOWN: EGYPT LIVE: TEUEL-101H,TRAVEL CHANNEL,8:00 PM,128,0.1,523,4/7/19
71,NBA REGULAR SEASON   L: UTAH/LA LAKERS,NBA-TV,9:35 PM,146,0.1,291,4/7/19
72,SUNDAY MOVIE: REAL STEEL,FREEFORM,8:45 PM,185,0.1,287,4/7/19
73,TRICKY DICK,CNN,9:00 PM,60,0.1,680,4/7/19
74,KILLING EVE,BBC-AMERICA,8:00 PM,60,0.1,403,4/7/19
75,MISSION DECLASSIFIED,TRAVEL CHANNEL,10:08 PM,56,0.1,427,4/7/19
76,NHRA D: LAS VEGAS,FOX SPORTS 1,5:30 PM,181,0.1,713,4/7/19
77,MEGA MAN 2018,THE CARTOON NETWORK,6:30 AM,15,0.1,243,4/7/19
78,FAREED ZAKARIA: GPS,CNN,10:00 AM,60,0.1,693,4/7/19
79,SHIMMER AND SHINE,NICK JR,11:00 AM,30,0.1,382,4/7/19
80,PREMIER LEAGUE GOAL ZONE,NBC SPORTS NETWORK,11:13 AM,47,0.1,282,4/7/19
81,MURDER FOR HIRE,OXYGEN MEDIA,7:00 PM,60,0.1,431,4/7/19
82,RELIABLE SOURCES,CNN,11:00 AM,60,0.1,696,4/7/19
83,"NUN, THE",HBO PRIME,8:15 PM,97,0.1,283,4/7/19
84,AMERICAS NEWS HQ,FOX NEWS CHANNEL,1:00 PM,60,0.1,975,4/7/19
85,PAID PROGRAM,USA NETWORK,7:00 AM,30,0.09,261,4/7/19
86,"NEXT REVOLUTION, THE",FOX NEWS CHANNEL,9:00 PM,60,0.09,"1,230",4/7/19
87,FOX & FRIENDS SUNDAY,FOX NEWS CHANNEL,9:00 AM,60,0.09,"1,339",4/7/19
88,BBCA MOVIE: MR AND MRS SMITH,BBC-AMERICA,5:30 PM,150,0.09,255,4/7/19
89,KILLING EVE BONUS MARA,AMC,6:59 PM,60,0.09,478,4/7/19
90,SPORTSCENTER WEEKEND-AM L,ESPN2,9:00 AM,60,0.09,248,4/7/19
91,FOX & FRIENDS SUNDAY,FOX NEWS CHANNEL,7:00 AM,60,0.09,"1,152",4/7/19
92,AMERICAS NEWS HQ,FOX NEWS CHANNEL,4:00 PM,60,0.09,775,4/7/19
93,NBA GAMETIME LIVE,NBA-TV,9:09 PM,26,0.09,254,4/7/19
94,CNN NEWSROOM,CNN,8:00 PM,60,0.09,592,4/7/19
95,KILLING EVE BONUS MARA,AMC,12:47 PM,62,0.09,346,4/7/19
96,KILLING EVE BONUS MARA,AMC,1:49 PM,62,0.09,374,4/7/19
97,AM JOY: N/A,MSNBC,10:00 AM,120,0.09,789,4/7/19
98,CNN NEWSROOM,CNN,6:00 PM,60,0.08,606,4/7/19
99,MLS REGULAR SEASON      L: FC CINCINNATI/SPORTING KANSAS CITY,ESPN,2:56 PM,126,0.08,239,4/7/19
100,CNN NEWSROOM,CNN,7:00 PM,60,0.08,567,4/7/19
101,KILLING EVE BONUS MARA,AMC,4:55 PM,62,0.08,415,4/7/19
102,KILLING EVE BONUS MARA,AMC,2:51 PM,62,0.08,368,4/7/19
103,UNCENSORED,TV ONE,10:00 PM,60,0.08,266,4/7/19
104,EVAN GOES WILD,ANIMAL PLANET,9:01 PM,60,0.08,403,4/7/19
105,AMERICAN GODS 2,STARZ PRIMARY,8:01 PM,55,0.08,306,4/7/19
106,E:60,ESPN2,10:00 AM,60,0.08,159,4/7/19
107,AMERICAS NEWS HQ,FOX NEWS CHANNEL,12:00 PM,60,0.08,"1,105",4/7/19
108,LADYGANG,E!,11:00 PM,30,0.08,202,4/7/19
109,WICKED TUNA: HOOKED UP,NATIONAL GEOGRAPHIC,7:00 PM,60,0.08,359,4/7/19
110,NBA POSTGAME SHOW,NBA-TV,12:01 AM,59,0.08,160,4/7/19
111,VERY SCARY PEOPLE,HLN,9:00 PM,60,0.08,411,4/7/19
112,FOX REPORT WITH JON SCOTT,FOX NEWS CHANNEL,6:00 PM,60,0.08,969,4/7/19
113,NBA REGULAR SEASON   L: PHOENIX/HOUSTON,NBA-TV,7:03 PM,126,0.08,212,4/7/19
114,TRNING PT W DR D JEREMIAH,USA NETWORK,7:30 AM,30,0.08,240,4/7/19
115,REAL HOUSEWIVES ATLANTA,BRAVO,1:32 AM,60,0.08,264,4/7/19
116,MEDIA BUZZ,FOX NEWS CHANNEL,11:00 AM,60,0.08,"1,353",4/7/19
117,KILLING EVE BONUS MARA,AMC,3:53 PM,62,0.08,368,4/7/19
118,EXP UNKNOWN: EGYPT LIVE: N/A,SCIENCE,8:00 PM,128,0.08,411,4/7/19
119,PGA TOUR,GOLF CHANNEL,1:07 PM,74,0.08,645,4/7/19
120,SCANDALOUS,FOX NEWS CHANNEL,8:00 PM,60,0.08,841,4/7/19
121,STATE OF THE UNION,CNN,9:00 AM,60,0.07,598,4/7/19
122,AFTERNOON BASEBALL/JIP,MLB NETWORK,5:15 PM,85,0.07,303,4/7/19
123,MOVIE- ACQUIRED RPT,LIFETIME TELEVISION,10:03 PM,116,0.07,392,4/7/19
124,LIGA MX L: SANTOS / PACHUCA,UNIVISION DEPORTES,7:00 PM,123,0.07,209,4/7/19
125,STAR VS FORCES OF EVIL,DISNEY CHANNEL,8:30 AM,30,0.07,381,4/7/19
126,IN TOUCH MINISTRIES W/C S,USA NETWORK,8:00 AM,30,0.07,202,4/7/19
127,KILLING EVE BONUS MARA,AMC,5:57 PM,62,0.07,408,4/7/19
128,AUTOPSY (ORIGINAL),REELZCHANNEL,8:00 PM,60,0.07,398,4/7/19
129,CNN NEWSROOM,CNN,5:00 PM,60,0.07,528,4/7/19
130,SUNDAY MORNING FUTURES,FOX NEWS CHANNEL,10:00 AM,60,0.07,"1,345",4/7/19
131,NCAA STUDIO UPDATE  L,ESPN2,8:35 PM,25,0.07,230,4/7/19
132,AMERICA UNEARTHED,TRAVEL CHANNEL,5:00 PM,60,0.07,390,4/7/19
133,STAR VS FORCES OF EVIL,DISNEY CHANNEL,8:00 AM,30,0.07,363,4/7/19
134,RAPUNZELS TANGLED ADV.,DISNEY CHANNEL,7:00 AM,30,0.07,347,4/7/19
135,ALIEN PLANET: PROMETHEUS,IFC TV,7:00 PM,180,0.06,271,4/7/19
136,MLB TONIGHT SUNDAY,MLB NETWORK,6:40 PM,80,0.06,231,4/7/19
137,CNN NEWSROOM,CNN,2:00 PM,60,0.06,444,4/7/19
138,AMC MOVIE,AMC,1:00 AM,96,0.06,226,4/7/19
139,NATIVE SON,HBO PRIME,6:25 PM,69,0.06,200,4/7/19
140,EGYPTS UNEXPLAINED FILES,SCIENCE,10:08 PM,58,0.06,392,4/7/19
141,RAPUNZELS TANGLED ADV.,DISNEY CHANNEL,7:30 AM,30,0.06,348,4/7/19
142,GO AWAY UNICORN,DISNEY CHANNEL,6:00 AM,30,0.06,346,4/7/19
143,FOOD PARADISE,COOKING CHANNEL,10:00 PM,60,0.06,164,4/7/19
144,AMC MOVIE,AMC,12:06 AM,54,0.06,260,4/7/19
145,LEGENDARY LOCATIONS,TRAVEL CHANNEL,12:00 PM,60,0.06,298,4/7/19
146,FINDING JUSTICE,BLACK ENTERTAINMENT TV,8:00 PM,60,0.06,229,4/7/19
147,CNN NEWSROOM,CNN,3:00 PM,60,0.06,391,4/7/19
148,LEGENDARY LOCATIONS,TRAVEL CHANNEL,2:00 PM,60,0.06,257,4/7/19
149,DR. KS EXOTIC ANIMAL ER,NAT GEO WILD,8:00 PM,60,0.06,350,4/7/19
150,UNSUNG,TV ONE,9:00 PM,60,0.06,276,4/7/19