team,team_id,season,jersey,name,position,height,academic_year,hometown,high_school,previous_school,url
Indiana,306,2025-26,1,Phoenix Stotijn,Guard,5' 9'',Sophomore,"Amsterdam, Netherlands",Triple Threat,Arkansas,https://iuhoosiers.com/sports/womens-basketball/roster/phoenix-stotijn/20255
Indiana,306,2025-26,2,Nevaeh Caffey,Guard,5' 10'',Freshman,".Warrenton, Mo.",Incarnate Word Academy,,https://iuhoosiers.com/sports/womens-basketball/roster/nevaeh-caffey/20254
Indiana,306,2025-26,3,Maya Makalusky,Forward,6' 3'',Freshman,"Fishers, Ind.",Hamilton Southeastern,,https://iuhoosiers.com/sports/womens-basketball/roster/maya-makalusky/20253
Indiana,306,2025-26,5,Lenée Beaumont,Guard,6' 1'',Redshirt Sophomore,"Lisle, Ill.",Benet Academy,,https://iuhoosiers.com/sports/womens-basketball/roster/lene-beaumont/20216
Indiana,306,2025-26,7,Jerni Kiaku,Guard,5' 7'',Senior,"Garner, N.C.",Garner Magnet,Duquesne/North Carolina Central,https://iuhoosiers.com/sports/womens-basketball/roster/jerni-kiaku/20258
Indiana,306,2025-26,8,Edessa Noyan,Forward,6' 3'',Junior,"Botkyrka, Sweden",Täljegymnasiet,Virginia,https://iuhoosiers.com/sports/womens-basketball/roster/edessa-noyan/20256
Indiana,306,2025-26,10,Shay Ciezki,Guard,5' 7'',Senior,"Buffalo, N.Y.",St. Mary's,Penn State,https://iuhoosiers.com/sports/womens-basketball/roster/shay-ciezki/20222
Indiana,306,2025-26,15,Valentyna Kadlecova,Guard,6' 0'',Sophomore,"Kadan, Czech",Republic,DSK Levhartice Chomutov,https://iuhoosiers.com/sports/womens-basketball/roster/valentyna-kadlecova/20219
Indiana,306,2025-26,22,Chloe Spreen,Guard,5' 10'',Sophomore,"Bedford, Ind.",Bedford North Lawrence,Alabama,https://iuhoosiers.com/sports/womens-basketball/roster/chloe-spreen/20251
Indiana,306,2025-26,23,Zania Socka-Nguemen,Forward,6' 3'',Sophomore,"Silver Spring,, Md.",Sidwell Friends,UCLA,https://iuhoosiers.com/sports/womens-basketball/roster/zania-sockanguemen/20252
Indiana,306,2025-26,24,Sydney Fenn,Forward,6' 3'',Redshirt Freshman,"Buffalo, N.Y.",AZ Compass Prep,,https://iuhoosiers.com/sports/womens-basketball/roster/sydney-fenn/20223
Indiana,306,2025-26,31,Faith Wiseman,Forward,6' 4'',Sophomore,"Martinsville, Ind.",Indian Creek,,https://iuhoosiers.com/sports/womens-basketball/roster/faith-wiseman/20225
Indiana,306,2025-26,45,Jade Ondineme,Forward,6' 3'',Junior,"Orleans, France",Toulouse Metropole Basket,Northwest Florida State College,https://iuhoosiers.com/sports/womens-basketball/roster/jade-ondineme/20278
LaSalle,340,2025-26,0,Aryss Macktoon,G,"5'11""",Junior,"Baltimore, MD",St. Timothy's,,https://goexplorers.com/sports/womens-basketball/roster/aryss-macktoon/12996
LaSalle,340,2025-26,3,Lauren Patnode,G,"6'0""",Redshirt Freshman,"Saratoga Springs, NY",Perkiomen School,,https://goexplorers.com/sports/womens-basketball/roster/lauren-patnode/12997
LaSalle,340,2025-26,6,Jana Mbambo Njoya,G,"5'11""",Freshman,"Montpellier, France",Tony Parker Adéquat Academy,,https://goexplorers.com/sports/womens-basketball/roster/jana-mbambo-njoya/13001
LaSalle,340,2025-26,7,Amiya Moses,F,"6'2""",Freshman,"Scarborough, Ontario",Addison School,,https://goexplorers.com/sports/womens-basketball/roster/amiya-moses/13006
LaSalle,340,2025-26,8,Diora Ressaissi,G/F,"6'0""",Sophomore,"Orlando, FL",Long Island Lutheran,,https://goexplorers.com/sports/womens-basketball/roster/diora-ressaissi/13000
LaSalle,340,2025-26,10,Ivona Miljanic,G,"6'0""",Senior,"Belgrade, Serbia",Mathematical Grammar School,Young Harris College | Northwestern State,https://goexplorers.com/sports/womens-basketball/roster/ivona-miljanic/13005
LaSalle,340,2025-26,11,Sania Jenkins,G,"5'11""",Sophomore,"Narrabeen, Australia",Etiwanda,,https://goexplorers.com/sports/womens-basketball/roster/sania-jenkins/12995
LaSalle,340,2025-26,12,India Webb,G,"5'7""",Freshman,"Philadelphia, PA",Prepatory Charter,,https://goexplorers.com/sports/womens-basketball/roster/india-webb/13455
LaSalle,340,2025-26,13,Joan Quinn,G,"5'9""",Sophomore,"Newtown Square, PA",Cardinal O'Hara,,https://goexplorers.com/sports/womens-basketball/roster/joan-quinn/12999
LaSalle,340,2025-26,15,Ashleigh Connor,G,"5'11""",Redshirt Junior,"Pittsburgh, PA",Mount Lebanon,Saint Louis,https://goexplorers.com/sports/womens-basketball/roster/ashleigh-connor/12994
LaSalle,340,2025-26,20,Anna Przyszlak,F,"6'1""",Senior,"Gdansk, Poland",,Cowley College,https://goexplorers.com/sports/womens-basketball/roster/anna-przyszlak/12998
LaSalle,340,2025-26,21,Ty'Renisha Bowers,G,"5'8""",Senior,"Natchez, LA",,SAU Tech,https://goexplorers.com/sports/womens-basketball/roster/ty-renisha-bowers/12993
LaSalle,340,2025-26,22,Yar Manyiel,G/F,"6'0""",Junior,"North Kansas City, MO",Oak Park,Johnson County CC,https://goexplorers.com/sports/womens-basketball/roster/yar-manyiel/13003
LaSalle,340,2025-26,24,Kiara Williams,F,"6'0""",Redshirt Freshman,"Palm Bay, FL",Palm Bay,Pitt,https://goexplorers.com/sports/womens-basketball/roster/kiara-williams/13002
LaSalle,340,2025-26,25,Charity Sawyer,G,"5'8""",Freshman,"Philadelphia, PA",International Christian,,https://goexplorers.com/sports/womens-basketball/roster/charity-sawyer/13456
LaSalle,340,2025-26,33,Ava Hoy,C,"6'3""",Freshman,"Canton, NY",HC Williams,,https://goexplorers.com/sports/womens-basketball/roster/ava-hoy/13007
Notre Dame,513,2025-26,1,Kelly Ratigan,Guard,5-8,Junior,"South Bend, IN",St. Joseph/Loyola Maryland,,https://fightingirish.com/sports/wbball/roster/season/2025-26/player/kelly-ratigan/
Notre Dame,513,2025-26,2,Vanessa de Jesus,Guard,5-8,Graduate,"Valencia, CA",Sierra Canyon/Duke,,https://fightingirish.com/sports/wbball/roster/season/2025-26/player/vanessa-de-jesus/
Notre Dame,513,2025-26,3,Hannah Hidalgo,Guard,5-6,Junior,"Merchantville, NJ",Paul VI,,https://fightingirish.com/sports/wbball/roster/season/2025-26/player/hannah-hidalgo/
Notre Dame,513,2025-26,5,Malaya Cowles,Forward,6-3,Graduate,"Wilkesboro, NC",Winston-Salem Christian/Wake Forest,,https://fightingirish.com/sports/wbball/roster/season/2025-26/player/kelly-ratigan-2-2/
Notre Dame,513,2025-26,8,Cassandre Prosper,Guard,6-3,Senior,"Montreal, Quebec",Cairine Wilson SS/Capital Courts Academy,,https://fightingirish.com/sports/wbball/roster/season/2025-26/player/cassandre-prosper/
Notre Dame,513,2025-26,10,Bella Tehrani,Forward,6-3,Senior,"Hamilton, Ontario, Canada",St. Jean de Brébeuf,,https://fightingirish.com/sports/wbball/roster/season/2025-26/player/bella-tehrani-2/
Notre Dame,513,2025-26,11,Jordyn Smith,Guard,5-6,Graduate,"Granger, IN",Penn/Holy Cross,,https://fightingirish.com/sports/wbball/roster/season/2025-26/player/jordyn-smith/
Notre Dame,513,2025-26,14,KK Bransford,Guard,5-11,Senior,"Cincinnati, OH",Mount Notre Dame,,https://fightingirish.com/sports/wbball/roster/season/2025-26/player/kk-bransford/
Notre Dame,513,2025-26,15,Luci Jensen,Guard,5-10,Sophomore,"Brookfield, WI",Brookfield Academy,,https://fightingirish.com/sports/wbball/roster/season/2025-26/player/luci-jensen/
Notre Dame,513,2025-26,23,Iyana Moore,Guard,5-8,Graduate,"Milwaukee, WI",Blackman/Vanderbilt,,https://fightingirish.com/sports/wbball/roster/season/2025-26/player/iyana-moore/
Notre Dame,513,2025-26,30,Gisela Sanchez,Forward,6-4,Graduate,"Barcelona, Spain",Segle XXI/Arizona/Kansas State,,https://fightingirish.com/sports/wbball/roster/season/2025-26/player/gisela-sanchez/
Notre Dame,513,2025-26,44,Leah Macy,Forward,6-2,Freshman,"Elizabethtown, KY",Bethlehem,,https://fightingirish.com/sports/wbball/roster/season/2025-26/player/leah-macy/
Texas-Arlington,702,2025-26,0,Kali Haizlip,G,"5'9""",Senior,"Puyallup, Wash.",Emerald Ridge HS,College of Southern Idaho,https://utamavs.com/sports/womens-basketball/roster/kali-haizlip/14618
Texas-Arlington,702,2025-26,1,Amiyah Reynolds,G,"6'0""",Redshirt Sophomore,"South Bend, Ind.",South Bend Washington HS,Purdue,https://utamavs.com/sports/womens-basketball/roster/amiyah-reynolds/14623
Texas-Arlington,702,2025-26,2,Kendal Robinson,G,"5'10""",Sophomore,"Fort Worth, Texas",North Crowley HS,,https://utamavs.com/sports/womens-basketball/roster/kendal-robinson/14621
Texas-Arlington,702,2025-26,3,Erin Sellers,G,"5'5""",Redshirt Sophomore,"Oakland, Calif.",Oakland Tech HS,Menlo College,https://utamavs.com/sports/womens-basketball/roster/erin-sellers/14742
Texas-Arlington,702,2025-26,4,Laura Bello,F,"6'3""",Redshirt Senior,"Dublin, Ireland",Allen HS,Idaho State / Newman University,https://utamavs.com/sports/womens-basketball/roster/laura-bello/14616
Texas-Arlington,702,2025-26,5,Nya Threatt,G,"5'6""",Senior,"Missouri City, Texas",Dulles HS,,https://utamavs.com/sports/womens-basketball/roster/nya-threatt/14622
Texas-Arlington,702,2025-26,11,Kira Reynolds,F,"6'4""",Freshman,"South Bend, Ind.",South Bend Washington HS,,https://utamavs.com/sports/womens-basketball/roster/kira-reynolds/14625
Texas-Arlington,702,2025-26,13,Jadyn Atchison,G,"6'1""",Junior,"Cedar Hill, Texas",Cedar Hill HS,Old Dominion / Colorado,https://utamavs.com/sports/womens-basketball/roster/jadyn-atchison/14626
Texas-Arlington,702,2025-26,15,Mila Reynolds,F,"6'3""",Redshirt Junior,"South Bend, Ind.",South Bend Washington HS,Purdue / Maryland,https://utamavs.com/sports/womens-basketball/roster/mila-reynolds/14624
Texas-Arlington,702,2025-26,21,Alexsyah Goudeau,G,"5'10""",Senior,"Tahlequah, Okla.",Tahlequah HS,,https://utamavs.com/sports/womens-basketball/roster/alexsyah-goudeau/14617
Texas-Arlington,702,2025-26,24,Miraya Perkins,F,"5'11""",Junior,"Dallas, Texas",Boswell HS,,https://utamavs.com/sports/womens-basketball/roster/miraya-perkins/14619
Texas-Arlington,702,2025-26,42,Jeanne Rodriguez,C,"6'2""",Junior,"Landerneau, France",H.S. of Elom,Salt Lake CC,https://utamavs.com/sports/womens-basketball/roster/jeanne-rodriguez/14635
Central Connecticut,127,2025-26,0,Na-Kyah Williams,Guard,5-3,Freshman,"Last School: Bakersfield, CA",Valley Prep (AZ),,https://ccsubluedevils.com/sports/wbkb/2025-26/bios/williams_na-kyah_w6qc
Central Connecticut,127,2025-26,1,Ilektra Lykaki,Guard,5-9,Sophomore,"Last School: Kavala, Greece",2nd Senior High School of Kavala,,https://ccsubluedevils.com/sports/wbkb/2025-26/bios/lykaki_ilektra_8mtg
Central Connecticut,127,2025-26,2,Kiyah Lewis,Forward,6-0,Freshman,"Last School: Fredericksburg, VA",James Monroe,,https://ccsubluedevils.com/sports/wbkb/2025-26/bios/lewis_kiyah_8mku
Central Connecticut,127,2025-26,3,Christa Ramos,Guard,5-7,Freshman,"Last School: Neptune, NJ",Neptune,,https://ccsubluedevils.com/sports/wbkb/2025-26/bios/ramos_christa_ywh0
Central Connecticut,127,2025-26,4,Trinity Barnes,Guard,5-7,Senior,"Last School: Gary, IN",Triton College (UNC Asheville),,https://ccsubluedevils.com/sports/wbkb/2025-26/bios/barnes_trinity_0j37
Central Connecticut,127,2025-26,10,Mathilda Toure,Forward,6-2,Freshman,"Last School: Stockholm, Sweden",The Storm King School,,https://ccsubluedevils.com/sports/wbkb/2025-26/bios/toure_mathilda_wie2
Central Connecticut,127,2025-26,11,Kayla Henry,Forward,6-0,Junior,"Last School: East Hartford, CT",East Hartford,,https://ccsubluedevils.com/sports/wbkb/2025-26/bios/henry_kayla_1ykh
Central Connecticut,127,2025-26,12,Lucia Noin,Forward,6-0,Senior,"Last School: Santander, Spain",Colegio San Agustin (Raritan Valley CC),,https://ccsubluedevils.com/sports/wbkb/2025-26/bios/noin_lucia_z0b8
Central Connecticut,127,2025-26,14,Jessica Farrell,Guard,5-7,Sophomore,"Last School: Bethlehem, PA",Millbrook School,,https://ccsubluedevils.com/sports/wbkb/2025-26/bios/farrell_jessica_un7n
Central Connecticut,127,2025-26,21,Cierra Pearson,Guard,5-8,Senior,"Last School: Teaneck, NJ",Saddle River Day School,,https://ccsubluedevils.com/sports/wbkb/2025-26/bios/pearson_cierra_2ojn
Central Connecticut,127,2025-26,22,Jah’Nae Stevens,Forward,6-1,Freshman,"Last School: Syracuse, NY",Nottingham,,https://ccsubluedevils.com/sports/wbkb/2025-26/bios/stevens_jah’nae_454y
Central Connecticut,127,2025-26,23,Reyda Ayva,Guard,5-9,Freshman,"Last School: Ankara, Turkey",Ankara College,,https://ccsubluedevils.com/sports/wbkb/2025-26/bios/ayba_reyda_k85z
Central Connecticut,127,2025-26,24,Nicora Patrick,Guard,5-11,Freshman,"Last School: Atlanta, GA",Southwest Atlanta Christian Academy,,https://ccsubluedevils.com/sports/wbkb/2025-26/bios/patrick_nicora_fz8x
Coastal Carolina,149,2025-26,0,Hennessey Luu-Brown,G,"5'7""",Graduate Student,"Toronto, Ontario, Canada",J. Addison,New Orleans/Miami (OH),https://goccusports.com/sports/womens-basketball/roster/hennessey-luu-brown/20616
Coastal Carolina,149,2025-26,1,Baylee Lowder,G,"5'10""",Freshman,"Tooele, Utah",Grantsville,,https://goccusports.com/sports/womens-basketball/roster/baylee-lowder/20610
Coastal Carolina,149,2025-26,2,Tessa Grady,F,"6'2""",Junior,"Dublin, Ohio",Dublin Coffman,Wisconsin,https://goccusports.com/sports/womens-basketball/roster/tessa-grady/20614
Coastal Carolina,149,2025-26,3,J'yana Salton,G,"5'8""",Junior,"Charlotte, N.C.",Porter Ridge,Sacramento State/Trinity Valley CC,https://goccusports.com/sports/womens-basketball/roster/j-yana-salton/20612
Coastal Carolina,149,2025-26,5,Kristin Williams,G,"5'8""",Graduate Student,"San Diego, Calif.",Christian,UMASS,https://goccusports.com/sports/womens-basketball/roster/kristin-williams/20607
Coastal Carolina,149,2025-26,7,Paige Bradley,G,"5'10""",5th,"Dallas, Texas",Bishop Lynch,TCU/Tulsa,https://goccusports.com/sports/womens-basketball/roster/paige-bradley/20609
Coastal Carolina,149,2025-26,11,Dawson Jemerson,G,"5'5""",Sophomore,"DeSoto, Texas",Red Oak/DeSoto,,https://goccusports.com/sports/womens-basketball/roster/dawson-jemerson/20606
Coastal Carolina,149,2025-26,12,Olivia Klanac,G,"5'9""",Freshman,"Medina, Ohio",Medina,,https://goccusports.com/sports/womens-basketball/roster/olivia-klanac/20617
Coastal Carolina,149,2025-26,13,Tracey Hueston,F,"6'2""",5th,"Roanoke, Va.",Northside,Pitt/Charlotte,https://goccusports.com/sports/womens-basketball/roster/tracey-hueston/20608
Coastal Carolina,149,2025-26,15,Tateyoina Harris,F,"5'10""",Junior,"Camden, S.C.",Camden,Mars Hill University,https://goccusports.com/sports/womens-basketball/roster/tateyoina-harris/20613
Coastal Carolina,149,2025-26,17,Kinsea Grimes,F,"6'0""",Freshman,"Mansfield, Texas",Lake Ridge,,https://goccusports.com/sports/womens-basketball/roster/kinsea-grimes/20611
Coastal Carolina,149,2025-26,23,D'Yanis Jimenez,G,"5'8""",Junior,"Cape Coral, Fla.",Charlotte,Wisconsin,https://goccusports.com/sports/womens-basketball/roster/d-yanis-jimenez/20615
Maryland-Eastern Shore,393,2025-26,0,Jaida Cameron,G,"5'9""",Sophomore,"Florence, South Carolina",Legacy Early College,,https://umeshawksports.com/sports/womens-basketball/roster/jaida-cameron/6272
Maryland-Eastern Shore,393,2025-26,5,Jailynn Clayton,G,"5'9""",Freshman,"Fresno, California",Mt. Zion Prep Academy,,https://umeshawksports.com/sports/womens-basketball/roster/jailynn-clayton/6270
Maryland-Eastern Shore,393,2025-26,8,Dayshawna Carter,G,"5'7""",Graduate Student,"Harlem, New York",Victory Collegiate,,https://umeshawksports.com/sports/womens-basketball/roster/dayshawna-carter/6275
Maryland-Eastern Shore,393,2025-26,10,Zaniya Nelson,G,"5'11""",Graduate Student,"Oklahoma City, Oklahoma",Putnam City West High School,,https://umeshawksports.com/sports/womens-basketball/roster/zaniya-nelson/6274
Maryland-Eastern Shore,393,2025-26,11,Desi Taylor,G,"5'7""",Freshman,"Atlanta, Georgia",St. Francis High School,,https://umeshawksports.com/sports/womens-basketball/roster/desi-taylor/6268
Maryland-Eastern Shore,393,2025-26,12,Brianna Barnes,F,"5'11""",Senior,"Bronx, New York",World View High School,,https://umeshawksports.com/sports/womens-basketball/roster/brianna-barnes/6265
Maryland-Eastern Shore,393,2025-26,15,Kalise Hill,G,"5'6""",Sophomore,"Powder Springs, Georgia",McEachern High School,,https://umeshawksports.com/sports/womens-basketball/roster/kalise-hill/6273
Maryland-Eastern Shore,393,2025-26,24,Enola Papin,G,"5'9""",Junior,"Saint Etienne, France",Albert-Thomas,,https://umeshawksports.com/sports/womens-basketball/roster/enola-papin/6271
Maryland-Eastern Shore,393,2025-26,25,Ashanti Lynch,G,"5'9""",Senior,"Hookerton, North Carolina",North Lenoir High School,,https://umeshawksports.com/sports/womens-basketball/roster/ashanti-lynch/6263
Maryland-Eastern Shore,393,2025-26,31,Candela Sabater Sánchez,F,"6'0""",Sophomore,"Elda, Alicante, Spain",Santa María Del Carmen,,https://umeshawksports.com/sports/womens-basketball/roster/candela-sabaters-nchez/6267
Maryland-Eastern Shore,393,2025-26,32,Kaliya Perry,F,"6'0""",Freshman,"Hampton, Virginia",Hampton High School,,https://umeshawksports.com/sports/womens-basketball/roster/kaliya-perry/6269
Maryland-Eastern Shore,393,2025-26,33,Lainey Allen,F,"6'2""",Senior,"Plymouth Meeting, Pennsylvania",Plymouth Whitemarsh High School,,https://umeshawksports.com/sports/womens-basketball/roster/lainey-allen/6264
Maryland-Eastern Shore,393,2025-26,35,Dakieran Turner,F,"6'1""",Senior,"Annapolis, Maryland",St. Frances Academy,,https://umeshawksports.com/sports/womens-basketball/roster/dakieran-turner/6266
Loyola-Maryland,369,2025-26,2,Meliah Van-Otoo,G,"5'4""",Senior,"Drexel Hill, Pa.",Westtown School,,https://loyolagreyhounds.com/sports/womens-basketball/roster/meliah-van-otoo/13477
Loyola-Maryland,369,2025-26,5,Kimmie Hicks,,"5'9""",Junior,"Annapolis, MD",Saint Frances Academy,,https://loyolagreyhounds.com/sports/womens-basketball/roster/kimmie-hicks/13470
Loyola-Maryland,369,2025-26,10,Koi Sims,,"6'0""",Graduate Student,"Glen Burnie, Md.",Archbishop Spalding,,https://loyolagreyhounds.com/sports/womens-basketball/roster/koi-sims/13475
Loyola-Maryland,369,2025-26,11,Lex Therien,,"6'1""",Graduate Student,"Marlton, N.J.",Cherokee,,https://loyolagreyhounds.com/sports/womens-basketball/roster/lex-therien/13476
Loyola-Maryland,369,2025-26,12,Cristina Garcia,G,"5'9""",Senior,"Barcelona, Spain",Pisgah,,https://loyolagreyhounds.com/sports/womens-basketball/roster/cristina-garcia/13469
Loyola-Maryland,369,2025-26,13,Olivia Shaughnessy,G,"5'7""",Freshman,"Freehold, New Jersey",Manasquan,,https://loyolagreyhounds.com/sports/womens-basketball/roster/olivia-shaughnessy/13479
Loyola-Maryland,369,2025-26,20,Kailey Kalet,G,"5'8""",Junior,"Union Springs, NY",Union Springs,,https://loyolagreyhounds.com/sports/womens-basketball/roster/kailey-kalet/13471
Loyola-Maryland,369,2025-26,22,Sydney Bass,,"5'10""",Freshman,"Strongsville, Ohio",Strongsville,,https://loyolagreyhounds.com/sports/womens-basketball/roster/sydney-bass/13478
Loyola-Maryland,369,2025-26,23,Marta Espinal,,"5'11""",Senior,"Barcelona, Spain",Les d'Auro School,,https://loyolagreyhounds.com/sports/womens-basketball/roster/marta-espinal/13468
Loyola-Maryland,369,2025-26,24,Ally Lovisolo,,"6'1""",Senior,"Allendale, N.J.",Blair Academy,,https://loyolagreyhounds.com/sports/womens-basketball/roster/ally-lovisolo/13472
Loyola-Maryland,369,2025-26,25,Avery Simmons,,"5'11""",Sophomore,"Parkville, Missouri",Park Hill South,,https://loyolagreyhounds.com/sports/womens-basketball/roster/avery-simmons/13474
Loyola-Maryland,369,2025-26,33,Gabby Betton,,"5'9""",Sophomore,"Lakeville, Minnesota",Lakeville North,,https://loyolagreyhounds.com/sports/womens-basketball/roster/gabby-betton/13466
Loyola-Maryland,369,2025-26,34,Amandine Amorich,,"5'11""",Junior,"Montpellier, France",Cégep de Sainte-Foy Québec,,https://loyolagreyhounds.com/sports/womens-basketball/roster/amandine-amorich/13465
Loyola-Maryland,369,2025-26,55,Whitley Watkins,,"6'2""",Freshman,"Pasadena, Maryland",Archbishop Spalding,,https://loyolagreyhounds.com/sports/womens-basketball/roster/whitley-watkins/13480
Norfolk State,485,2025-26,1,Da’Brya Clark,G,"5'7""",Junior,"Baltimore, Md.",Poly Tech,,https://nsuspartans.com/sports/womens-basketball/roster/da-brya-clark/7180
Norfolk State,485,2025-26,2,Jazmine Spencer,G,"5'6""",Graduate Student,"Bartow, Fla.",North Florida,,https://nsuspartans.com/sports/womens-basketball/roster/jazmine-spencer/7186
Norfolk State,485,2025-26,3,Jasha Clinton,G,"5'8""",Graduate Student,Virginia Beach,Hampton,,https://nsuspartans.com/sports/womens-basketball/roster/jasha-clinton/7188
Norfolk State,485,2025-26,4,Anjanae Richardson,G,"5'8""",Junior,"Portsmouth, Va.",Manor HS,,https://nsuspartans.com/sports/womens-basketball/roster/anjanae-richardson/7181
Norfolk State,485,2025-26,5,Iyanna Rogers,F,"6'2""",Graduate Student,"Richmond, Va.",Pennsylvania,,https://nsuspartans.com/sports/womens-basketball/roster/iyanna-rogers/7191
Norfolk State,485,2025-26,7,Cire Worley,G,"6'0""",Junior,"Philadelphia, Pa.",Coppin State,,https://nsuspartans.com/sports/womens-basketball/roster/cire-worley/7187
Norfolk State,485,2025-26,11,Amari Smith,G,"5'10""",Junior,"Newport News, Va.",Morgan State/ Menchville HS,,https://nsuspartans.com/sports/womens-basketball/roster/amari-smith/7182
Norfolk State,485,2025-26,14,Jenesis Hill,G,"5'10""",Junior,"Virginia Beach, Va.",Landstown HS,,https://nsuspartans.com/sports/womens-basketball/roster/jenesis-hill/7184
Norfolk State,485,2025-26,15,Carmen Kweti,F,"6'0""",Senior,"Fredrick, Md.",Virginia State,,https://nsuspartans.com/sports/womens-basketball/roster/carmen-kweti/7190
Norfolk State,485,2025-26,20,Niyah Gaston,G,"5'10""",Junior,"Suffolk, Va.",Coppin State,,https://nsuspartans.com/sports/womens-basketball/roster/niyah-gaston/7228
Norfolk State,485,2025-26,24,LeAire Nicks,C,"6'2""",Sophomore,"Des Moines, Iowa",George Mason,,https://nsuspartans.com/sports/womens-basketball/roster/leaire-nicks/7189
Norfolk State,485,2025-26,25,Ciara Bailey,F,"6'2""",Senior,"Bristol, Pa.",Harcum College / Trenton Catholic Academy,,https://nsuspartans.com/sports/womens-basketball/roster/ciara-bailey/7185
Tennessee Tech,692,2025-26,1,Lyriq Mastin,G,5-6,Freshman,,"Murfreesboro, Tenn.",Blackman HS,https://www.ttusports.com/sports/wbkb/2025-26/bios/mastin_lyriq_ruqo
Tennessee Tech,692,2025-26,2,Cam Mathews,G,5-7,Senior,,"Keller, Texas",Tulsa,https://www.ttusports.com/sports/wbkb/2025-26/bios/mathews_cam_ug1s
Tennessee Tech,692,2025-26,3,Amaya Thomas,G,5-8,Junior,,"Nashville, Tenn.",Trevecca,https://www.ttusports.com/sports/wbkb/2025-26/bios/thomas_amaya_eeb6
Tennessee Tech,692,2025-26,4,LaReesha Cawthorn,F,6-0,Freshman,,"Franklin, Ky.",Franklin Simpson HS,https://www.ttusports.com/sports/wbkb/2025-26/bios/cawthorn_lareesha_qehj
Tennessee Tech,692,2025-26,5,Amelia Pfeiffer,C,6-2,Sophomore,,"Alcoa, Tenn.",Alcoa HS,https://www.ttusports.com/sports/wbkb/2025-26/bios/pfeiffer_amelia_0bw3
Tennessee Tech,692,2025-26,10,Reagan Hurst,G,5-10,Graduate Student,,"Baxter, Tenn.",Upperman HS,https://www.ttusports.com/sports/wbkb/2025-26/bios/hurst_reagan_4x1z
Tennessee Tech,692,2025-26,21,Chloe Larry,G,5-8,Sophomore,,"Bossier City, La.",Parkway HS,https://www.ttusports.com/sports/wbkb/2025-26/bios/larry_chloe_2ds7
Tennessee Tech,692,2025-26,23,Amaya Redd,F,5-10,Freshman,,"Knoxville, Tenn.",Knoxville Catholic,https://www.ttusports.com/sports/wbkb/2025-26/bios/redd_amaya_cdp3
Tennessee Tech,692,2025-26,30,Maddy Newman,F/C,6-1,Sophomore,,"Gatlinburg, Tenn.",Gatlinburg-Pittman HS,https://www.ttusports.com/sports/wbkb/2025-26/bios/newman_maddy_b1et
Tennessee Tech,692,2025-26,32,Sofi Miller,F,6-2,Freshman,,"Orlando, Fla.",The First Academy,https://www.ttusports.com/sports/wbkb/2025-26/bios/miller_sofi_zmcf
Tennessee Tech,692,2025-26,33,Reghan Grimes,G,5-10,Senior,,"Nashville, Tenn.",Ravenwood HS,https://www.ttusports.com/sports/wbkb/2025-26/bios/grimes_reghan_0j3i
Tennessee Tech,692,2025-26,44,Angelika Girgenson,G,5-7,Sophomore,,"Zwolle, Netherlands",Orange Lions Academy,https://www.ttusports.com/sports/wbkb/2025-26/bios/girgenson_angelika_asmj
Texas State,670,2025-26,1,Takeira Ramey,G,"5'7""",Sophomore,"Stafford, Virginia",Massaponax HS,,https://txst.com/sports/womens-basketball/roster/takeira-ramey/12186
Texas State,670,2025-26,2,KP Parr,G,"5'4""",Sophomore,"Waco, Texas",La Vega HS,Wichita State,https://txst.com/sports/womens-basketball/roster/kp-parr/12269
Texas State,670,2025-26,3,Saniya Burks,G,"5'8""",Sophomore,"Mexia, Texas",Rice HS,,https://txst.com/sports/womens-basketball/roster/saniya-burks/12183
Texas State,670,2025-26,4,Myla Harbor,G/F,"5'11""",Junior,"Ferriday, LA",Ferriday HS,Hinds CC,https://txst.com/sports/womens-basketball/roster/myla-harbor/12265
Texas State,670,2025-26,5,Myri Walker,G,"5'4""",Senior,"Burleson, Texas",Burleson Centennial HS,South Alabama,https://txst.com/sports/womens-basketball/roster/myri-walker/12271
Texas State,670,2025-26,10,Angela Carroll,F,"6'1""",Freshman,"Waco, Texas",La Vega HS,,https://txst.com/sports/womens-basketball/roster/angela-carroll/12264
Texas State,670,2025-26,11,Mia Galbraith,G,"5'9""",Redshirt Sophomore,"Sunshine Coast, Australia",Lake Travis HS,Oklahoma State,https://txst.com/sports/womens-basketball/roster/mia-galbraith/12184
Texas State,670,2025-26,12,Kyla McBride,F,"6'0""",Junior,"Magnolia, AR",Waxahachie HS,Northwest Florida State,https://txst.com/sports/womens-basketball/roster/kyla-mcbride/12267
Texas State,670,2025-26,13,Taleiyah Gibbs,G,"6'0""",Junior,"Charleston, South Carolina",Killeen HS,Howard,https://txst.com/sports/womens-basketball/roster/taleiyah-gibbs/12185
Texas State,670,2025-26,20,Kyaija Stewart,F,"6'0""",Junior,"Ithaca, NY",Tampa Catholic HS,Daytona State,https://txst.com/sports/womens-basketball/roster/kyaija-stewart/12270
Texas State,670,2025-26,21,Kaliyah Murphy,F,"6'0""",Freshman,"Chandler, AZ",Elizabeth Seton HS,,https://txst.com/sports/womens-basketball/roster/kaliyah-murphy/12268
Texas State,670,2025-26,22,Deja Jones,G,"5'9""",Graduate Student,"San Antonio, Texas",East Central HS,Indiana State,https://txst.com/sports/womens-basketball/roster/deja-jones/12266
Texas State,670,2025-26,33,Kyra Anderson,F,"6'1""",Sophomore,"Huntington, Texas",Huntington HS,Tyler Junior College,https://txst.com/sports/womens-basketball/roster/kyra-anderson/12263
Texas State,670,2025-26,99,Lizzie Team IMPACT,G,,Junior,,,,https://txst.com/sports/womens-basketball/roster/lizzie-team-impact/12187
Central Arkansas,1004,2025-26,1,Jenna Cook,G,"5'6""",Sophomore,"Cabot, Ark.",Cabot HS,,https://ucasports.com/sports/womens-basketball/roster/jenna-cook/10688
Central Arkansas,1004,2025-26,2,Julianna Gibson,F,"6'2""",Senior,"Colts Neck, N.J.",,St. Francis,https://ucasports.com/sports/womens-basketball/roster/julianna-gibson/10692
Central Arkansas,1004,2025-26,4,Cheyanne Kemp,G,"5'8""",Junior,"Morrilton, Ark.",Morrilton HS,,https://ucasports.com/sports/womens-basketball/roster/cheyanne-kemp/10690
Central Arkansas,1004,2025-26,5,Bree Stephens,F,"6'0""",Graduate Student,"Townsville, Australia",St. Margaret Mary College,Dodge City CC,https://ucasports.com/sports/womens-basketball/roster/bree-stephens/10691
Central Arkansas,1004,2025-26,6,Carla Ramirez,G,"5'10""",Freshman,"Malaga, Spain",,,https://ucasports.com/sports/womens-basketball/roster/carla-ramirez/10693
Central Arkansas,1004,2025-26,9,Paris Santacaterina,G,"5'7""",Junior,"Mackay, Australia",,San Diego,https://ucasports.com/sports/womens-basketball/roster/paris-santacaterina/10694
Central Arkansas,1004,2025-26,11,Emerie Bohanon,G,"5'7""",Freshman,"Conway, Ark.",Conway HS,,https://ucasports.com/sports/womens-basketball/roster/emerie-bohanon/10695
Central Arkansas,1004,2025-26,12,Laylah Reese,G,"5'8""",Junior,"Cabot, Ark.",Cabot HS,Three Rivers College,https://ucasports.com/sports/womens-basketball/roster/laylah-reese/10696
Central Arkansas,1004,2025-26,13,Alexis Cox,G,"5'8""",Freshman,"Conway, Ark.",Conway HS,,https://ucasports.com/sports/womens-basketball/roster/alexis-cox/10697
Central Arkansas,1004,2025-26,20,Shae Littleford,G,"5'8""",Graduate Student,"Charleston, Ill.",,UT Martin,https://ucasports.com/sports/womens-basketball/roster/shae-littleford/10698
Central Arkansas,1004,2025-26,22,Alivia Cox,F,"5'9""",Freshman,"Conway, Ark.",Conway HS,,https://ucasports.com/sports/womens-basketball/roster/alivia-cox/10699
Central Arkansas,1004,2025-26,23,Kaidyn Beckwith,G,"5'4""",Junior,"Conway, Ark.",Conway HS,,https://ucasports.com/sports/womens-basketball/roster/kaidyn-beckwith/10687
Central Arkansas,1004,2025-26,24,Kamryn Griffin,F,"5'11""",Sophomore,"San Antonio, Texas",Clark HS,,https://ucasports.com/sports/womens-basketball/roster/kamryn-griffin/10689
Central Arkansas,1004,2025-26,25,Linda Amaning,F,"6'1""",Sophomore,"Dijon, France",,Saint Peters,https://ucasports.com/sports/womens-basketball/roster/linda-amaning/10700
San Diego,627,2025-26,0,Ysabella Von Seipler,G,"5'10""",Freshman,"Rocklin, CA",Del Oro,,https://usdtoreros.com/sports/womens-basketball/roster/ysabella-von-seipler/12696
San Diego,627,2025-26,1,Dresha Moore,F,"6'0""",Sophomore,"Hawthorne, CA",Leuzinger,,https://usdtoreros.com/sports/womens-basketball/roster/dresha-moore/12672
San Diego,627,2025-26,2,Ryanne Bahnsen-Price,F,"6'0""",Freshman,"Erie, CO",Roosevelt,,https://usdtoreros.com/sports/womens-basketball/roster/ryanne-bahnsen-price/12694
San Diego,627,2025-26,3,Lilly Amor,G,"5'11""",Sophomore,"Melbourne, Victoria, Australia",Templestowe College,,https://usdtoreros.com/sports/womens-basketball/roster/lilly-amor/12678
San Diego,627,2025-26,4,Jessica Ajayi,G,"5'10""",Freshman,"Kent, WA",Kentwood,,https://usdtoreros.com/sports/womens-basketball/roster/jessica-ajayi/12697
San Diego,627,2025-26,5,Lauren McCall,G,"5'6""",Junior,"Boise, ID",Timberline,,https://usdtoreros.com/sports/womens-basketball/roster/lauren-mccall/12680
San Diego,627,2025-26,6,Kylie Ray,G,"5'8""",Sophomore,"La Crescenta, CA",Crescenta Valley,Utah,https://usdtoreros.com/sports/womens-basketball/roster/kylie-ray/12692
San Diego,627,2025-26,10,Helen Holley,F,"6'1""",Sophomore,"Cleveland, OH",Gilmour Academy,Michigan State,https://usdtoreros.com/sports/womens-basketball/roster/helen-holley/12693
San Diego,627,2025-26,11,Malia Tharpe,F,"6'0""",Junior,"Cottesloe, Western Australia, Australia",Shenton College,,https://usdtoreros.com/sports/womens-basketball/roster/malia-tharpe/12686
San Diego,627,2025-26,12,Erica Carr,,"6'3""",Sophomore,"Grand Prairie, TX",South Grand Prairie,,https://usdtoreros.com/sports/womens-basketball/roster/erica-carr/12670
San Diego,627,2025-26,15,Eva Ruse,F,"6'2""",Sophomore,"North Vancouver, British Columbia, Canada",Mulgrave School,,https://usdtoreros.com/sports/womens-basketball/roster/eva-ruse/12675
San Diego,627,2025-26,19,Jayden Rhodes,G,"5'11""",Senior,"Keller, TX",L.D. Bell,Morehead State,https://usdtoreros.com/sports/womens-basketball/roster/jayden-rhodes/12683
San Diego,627,2025-26,20,Hallie Rhodes,G,"5'11""",Senior,"Keller, TX",L.D. Bell,Morehead State,https://usdtoreros.com/sports/womens-basketball/roster/hallie-rhodes/12687
San Diego,627,2025-26,22,Ayla Williams,,"6'0""",Freshman,"Las Vegas, NV",Centennial,,https://usdtoreros.com/sports/womens-basketball/roster/ayla-williams/12698
San Diego,627,2025-26,24,Olivia Owens,G,"5'10""",Freshman,"Columbus, OH",Phoenix Country Day,,https://usdtoreros.com/sports/womens-basketball/roster/olivia-owens/12695
Winthrop,792,2025-26,0,Ar'Mani Reid,G,"5'9""",Junior,"Jacksonville, NC",Southwest Onslow H.S.,,https://winthropeagles.com/sports/womens-basketball/roster/ar-mani-reid/7813
Winthrop,792,2025-26,1,Nessa Walsh,G,"5'10""",Senior,"Chicago, Ill.",St. Joseph H.S.,Purdue Northwest,https://winthropeagles.com/sports/womens-basketball/roster/nessa-walsh/7816
Winthrop,792,2025-26,3,Madison Ruff,G,"5'9""",Sophomore,"Sparta, Ga.",Baldwin H.S.,Mount Saint Mary's,https://winthropeagles.com/sports/womens-basketball/roster/madison-ruff/7817
Winthrop,792,2025-26,5,Mya Hamilton,G,"5'8""",Freshman,"Leesburg, Ohio",Unioto H.S.,,https://winthropeagles.com/sports/womens-basketball/roster/mya-hamilton/7818
Winthrop,792,2025-26,7,Ryiah Wilson,G,"5'8""",Freshman,"South Bend, Ind.",Washington H.S.,,https://winthropeagles.com/sports/womens-basketball/roster/ryiah-wilson/7819
Winthrop,792,2025-26,10,Jada Ryce,G,"5'5""",Graduate Student,"McDonough, GA",,East Tennessee State University,https://winthropeagles.com/sports/womens-basketball/roster/jada-ryce/7814
Winthrop,792,2025-26,11,Naomi Wilson,F,"6'3""",Junior,"Baldivis, Australia",SEDA College,Weatherford College,https://winthropeagles.com/sports/womens-basketball/roster/naomi-wilson/7820
Winthrop,792,2025-26,13,Mya Pierfax,G,"5'9""",Senior,"Lake Elsinore, CA",,Northwest Florida State College,https://winthropeagles.com/sports/womens-basketball/roster/mya-pierfax/7811
Winthrop,792,2025-26,15,Amourie Porter,G/F,"5'10""",Junior,"Glen Burnie, MD",,CSU Bakersfield,https://winthropeagles.com/sports/womens-basketball/roster/amourie-porter/7812
Winthrop,792,2025-26,21,Persais Williams,G/F,"5'9""",Sophomore,"Bolingbrook, IL",Champaign Central H.S.,,https://winthropeagles.com/sports/womens-basketball/roster/persais-williams/7815
Winthrop,792,2025-26,22,Cori Lard,G,"5'9""",Senior,"Davenport, Iowa",Davenport Central H.S.,Miami (OH),https://winthropeagles.com/sports/womens-basketball/roster/cori-lard/7822
Winthrop,792,2025-26,25,Tocarra Johnson,F,"6'0""",Junior,"Crockett, Texas",Crockett,Blinn College,https://winthropeagles.com/sports/womens-basketball/roster/tocarra-johnson/7823
Winthrop,792,2025-26,34,Martina Pelaez,F,"6'2""",Freshman,"Valencia, Spain",INS Ronda Lleida,,https://winthropeagles.com/sports/womens-basketball/roster/martina-pelaez/7824
