"team","in_out","player","height","year","position","hometown"
"Abilene Christian","out","Yle Exposito Perez","5-7","JR","shooting guard","Canary Islands, Spain"
"Abilene Christian","out","Claire Graham","5-9","SO","guard","Tuscola, TX"
"Abilene Christian","out","Tristin Keller","5-8","SO","point guard","Mason, TX"
"Abilene Christian","out","Addison Martin","6-1","RS SO","wing/forward","Shreveport, LA"
"Abilene Christian","out","Kenadi Rising","5-11","JR","wing","Rapid City, SD"
"Abilene Christian","out","Aspen Thornton","5-6","JR","guard","Hot Springs, AR"
"Abilene Christian","out","Gracy Wernli","5-9","FR","guard","Bixby, OK"
"Akron","out","Reagan Bass","6-1","JR","forward","Strongsville, OH"
"Akron","out","Olivia Brown","5-7","FR","point guard","Fishers, IN"
"Akron","out","Leila Jones","5-10","FR","shooting guard/wing","Westerville, OH"
"Akron","out","Dacia Lewandowski","5-11","FR","point guard","Pittsburgh, PA"
"Akron","out","Alexis Stewart","5-10","SR","wing","Hamilton, ON"
"Akron","out","Tahmala Thorpe","5-4","SR","point guard","Mississauga, ON"
"Akron","out","Annie Watson","6-0","SO","forward","Akron, OH"
"Alabama","out","Allie Craig Cruce","6-1","GR","forward","Killen, AL"
"Alabama","out","Meg Newman","6-3","RS SO","wing","Indianapolis, IN"
"Alabama A&M","out","Darian Burgin","5-7","SR","shooting guard","Cincinnati, OH"
"Alabama A&M","out","Victoria Dixon","5-5","SO","guard","Grand Prairie, TX"
"Alabama A&M","out","Kailyn Nash","5-10","JR","forward","Muskegon, MI"
"Alabama A&M","out","Asianae Nicholson","5-10","SO","forward","South Euclid, OH"
"Alabama A&M","out","Clemisha Prackett","6-1","FR","forward","West Memphis, AR"
"Alabama A&M","out","Amiah Simmons","5-9","JR","guard","Overland Park, KS"
"Alabama A&M","out","Taylor Smith","5-5","SR","point guard","Fosters, AL"
"Alabama A&M","out","Kaylah Turner","5-5","FR","point guard","Orange Park, FL"
"Alabama A&M","out","Alisha Wilson","6-2","JR","center","LaVerne, CA"
"UAB","in","Aniya Hubbard","5-8","SO","wing","Hoover, AL"
"UAB","out","Denim DeShields","5-6","SO","point guard","Atlanta, GA"
"Alabama State","out","Che'mya Carouthers","5-10","JR","guard","Tupelo, MS"
"Alabama State","out","Whitney Dunn","5-9","SO","guard","Chicago, IL"
"Alabama State","out","Camariyana Tavares","6-3","FR","center","Murfreesboro, TN"
"Albany","out","Jessica Cooper","6-0","FR","forward","South Plainfield, NJ"
"Albany","out","Deja Evans","6-2","FR","forward","Conshohocken, PA"
"Albany","out","Hailee Ford","5-11","FR","wing","Perry Hall, MD"
"Albany","out","Selina Monestime","5-11","FR","shooting guard/wing","Framingham, MA"
"Albany","out","Marie Sepp","5-5","SO","point guard","Tallinn, Estonia"
"Alcorn State","out","Jazmine Jackson","5-8","SO","combo guard","Jacksonville, FL"
"American","out","Kayla Henning","5-7","SR","point guard","Evanston, IL"
"American","out","Emily Johns","6-1","SR","forward","Washington Township, NJ"
"American","out","Molly Lavin","6-2","SO","forward","London, England"
"American","out","Marisa Lee","6-1","SR","forward","Marlborough, CT"
"American","out","Anna LeMaster","5-9","SR","wing","Ashburn, VA"
"Appalachian State","out","Alexis Black","5-9","SO","combo guard","Washington, DC"
"Appalachian State","out","Nadiyah Byard","6-0","SO","forward","Washington, DC"
"Appalachian State","out","Tate Chappell","5-11","FR","guard","Reidsville, NC"
"Appalachian State","out","MaKenzie Drout","5-9","FR","guard","Kimberly, WI"
"Appalachian State","out","Lexi Grant","5-9","SO","point guard","Charleston, SC"
"Appalachian State","out","Cha'e Harris","5-8","SO","guard","Snellville, GA"
"Appalachian State","out","Jurnee McLaurin","5-8","GR","guard","Soso, MS"
"Arizona","out","Kailyn Gilbert","5-8","SO","point guard","Tampa Bay, FL"
"Arizona","out","Salimatou Kourouma","5-11","RS SR","wing","Kati, Mali"
"Arizona State","in","Kennedy Fauntleroy","5-7","SO","point guard","Upper Marlboro, MD"
"Arizona State","in","Heavenly Greer","6-2","RS JR","forward","Phoenix, AZ"
"Arizona State","in","Makayla Moore","6-0","SO","wing","San Jose, CA"
"Arizona State","out","Trayanna Crisp","5-8","SO","guard","Goodyear, AZ"
"Arizona State","out","Treasure Hunt","6-2","SR","wing","Chattanooga, TN"
"Arizona State","out","Sandra Magolico","6-2","JR","forward","Maputo, Mozambique"
"Arizona State","out","Marina Radocaj","6-2","FR","wing/forward","Richmond, BC"
"Arizona State","out","Jaddan Simmons","5-9","SR","point guard","Houston, TX"
"Arizona State","out","Journey Thompson","6-3","SO","forward","McMurray, PA"
"Arkansas","in","Izzy Higginbottom","5-7","JR","guard","Batesville, AR"
"Arkansas","out","Saylor Poffenbarger","6-2","RS SO","wing","Middletown, MD"
"Arkansas","out","Taliah Scott","5-9","FR","shooting guard","Orange Park, FL"
"Arkansas-Pine Bluff","in","Starr Jacobs","6-2","RS SR","forward","Dallas, TX"
"Arkansas-Pine Bluff","out","Coriah Beck","5-11","SR","guard","Memphis, TN"
"Arkansas-Pine Bluff","out","Zaay Green","6-2","GR","guard","Duncanville, TX"
"Arkansas-Pine Bluff","out","Starr Jacobs","6-2","RS SR","forward","Dallas, TX"
"Arkansas-Pine Bluff","out","Tia Morgan","5-8","SR","point guard","Chicago, IL"
"Arkansas-Pine Bluff","out","Maya Peat","6-6","SR","center","Chandler, AZ"
"Arkansas-Pine Bluff","out","Jelissa Reese","5-9","SR","guard","Cordele, GA"
"Arkansas-Pine Bluff","out","Kourtney Rittenberry","6-1","SR","wing","Loganville, GA"
"Arkansas-Pine Bluff","out","Demetria Shephard","5-8","SR","guard","Pontotoc, MS"
"Arkansas-Pine Bluff","out","Kalia Walker","5-5","SR","point guard","Alexander, AR"
"Arkansas State","out","Izzy Higginbottom","5-7","JR","guard","Batesville, AR"
"Arkansas State","out","Bre Sutton","5-9","JR","point guard","New Orleans, LA"
"Auburn","out","McKenna Eddings","6-0","JR","shooting guard/wing","Williamsburg, VA"
"Auburn","out","Kionna Gaines","5-9","JR","guard","Columbus, GA"
"Auburn","out","Sydney Shaw","5-9","SO","guard","Miami, FL"
"Austin Peay","out","Kaili Chamberlin","5-9","JR","shooting guard","Medford, OR"
"Ball State","out","Ana Barreto","5-9","SO","wing","Portugal"
"Ball State","out","Nyla Hampton","5-7","SR","point guard","Huber Heights, OH"
"Ball State","out","Hana Mühl","5-8","SO","combo guard","Zagreb, Croatia"
"Baylor","out","Catarina Ferriera","6-0","SR","wing","São Paulo, Brazil"
"Baylor","out","Denae Fritz","5-11","RS SO","combo guard","Maryville, TN"
"Baylor","out","Lety Vasconcelos","6-7","FR","center","Miguel Calmon, Bahia, Brazil"
"Bellarmine","out","Aly Avrach","5-8","SO","shooting guard","Boca Raton, FL"
"Bellarmine","out","Jayla Butler","5-5","SO","guard","Milwaukee, WI"
"Bellarmine","out","Gracie Merkle","6-6","SO","center","Mt. Washington, KY"
"Bethune-Cookman","out","Kerrighan Dunn","5-9","JR","guard","Texarkana, TX"
"Bethune-Cookman","out","D'Shantae Edwards","5-7","SO","shooting guard","Dallastown, PA"
"Bethune-Cookman","out","O'Mariyah Tucker","5-10","SR","wing","Ocala, FL"
"Bethune-Cookman","out","Nia Jordan","6-1","SR","wing","Philadelphia, PA"
"Binghamton","out","Elena Delicado","6-1","RS JR","forward","Madrid, Spain"
"Binghamton","out","Anna Long","5-9","SO","guard","Miamisburg, OH"
"Binghamton","out","Ella Okubasu","6-2","SO","forward","Toronto, ON"
"Binghamton","out","Ella Wanzer","5-10","RS SO","shooting guard","Buffalo, NY"
"Boise State","out","Kaitlin Burgess","5-8","RS SR","shooting guard","Auckland, New Zealand"
"Boise State","out","Sydney McQuietor","6-2","SR","forward","Keller, TX"
"Boston College","in","Kennedi Jackson","6-4","RS SR","center","New Orleans, LA"
"Boston College","out","Jayda Johnson","6-1","guard","West Haven, CT"
"Boston College","out","JoJo Lacey","6-1","SR","wing","Douglassville, PA"
"Boston College","out","Ally VanTimmeren","6-3","JR","forward","Allendale, MI"
"Boston University","out","Sophie Beneventine","5-8","SR","guard","Basking Ridge, NJ"
"Boston University","out","Kelsi Mingo","5-8","SR","guard","Boca Raton, FL"
"Boston University","out","Caitlin Weimar","6-4","SR","center","Cortlandt Manor, NY"
"Bowling Green","out","Abbie Riddle","5-11","FR","guard","Baltimore, OH"
"Bowling Green","out","Jaci Tubergen","5-11","SO","point guard","Hudsonville, MI"
"Bradley","out","Reagan Barkema","5-11","SO","wing","Story City, IA"
"Bradley","out","Isis Fitch","6-0","SR","forward","Homewood, IL"
"Bradley","out","Halli Poock","5-4","FR","point guard","Waterloo, IA"
"Bradley","out","Daija Powell","6-1","SR","forward","Tyrone, GA"
"Bradley","out","Alex Rouse","5-8","JR","combo guard","Little Rock, AR"
"Bradley","out","Armoni 'Moni' Strozier","6-0","FR","forward/center","Flint, MI"
"Bradley","out","Callie Ziebell","6-2","JR","forward","Sparta, WI"
"BYU","out","Rose Bubakar","6-0","JR","wing","Frederick, MD"
"BYU","out","Nani Falatea","5-9","JR","point guard","Salt Lake City, UT"
"BYU","out","Ali'a Matavao","6-0","FR","forward","Las Vegas, NV"
"Brown","out","Charlotte Jewell","5-7","SR","point guard","Alexandria, VA"
"Brown","out","Kyla Jones","5-9","SR","guard","Chicago, IL"
"Brown","out","Mya Murray","6-2","SR","forward","Uniontown, PA"
"Bryant","in","Ali Brigham","6-4","SR","center","Franklin, MA"
"Bryant","in","Maranda Nyborg","6-3","SR","center","Bethel, CT"
"Bryant","in","Mimi Rubino","5-7","SR","point guard","Pequannock, NJ"
"Bryant","out","Megan Bodziony","5-10","SR","shooting guard/wing","Wakefield, RI"
"Bryant","out","Breya Busby","5-5","RS SO","point guard","Orlando, FL"
"Bryant","out","Lucie Castagne","5-4","SR","point guard","Paris, France"
"Bryant","out","Kemari Reynolds","5-7","SR","point guard","Manchester Township, NJ"
"Bryant","out","Alana Scott","5-8","FR","shooting guard/wing","Groveland, MA"
"Bryant","out","Mariona Planes Fortuny","6-3","SR","forward/center","Bellpuig, Spain"
"Bucknell","out","Nicole Davis","6-4","SR","forward","Richmond, VA"
"Bucknell","out","Julie Kulesza","5-9","SR","guard","Wilmington, DE"
"Bucknell","out","Blake Matthews","5-4","SO","point guard","Houston, TX"
"Bucknell","out","Rosie Scognamiglio","5-10","FR","shooting guard","Bradley Beach, NJ"
"Bucknell","out","Grace Sullivan","6-4","SO","center","Antioch, IL"
"Bucknell","out","Emma Theodorsson","6-1","SO","wing","Moon Township, PA"
"Buffalo","in","Noelani Cornfield","5-6","SR","point guard","Gowanda, NY"
"Buffalo","in","Jaylin Hartman","6-2","FR","forward","Mendham, NJ"
"Buffalo","out","Katie Burton","5-9","JR","guard","Fishers, IN"
"Buffalo","out","Chanteese Craig","6-2","JR","center","Fort Wayne, IN"
"Buffalo","out","Hattie Ogden","6-2","SO","wing/forward","Magrath, Alberta"
"Buffalo","out","Ella Take","5-11","FR","wing/forward","Kingston, ON"
"Buffalo","out","Jessica Wangolo","5-7","FR","point guard","Ottawa, ON"
"Butler","out","Anna Mortag","6-1","SR","wing","Milwaukee, WI"
"Butler","out","Abby Stoddard","6-1","SR","wing","Crown Point, IN"
"Butler","out","Kendall Wingler","5-10","SR","guard","Ekron, KY"
"Cal","out","Ornela Muca","5-7","SR","combo guard","Athens, Greece"
"UC Irvine","in","Summah Hanson","6-2","FR","forward","Brisbane, Australia"
"UC Irvine","out","Caiyle Kaupu","6-0","SR","forward","Holualoa, HI"
"UC Irvine","out","Nevaeh Parkinson","6-3","SR","center","Dallas, TX"
"UC Irvine","out","Tarryn Ross","5-10","SR","wing/forward","Garden Grove, CA"
"Cal Poly","out","Jordan Hoffman","5-7","FR","combo guard","Weatherford, OK"
"Cal Poly","out","Diamond Richardson","5-9","JR","combo guard","Sacramento, CA"
"UC Santa Barbara","out","Bella Barrett","6-0","FR","center","Buckeye, AZ"
"UC Santa Barbara","out","Laurel Rockwood","6-4","RS SO","center","Henderson, NV"
"UC Santa Barbara","out","Alexis Whitfield","6-2","SR","forward","West Hills, CA"
"Cal State Bakersfield","in","Madelynn Muniz","5-10","FR","guard","Phoenix, AZ"
"Cal State Bakersfield","out","Julia Riley","6-1","SO","wing","Granite Bay, CA"
"Cal State Bakersfield","out","Sophia Tougas","6-0","RS SO","guard","Glens Falls, NY"
"Cal State Fullerton","out","Hope Hassmann","5-8","FR","point guard","Maple Valley, WA"
"Cal State Fullerton","out","Ashlee Lewis","6-1","SR","center","Cerritos, CA"
"Cal State Fullerton","out","Brielle Minor","5-9","FR","point guard","Los Angeles, CA"
"Cal State Fullerton","out","Allysan Tse","5-8","SO","shooting guard","Pasasdena, CA"
"Cal State Northridge","out","Laney Amundsen","6-1","RS JR","forward","Fresno, CA"
"Cal State Northridge","out","Kaitlyn Elsholz","5-11","FR","wing","Peoria, AZ"
"Cal State Northridge","out","Amiyah Ferguson","5-7","FR","combo guard","St. Stephen, SC"
"Cal State Northridge","out","Rachel Harvey","5-7","RS JR","point guard","San Francisco, CA"
"Cal State Northridge","out","Talo Li-Uperesa","5-11","RS JR","wing","San Francisco, CA"
"Cal State Northridge","out","Alondra Lizama","5-10","FR","wing","North Hollywood, CA"
"Cal State Northridge","out","Arina Nikishina","6-6","SR","center","Saint Petersburg, Russia"
"Cal State Northridge","out","Kayanna Spriggs","6-2","JR","forward/center","San Diego, CA"
"Campbell","out","Christabel Ezumah","6-2","SR","forward/center","Sugar Hill, GA"
"Campbell","out","Sarah Hammack Fitzgerald","6-3","SR","center","Chesapeake, VA"
"Canisius","out","Sisi Eleko","6-2","SO","forward","Montreal, Quebec"
"Canisius","out","Jane McCauley","5-9","GR","shooting guard","New Rochelle, NY"
"Central Arkansas","out","Kierra Prim","5-9","SR","wing","Overland Park, KS"
"Central Arkansas","out","Fatime Seck","6-0","FR","wing","El Paso, TX"
"Central Connecticut","out","Tatiana Brown","6-2","SO","center","Virginia Beach, VA"
"Central Connecticut","out","Ally Sentance","5-9","SO","combo guard","Thorold, ON"
"Central Connecticut","out","Samora Watson","5-6","SO","point guard","League City, TX"
"UCF","out","Sierra Godbolt","5-6","SO","point guard","Orlando, FL"
"UCF","out","Anzhaně Hutton","6-0","SR","forward","Dallas, TX"
"UCF","out","Jayla Kelly","6-3","SR","center","Chesterfield, MO"
"UCF","out","Mary McMillan","5-6","SR","point guard","Apopka, FL"
"UCF","out","Morgan Robinson-Nwagwu","5-8","GR","shooting guard","Atlanta, GA"
"UCF","out","Timia Ware","5-6","JR","point guard","Chicago, IL"
"Central Michigan","out","Alexis Boyke","6-0","FR","forward","Frankenmuth, MI"
"Central Michigan","out","Capria Brown","5-10","RS JR","guard","Danville, IL"
"Central Michigan","out","Madisen Wardell","6-0","SO","forward","Detroit, MI"
"Charleston","out","Zoe McCrary","6-2","SR","forward","Allen, TX"
"Charleston","out","Jaila Roberts","5-6","RS SR","point guard","Cantonment, FL"
"Charleston Southern","out","Kennedi Jackson","6-4","RS SR","center","New Orleans, LA"
"Charlotte","out","Aylesha Wade","5-6","JR","point guard","Clover, SC"
"Charlotte","out","Jewel Watkins","5-10","SO","shooting guard/wing","Columbus, OH"
"Chattanooga","out","Joiya Maddox","6-0","SR","shooting guard","Hoover, AL"
"Chattanooga","out","Khyla Wade-Warren","6-2","RS JR","forward","Selmer, TN"
"Chattanooga","out","Lamiah Walker","5-11","JR","shooting guard/wing","Chattanooga, TN"
"Chicago State","out","ZiKeyah Carter","6-6","JR","center","Waverly Hall, GA"
"Chicago State","out","Che'mya Carouthers","5-10","JR","guard","Tupelo, MS"
"Chicago State","out","Whitney Dunn","5-9","SO","guard","Chicago, IL"
"Chicago State","out","Princess Hester","6-1","SO","forward","Spring Hill, FL"
"Chicago State","out","Claire Simmons","5-10","JR","wing","Louisville, KY"
"Chicago State","out","Laura Segues","5-10","SR","wing","Castelloli, Spain"
"Cincinnati","in","Nia Clark","5-9","GR","guard","Indianapolis, IN"
"Cincinnati","out","Ta'Ziah Jenks","6-0","RS JR","wing","Louisville, KY"
"Cincinnati","out","Braylyn Milton","5-11","JR","guard","Charlotte, NC"
"Clemson","in","Summah Evans","6-0","SR","wing/forward","Cairns, Australia"
"Clemson","out","Maddi Cluse","5-10","JR","wing","Sagamore Hills, OH"
"Clemson","out","MaKayla Elmore","6-3","JR","forward","Fostoria, OH"
"Clemson","out","Madi Ott","5-10","JR","combo guard","Frisco, TX"
"Clemson","out","Nya Valentine","5-3","JR","point guard","Mobile, AL"
"Clemson","out","Ruby Whitehorn","5-11","SO","shooting guard","Detroit, MI"
"Cleveland State","out","Faith Burch","6-1","RS SO","forward","Warren, OH"
"Coastal Carolina","in","Savannah Brooks","5-9","SO","shooting guard","Taneytown, MD"
"Coastal Carolina","in","Kristin Williams","5-8","JR","shooting guard","San Diego, CA"
"Coastal Carolina","out","Tiara Abron","5-8","JR","guard","Senatobia, MS"
"Coastal Carolina","out","Arielle-Vadrelle Belinga","6-3","JR","forward/center","Riverdale, GA"
"Coastal Carolina","out","Arin Freeman","5-7","JR","combo guard","Little Rock, AR"
"Coastal Carolina","out","Maelyn McNealy","5-8","FR","guard","Knoxville, TN"
"Coastal Carolina","out","Kendahl Spearman","5-7","FR","point guard","Greenville, SC"
"Colgate","out","Tiasia McMillan","6-0","SR","forward","Seffner, FL"
"Colorado","out","Jadyn Atchison","6-1","FR","guard","Cedar Hill, TX"
"Colorado","out","Mikayla Johnson","6-1","RS FR","shooting guard/wing","Anchorage, AK"
"Colorado","out","Ruthie Loomis-Goltl","6-3","FR","forward/center","Bridgeport, NE"
"Colorado","out","Brianna McLeod","6-3","SO","forward/center","Brampton, ON"
"Colorado","out","Shelomi Sanders","5-6","RS FR","shooting guard","Rockwall, TX"
"Colorado","out","Lele Tanuvasa","6-0","FR","shooting guard","Eureka, CA"
"Colorado State","out","Cali Clark","6-3","SR","forward","Centennial, CO"
"Columbia","out","Mary Lobon","6-1","SR","forward","Valencia, Spain"
"Columbia","out","Nicole Stephens","5-7","SR","combo guard","Pickerington, OH"
"UConn","out","Inês Bettencourt","5-9","SO","point guard","São Miguel, Portugal"
"UConn","out","Amari DeBerry","6-6","JR","forward/center","Williamsville, NY"
"Cornell","out","Mia Beam","5-8","SR","shooting guard","Louisville, KY"
"Cornell","out","Kaya Ingram","5-8","SR","point guard","Albuquerque, NM"
"Creighton","out","Brittany Harshaw","6-1","RS FR","forward","Andover, KS"
"Creighton","out","McKayla Miller","6-1","FR","wing","Cimmarron, KS"
"Creighton","out","Emma Ronsiek","6-1","SR","forward","Sioux Falls, SD"
"Dartmouth","out","Mekkena Boyd","5-8","SR","guard","Williston, VT"
"Dartmouth","out","Mia Curtis","5-9","SR","shooting guard","Minneapolis, MN"
"Dartmouth","out","Carrington Washburn","6-0","SR","wing","Brentwood, TN"
"Davidson","out","Elle Sutphin","6-3","RS SR","forward/center","Pilot Mountain, NC"
"Dayton","out","Anyssa Jones","5-10","SR","guard","Westerville, OH"
"Dayton","out","Taisiya Kozlova","6-1","SR","wing","Moscow, Russia"
"Dayton","out","Riley Rismiller","6-4","FR","center","Coldwater, OH"
"Delaware","out","Darrionna Howard","6-0","FR","forward","Smithfield, NC"
"Delaware","out","Nakiyah Mays-Prince","5-5","SO","point guard","Chicago, IL"
"Delaware","out","Mia Yanogacio","5-7","JR","point guard","Somerset, NJ"
"Delaware State","out","Savannah Brooks","5-9","SO","shooting guard","Taneytown, MD"
"Delaware State","out","Deyonce Thompson","5-10","SO","wing","Grand Rapids, MI"
"Delaware State","out","Naomi Zulueta","5-7","SO","wing","Lancaster, PA"
"Denver","out","Joclyen Wyatt","5-8","JR","combo guard","Tacoma, WA"
"Detroit Mercy","out","Amaya Burch","5-9","SO","shooting guard","Sicklerville, NJ"
"Detroit Mercy","out","Lucia Fleta Robles","5-7","SR","point guard","San Cristobal de La Laguna, Spain"
"Detroit Mercy","out","Kamari Forrest","5-10","FR","shooting guard/wing","Saginaw, MI"
"Detroit Mercy","out","Irene Murua","6-0","SR","forward","Arrasate, Spain"
"Detroit Mercy","out","Emma Trawally Porta","6-0","JR","forward","Tiana, Spain"
"Drake","out","Hannah Nilges","5-7","JR","guard","Jefferson City, MO"
"Drexel","out","Momo LaClair","5-10","JR","combo guard","Syracuse, NY"
"Duquesne","out","Naelle Bernard","5-5","SR","point guard","Paris, France"
"Duquesne","out","Tess Myers","5-9","SR","shooting guard","Lower Burrell, PA"
"East Carolina","out","Jaedyn Cook","6-2","FR","forward","Richmond, VA"
"East Carolina","out","Karina Gordon","5-9","FR","combo guard","Hallandale Beach, FL"
"East Tennessee State","out","Jaileyah Cotton","5-6","SO","point guard","Bardstown, KY"
"East Tennessee State","out","Meleah Kirtner","5-10","JR","guard","Wytheville, VA"
"East Tennessee State","out","Journee McDaniel","5-9","SO","shooting guard","New Bern, NC"
"East Tennessee State","out","Samiah Puckett","6-3","FR","forward/center","Griffin, GA"
"East Tennessee State","out","Lyndie Ramsey","5-8","FR","guard","Elizabethton, TN"
"East Tennessee State","out","Sarah Thompson","5-7","JR","shooting guard","Gate Ctiy, VA"
"Eastern Illinois","out","Julia Bengtson","5-8","JR","guard","Becker, MN"
"Eastern Illinois","out","Miah Monahan","5-8","JR","point guard","Silver Lake, MN"
"Eastern Illinois","out","Taris Thornton","6-0","JR","wing","Chicago, IL"
"Eastern Kentucky","out","Brie Crittendon","5-10","RS SO","guard","Ryle, KY"
"Eastern Michigan","out","Lachelle Austin","5-7","JR","point guard","Redford, MI"
"Eastern Michigan","out","Nia Boston","5-6","JR","guard","Stockton, CA"
"Eastern Michigan","out","Tayra Eke","6-3","JR","center","Madrid, Spain"
"Eastern Michigan","out","Treasure Thompson","6-2","RS JR","forward","Joliet, IL"
"Eastern Washington","in","Peyton Howard","5-9","SR","guard","Spokane, WA"
"Eastern Washington","out","Aaliyah Alexander","5-8","RS JR","combo guard","Federal Way, WA"
"Eastern Washington","out","Jaleesa Lawrence","5-10","JR","wing","Meridian, ID"
"Eastern Washington","out","Devynn Warns","5-7","JR","shooting guard","Renton, WA"
"Eastern Washington","out","Andie Zylak","5-7","JR","point guard","Spokane, WA"
"Elon","out","Ajia James","6-1","SR","wing","Stafford, VA"
"Evansville","out","Sydney Bradley","5-10","FR","guard","St. Louis, MO"
"Evansville","out","Kynidi Mason Striverson","5-8","SO","point guard","Sellersburg, IN"
"Evansville","out","Lexie Sinclair","5-8","FR","guard","Carol Stream, IL"
"Evansville","out","Nevaeh Thomas","6-1","FR","wing/forward","Kenosha, WI"
"Fairfield","out","MacKenzie Daleba","5-11","SR","wing","Dorchester, MA"
"Fairfield","out","Kate Peek","5-9","SO","shooting guard","Poughkeepsie, NY"
"Fairfield","out","Mimi Rubino","5-7","SR","point guard","Pequannock, NJ"
"Fairfield","out","Dayna Tirado","6-1","SR","forward","Closter, NJ"
"Fairleigh Dickinson","out","Ciera Cevallos","5-6","FR","point guard","Maplewood, NJ"
"Florida","out","Alberte Rimdal","5-9","JR","combo guard","Køge, Denmark"
"Florida A&M","out","Hailee Brennen","6-3","SO","forward/center","Debary, FL"
"Florida Atlantic","in","Stefanie Ingram","5-7","RS FR","combo guard","Orlando, FL"
"Florida Atlantic","out","Kayana Armbrister","6-0","FR","wing","Boston, MA"
"Florida Atlantic","out","Dyllan Hanna","6-2","SO","center","St. Augustine, FL"
"Florida Atlantic","out","Aniya Hubbard","5-8","SO","wing","Hoover, AL"
"Florida Atlantic","out","Devyn Scott","5-8","SR","combo guard","Montgomery, NY"
"Florida Atlantic","out","Allie Tylka","6-0","GR","wing","Island Lake, IL"
"Florida Atlantic","out","Carlie Vick","6-2","SO","forward","St. Albans, MO"
"Florida Gulf Coast","out","Ashley Baez","5-6","JR","shooting guard","Santo Domingo, Dominican Republic"
"FIU","out","Aileen Marquez","5-8","JR","shooting guard","Puebla, Mexico"
"FIU","out","Courtney Turner","5-10","SR","forward","Smyrna, DE"
"Florida State","out","Lucía Navarro","6-0","FR","wing/forward","Valencia, Spain"
"Florida State","out","Sakyia White","6-1","JR","forward","Tuscaloosa, AL"
"Fordham","out","Cassidy Mahaney","5-8","FR","shooting guard","Frederick, MD"
"Fordham","out","Maranda Nyborg","6-3","SR","center","Bethel, CT"
"Fresno State","in","Saga Ukkonen","5-9","JR","point guard","Helsinki, Finland"
"Fresno State","out","Sydney Dethman","6-2","JR","forward","Froid, MT"
"Fresno State","out","Bineta Diatta","6-1","JR","forward","Saly, Senegal"
"Fresno State","out","Maria Doreste","5-8","SO","guard","Las Palmas de Gran Canaria, Spain"
"Fresno State","out","Deajanae Harvey","5-6","SR","combo guard","San Diego, CA"
"Fresno State","out","Tamia Stricklin","6-0","RS SO","wing","Renton, WA"
"Fresno State","out","Franka Wittenberg","5-9","SO","point guard","Hildesheim, Germany"
"Furman","out","Evie DePetro","5-9","SR","shooting guard","Knoxville, TN"
"Furman","out","Nia Johnson","5-8","GR","guard","Sacramento, CA"
"Furman","out","Ella Riggs","5-9","SO","guard","Cincinnati, OH"
"Gardner-Webb","out","Ramatoulaye Keita","5-11","GR","forward","Bamako, Mali"
"Gardner-Webb","out","Trinity Moreland","6-2","SO","forward","Charlotte, NC"
"Gardner-Webb","out","Grace Pack","6-2","SO","center","Midlothian, VA"
"Gardner-Webb","out","Cecilee Silver","5-8","SO","guard","Asheville, NC"
"George Mason","in","Louis Volker","6-1","FR","center","Purcellville, VA"
"George Mason","out","Taylor Jameson","5-6","SR","guard","Wichita, KS"
"George Mason","out","Amy O'Hara","6-3","SO","forward","Hoppers Crossing, Victoria, Australia"
"George Mason","out","Carmen Williams","5-10","JR","wing","Voorhees, NJ"
"George Washington","out","Asjah Inniss","5-9","SR","combo guard","Duluth, GA"
"George Washington","out","Jaylin Hartman","6-2","FR","forward","Mendham, NJ"
"Georgetown","out","Mayla Ham","5-11","FR","forward","Detroit, MI"
"Georgetown","out","Yasmin Ott","5-7","SR","point guard","Little Rock, AR"
"Georgia","out","Stefanie Ingram","5-7","RS FR","combo guard","Orlando, FL"
"Georgia","out","Zoesha Smith","6-1","SR","forward","Brunswick, GA"
"Georgia Southern","out","Lydia Freeman",,,"guard/forward","Snellville, GA"
"Georgia Southern","out","Eden Johnson",,,"wing/forward","Fayetteville, GA"
"Georgia Southern","out","Zaria Johnson",,,"guard","Greenwood, SC"
"Georgia Southern","out","Paris Miller",,,"guard","McDonough, GA"
"Georgia Southern","out","Constance Thomas",,,"wing/forward","Fayetteville, GA"
"Georgia Southern","out","Kayla Thomas",,,"wing/forward","Dublin, GA"
"Georgia Southern","out","Terren Ward",,,"wing/forward","Pooler, GA"
"Georgia State","out","Christeina Bryan",,,"wing/forward","Jonesboro, GA"
"Georgia State","out","Kamryn Dziak",,,"guard/wing","Cuyahoga Falls, OH"
"Georgia State","out","Alyssa Phillip",,,"guard","Lawrenceville, GA"
"Georgia Tech","out","Jada Bediako","6-3","FR","forward/center","Brampton, ON"
"Georgia Tech","out","Raeven Boswell","5-11","SO","guard","Austin, TX"
"Georgia Tech","out","Avyonce Carter","5-10","SR","wing","Norcross, GA"
"Georgia Tech","out","Anisa Clark","5-7","SR","shooting guard","McDonough, GA"
"Grambling State","in","Ja'Miyah Bryant","6-1","JR","forward","Pensacola, FL"
"Grambling State","in","Sharonica Hartsfield","5-5","SR","point guard","Oklahoma City, OK"
"Grambling State","in","Shaniah Nunn","6-0","SO","wing","Birmingham, AL"
"Grambling State","out","Deivejon Harris","6-2","JR","center","Bronx, NY"
"Grand Canyon","in","Kaitlyn Elsholz","5-11","FR","wing","Peoria, AZ"
"Grand Canyon","out","Naudia Evans","5-6","JR","point guard","Waynesville, MO"
"Hampton","out","Heaven Accimeus","5-8","SR","guard","Brooklyn, NY"
"Hampton","out","Camryn Hill","6-0","SR","wing","Dallas, TX"
"Hampton","out","Antonia Whorley","6-0","JR","wing","Lynchburg, VA"
"Hawaii","out","Brooke Murrell","6-2","FR","forward","Aurora, CO"
"Hawaii","out","Avery Watkins","6-0","SO","wing","Seattle, WA"
"High Point","out","Bukky Akinsola","5-6","JR","guard","Hillside, NJ"
"High Point","out","Shakira Baskerville","6-1","JR","wing","Clemmons, NC"
"Hofstra","in","Kassidy Thompson","5-10","FR","shooting guard","Mullica Hill, NJ"
"Hofstra","out","Tionna Baker","5-6","JR","point guard","Rocky Face, GA"
"Hofstra","out","Onna Brown","5-11","FR","wing","Portland, OR"
"Hofstra","out","Ja'Miyah Bryant","6-1","JR","forward","Pensacola, FL"
"Hofstra","out","Maniya Custis","5-3","SR","guard","Camden, NJ"
"Hofstra","out","Kayley Joseph-Bernard","6-0","SO","wing","Milton, ON"
"Hofstra","out","Selma Markisic","5-6","RS JR","combo guard","Brooklyn, NY"
"Holy Cross","out","Cara McCormack","5-3","SR","point guard","Smithtown, NY"
"Holy Cross","out","Bronagh Power-Cassidy","5-10","SR","shooting guard","Dublin, Ireland"
"Houston","in","Ashley Chevalier","5-7","SR","point guard","Chatsworth, CA"
"Houston","out","Amari Conn","5-7","SR","guard","Kansas City, MO"
"Houston","out","Djessira Diawara","6-3","JR","center","Bamako, Mali"
"Houston","out","Kamryn Jones","6-1","SR","forward","Magnolia, TX"
"Houston","out","Ash'a Thompson","5-10","SR","wing","DeSoto, TX"
"Houston Christian","in","Kierra Prim","5-9","SR","wing","Overland Park, KS"
"Houston Christian","out","Enya Maguire","5-4","SR","point guard","Belfast, Northern Ireland"
"Howard","out","Te'Keyah Bland","6-1","FR","forward","Pittsboro, NC"
"Howard","out","Kaiya Creek","5-10","SR","wing","Seat Pleasant, MD"
"Howard","out","Aaliyah Frazier","5-7","FR","point guard","Plainfield, IL"
"Howard","out","Taleiyah Gibbs","6-0","FR","shooting guard/wing","Charleston, SC"
"Idaho","in","Tyler McCliment-Call","6-0","SR","guard","Spokane, WA"
"Idaho","in","Olivia Nelson","5-7","RS JR","point guard","Kansas City, MO"
"Idaho","out","Aspen Caldwell","5-7","FR","combo guard","Idaho Falls, ID"
"Idaho","out","Jenna Kilty","5-10","SR","guard","Oakland, CA"
"Idaho","out","Georgia Gray","6-3","JR","forward","Melbourne, Australia"
"Idaho","out","Kennedy Johnson","5-11","JR","combo guard","Hayward, CA"
"Idaho","out","Madelynn Muniz","5-10","FR","guard","Phoenix, AZ"
"Idaho State","out","Laura Bello","6-3","JR","center","Dublin, Ireland"
"Idaho State","out","Madilynn Rendall","6-0","FR","shooting guard/wing","Kennewick, WA"
"Idaho State","out","Ioanna Stefanaki","5-9","FR","shooting guard","Crete, Greece"
"Idaho State","out","Alaina Williams","6-1","FR","forward","Apollo Beach, FL"
"Illinois","out","Samantha Dewey","6-2","SO","forward","North Andover, MA"
"Illinois","out","Camille Jackson","5-11","SO","point guard","Chicago, IL"
"Illinois","out","Aicha Ndour","6-6","SR","center","Somone, Senegal"
"UIC","out","Tara Green","6-3","SR","center","West Helena, AR"
"Illinois State","out","Abbie Aalsma","5-9","SO","guard","Waupun, WI"
"Illinois State","out","Lexi Boles","6-3","JR","forward/center","Des Moines, IA"
"Illinois State","out","Brooke Coffey","6-1","FR","wing","St. Charles, MO"
"Illinois State","out","Molly Lenz","5-8","FR","point guard","Eden Prairie, MN"
"Incarnate Word","out","Aliyah Collins","5-5","SO","point guard","College Station, TX"
"Incarnate Word","out","Nina De Leon Negron","5-6","SR","point guard","San Juan, Puerto Rico"
"Incarnate Word","out","Sophia Griego","5-10","RS FR","shooting guard","Austin, TX"
"Incarnate Word","out","Paloma Simón","5-11","SO","wing","Alcobendas, Madrid, Spain"
"Incarnate Word","out","Destiny Terrell","5-9","SR","wing","Dallas, TX"
"Indiana State","out","Kiley Bess","6-0","SR","guard","Poplar Bluff, MO"
"Indiana State","out","Mya Glanton","6-0","RS SR","forward","East St. Louis, IL"
"IUPUI","in","Nevaeh Foster","5-8","FR","combo guard","South Bend, IN"
"IUPUI","out","Jaela Johnson","5-5","GR","point guard","Louisville, KY"
"IUPUI","out","Jaci Jones","5-5","SR","point guard","Fort Wayne, IN"
"IUPUI","out","Abby Wolterman","6-0","SO","forward","West Chester, OH"
"Iona","out","Daniela Ciscar","6-1","FR","guard","Valencia, Spain"
"Iona","out","Noa Givon","5-10","SO","guard","Ra'anana, Israel"
"Iowa State","out","Jalynn Bristow","6-2","FR","forward","Holliday, TX"
"Iowa State","out","Shantavia Dawkins","5-7","SO","guard","Brampton, ON"
"Iowa State","out","Mary Kate King","5-3","JR","point guard","Dubuque, IA"
"Iowa State","out","Isnelle Natabou","6-5","SR","center","Česká Lípa, Czech Republic"
"Iowa State","out","Izzi Zingaro","6-4","RS SO","forward","Bolton, ON"
"Iowa State","out","Nyamer Diew","6-2","SR","forward","Marshall, MN"
"Jackson State","out","Mya Pratcher","6-3","SO","forward","Memphis, TN"
"Jackson State","out","Taylor Woodhouse","5-7","JR","point guard","Southaven, MS"
"Jacksonville","out","Asiana Britt","5-6","FR","shooting guard","Jacksonville, FL"
"Jacksonville","out","Kyshonna Brown","5-11","SO","wing","Augusta, GA"
"Jacksonville State","out","Kristol Ayson","5-7","JR","combo guard","Tacoma, WA"
"Jacksonville State","out","Keiara Griffin","6-0","SR","wing","Birmingham, AL"
"Jacksonville State","out","Jaz Spencer","5-6","JR","combo guard","Bartow, FL"
"James Madison","in","Ro Scott","5-8","SR","guard","Earle, AR"
"James Madison","out","Steph Ouderkirk","6-1","RS JR","forward","Penn Laird, VA"
"James Madison","out","Chloe Sterling","5-7","SO","point guard","Kennesaw, GA"
"James Madison","out","Amira Williams","5-11","RS JR","wing","Winston-Salem, NC"
"Kansas","out","Paris Gaines","6-3","FR","center","Orlando, FL"
"Kansas","out","Skyler Gill","5-10","JR","wing","Wichita, KS"
"Kansas","out","Zsofia Telegdy","6-3","SO","forward/center","Budapest, Hungary"
"Kansas City","out","Rain Green","5-8","RS JR","point guard","Baltimore, MD"
"Kansas City","out","Zaire Harrell","5-8","SO","point guard","St. Louis, MO"
"Kansas State","in","Kennedy Taylor","6-3","JR","forward","Shawnee Mission, KS"
"Kansas State","out","Heavenly Greer","6-2","RS JR","forward","Phoenix, AZ"
"Kansas State","out","Ja'Mia Harris","5-11","RS FR","combo guard","Lancaster, TX"
"Kennesaw State","in","Claire Davis","6-2","SO","forward","Cartersville, GA"
"Kennesaw State","in","Keiara Griffin","6-0","SR","wing","Birmingham, AL"
"Kennesaw State","out","Tania Allen","6-0","JR","wing","Chicago, IL"
"Kennesaw State","out","Laura Toffali","5-9","SO","shooting guard","Villasanta, Italy"
"Kentucky","in","Georgia Amoore","5-6","SR","point guard","Ballarat, Victoria, Australia"
"Kentucky","in","Clara Strack","6-5","FR","center","Buffalo, NY"
"Kentucky","out","Jordy Griggs","6-2","SO","wing","Moreno Valley, CA"
"Kentucky","out","Amiya Jenkins","5-10","SO","shooting guard/wing","Lexington, KY"
"Kentucky","out","Nyah Leveretter","6-2","GR","forward","Blythewood, SC"
"Kentucky","out","Brooklynn Miles","5-5","JR","point guard","Frankfort, KY"
"Kentucky","out","Ajae Petty","6-3","SR","forward","Baltimore, MD"
"Kentucky","out","Eniya Russell","6-1","GR","guard","Baltimore, MD"
"Kentucky","out","Maddie Scherr","5-10","GR","guard","Florence, KY"
"Kentucky","out","Zennia Thomas","6-2","SO","forward","Lyndhurst, OH"
"Kentucky","out","Janae Walker","6-3","FR","center","Tyrone, GA"
"La Salle","out","Amber Bullard","6-4","FR","center","Philadelphia, PA"
"La Salle","out","Hailey Chiles","6-3","FR","center","Greenwood, SC"
"La Salle","out","Fiona Connolly","5-8","SO","point guard","South Burlington, VT"
"La Salle","out","Emma Egan","5-8","SO","guard","Mount Washington, KY"
"La Salle","out","Nicole Melious","5-8","FR","combo guard","Staten Island, NY"
"La Salle","out","Laia Monclova","6-1","FR","wing","Mallorca, Spain"
"La Salle","out","Emilee Tahata","6-1","JR","forward","Springfield, Australia"
"La Salle","out","Gabby Turco","5-10","JR","guard","Wildwood, NJ"
"Lafayette","out","Makayla Andrews","5-10","SR","shooting guard","Neptune, NJ"
"Lamar","out","Portia Adams",,,"forward/center","Central, TX"
"Lamar","out","Elise Jones",,"JR","wing","Huntsville, TX"
"Le Moyne","out","Tamiya Turner","5-11","SO","forward","Howell, NJ"
"Lehigh","out","Maddie Albrecht","6-0","SR","wing","Billings, MT"
"Lehigh","out","Jamie Behar","6-1","SR","wing","Oceanside, NY"
"Lehigh","out","Maggie Brown","6-1","SR","wing/forward","Brentwood, TN"
"Lehigh","out","Julianna Ouimette","5-10","FR","point guard","Minocqua, WI"
"Liberty","out","Ella Wigal","6-0","FR","guard","Granville, OH"
"Lindenwood","out","Celina Arnlund","JR","forward","Stockholm, Sweden"
"Lindenwood","out","Jannaeleigh Cooper","5-11","FR","combo guard","Lubbock, TX"
"Lindenwood","out","Kaylen Evans","5-6","JR","combo guard","New Lenox, IL"
"Lindenwood","out","Kaliyah Sain","6-0","wing/forward","Cedar Rapids, IA"
"Lipscomb","out","Kamil Collier","6-1","SO","forward","Nashville, TN"
"Lipscomb","out","Diana Saleh","6-3","SR","center","Dearborn, MI"
"Lipscomb","out","Aleah Sorrentino","6-2","RS JR","wing","Palm Bay, FL"
"Little Rock","out","Mira Hanna",,,"guard","Little Rock, AR"
"Little Rock","out","Jaiyah Harris-Smith",,,"guard","Little Rock, AR"
"Little Rock","out","Tia Harvey",,,"guard","North Little Rock, AR"
"Little Rock","out","Sha'Nequa Henry",,,"guard","Little Rock, AR"
"Long Beach State","out","Davai Matthews","6-3","SO","center","Detroit, MI"
"Long Beach State","out","Olivia Moore","5-8","RS FR","guard","Spokane, WA"
"Long Beach State","out","Sydney Woodley","5-8","JR","guard","Menifee, CA"
"Long Beach State","out","Abby Shoff","6-0","SO","forward","Redding, CA"
"Long Beach State","out","Casey Valenti Paea","5-9","RS JR","guard","Melbourne, Australia"
"Long Island University","out","Jaini Edmonds","5-8","SR","shooting guard","Worcester, MA"
"Long Island University","out","Mariah Elohim","5-10","SO","shooting guard","Westlake Village, CA"
"Long Island University","out","Nia Santiago","5-10","FR","wing","Melbourne, FL"
"Longwood","out","Laney Bone","5-11","JR","forward","Chattanooga, TN"
"Longwood","out","Alyssa Chapman","6-2","FR","forward","Manakin Sabot, VA"
"Longwood","out","Stephanie Davis","6-0","SR","guard","Windham, NH"
"Longwood","out","Adriana Shipp-Davis","5-10","RS SR","guard","Chesapeake, VA"
"Longwood","out","Bailey Williams","5-7","SR","point guard","Midlothian, VA"
"UL Lafayette","out","Tamera Johnson","5-11","SR","forward","Lafayette, LA"
"UL Lafayette","out","Brandi Williams","5-6","SR","guard","Lake Charles, LA"
"UL Monroe","in","Brikayla Gray","5-8","RS JR","shooting guard","Hebron, MS"
"UL Monroe","in","Lauren Gross","5-10","GR","shooting guard","Southaven, MS"
"UL Monroe","in","Asjha Leake","6-3","JR","center","Cibolo, TX"
"UL Monroe","in","Meloney Thames","5-8","JR","combo guard","Choctaw, MS"
"UL Monroe","out","Myca Trail","5-10","SO","wing","Lake Charles, LA"
"LSU","in","Jersey Wolfenbarger","6-5","JR","guard/forward","Fort Smith, AR"
"LSU","out","Kateri Poole","5-8","SR","point guard","Bronx, NY"
"LSU","out","Hailey Van Lith","5-7","GR","point guard","Wenatchee, WA"
"LSU","out","Angelica Velez","5-7","FR","point guard","Bronx, NY"
"Louisiana Tech","out","Ayen Angoi","6-0","SO","center","Dallas, TX"
"Louisiana Tech","out","Amaya Brannon","5-11","JR","wing","Plano, TX"
"Louisiana Tech","out","Anja Bukvic","5-10","SO","shooting guard","Belgrade, Serbia"
"Louisiana Tech","out","Paris Guillory","5-7","FR","point guard","Lake Charles, LA"
"Louisiana Tech","out","Silvia Nativi","6-0","JR","point guard","Ferrara, Italy"
"Louisville","out","Alexia Mobley","6-2","RS SO","forward","Reynoldsburg, OH"
"Louisville","out","Hennie van Schaik","6-3","JR","forward","Urk, Netherlands"
"Loyola Chicago","out","Aaliyah Moore","6-0","SR","forward","Milwaukee, WI"
"Loyola Chicago","out","Mallory Ramage","5-10","SO","guard","Mattoon, IL"
"Loyola Chicago","out","Jazelle Young","5-11","FR","forward","Chicago, IL"
"Loyola Chicago","out","Maddie Petroelje","6-1","FR","wing","Hudsonville, MI"
"Loyola Marymount","out","Cynthia Ezeja","6-2","GR","forward","Athens, Greece"
"Loyola Marymount","out","Sydney Gandy","5-5","JR","point guard","Long Beach, CA"
"Loyola Marymount","out","Alexis Mark","6-0","SR","wing","Chatsworth, CA"
"Loyola Marymount","out","Amaya Oliver","6-2","SR","forward","Richmond, CA"
"Loyola Marymount","out","Nicole Rodriguez","5-8","SR","shooting guard","Eastvale, CA"
"Loyola Marymount","out","Kimora Sykes","6-0","RS SR","forward","Fontana, CA"
"Loyola Marymount","out","Noelle Yancy","5-10","SR","point guard","Dallas, TX"
"Maine","out","Milana Nenadic","6-3","SO","center","Kitchener, ON"
"Manhattan","in","Hana Mühl","5-8","SO","combo guard","Zagreb, Croatia"
"Manhattan","out","Anne Bair","5-7","SO","point guard","Gettysburg, PA"
"Manhattan","out","Jade Blagrove","6-2","SR","forward","Barendrecht, Netherlands"
"Marist","out","Zaria Shazer","6-1","SR","forward","Elmira, NY"
"Marquette","out","Nia Clark","5-9","GR","guard","Indianapolis, IN"
"Marquette","out","Mackenzie Hare","5-9","SO","shooting guard","Naperville, IL"
"Marquette","out","Liza Karlen","6-2","SR","center","St. Paul, MN"
"Marquette","out","Lee Volker","6-1","JR","wing","Purcellville, VA"
"Marshall","out","Terah Harness","5-9","JR","shooting guard","New Carlisle, OH"
"Marshall","out","Aislynn Hayes","5-6","SR","guard","Murfreesboro, TN"
"Marshall","out","Alasia Hayes","5-8","RS JR","point guard","Murfreesboro, TN"
"Marshall","out","Mahogany Matthews","6-1","GR","forward","Raeford, NC"
"Marshall","out","Sydni Scott","5-8","SO","guard","Prospect Park, PA"
"Maryland","out","Summer Bostock","6-1","RS FR","guard","Toronto, ON"
"Maryland","out","Hawa Doumbouya","6-7","FR","center","Bronx, NY"
"Maryland","out","Faith Masonius","6-1","GR","wing","Belmar, NJ"
"Maryland","out","Riley Nelson","6-2","FR","wing","Clarksburg, MD"
"UMBC","out","Grace Ceseretti","5-9","SO","shooting guard","Barrington, RI"
"UMBC","out","Laycee Drake","5-6","JR","point guard","Hancock, NY"
"Maryland Eastern Shore","out","J'ála Bannerman","5-6","SO","point guard","Baltimore, MD"
"Maryland Eastern Shore","out","Zamara Haynes","5-7","SR","point guard","Philadelphia, PA"
"Maryland Eastern Shore","out","Aysia Hinton","5-7","FR","combo guard","Durham, NC"
"Maryland Eastern Shore","out","Ariana Seawell","6-2","JR","forward/center","Bronx, NY"
"UMass","out","Alexsia Rose","5-7","SR","point guard","Bloomfield, CT"
"UMass","out","Lilly Taulelei","6-3","FR","forward/center","Wellington, New Zealand"
"UMass","out","Kristin Williams","5-8","JR","shooting guard","San Diego, CA"
"UMass Lowell","out","Cire Worley","6-0","FR","wing","Philadelphia, PA"
"McNeese State","in","Bre Sutton","5-9","JR","point guard","New Orleans, LA"
"McNeese State","out","Helena Galunic","6-1","JR","forward","Zagreb, Croatia"
"McNeese State","out","Cristina Gil","5-8","SR","point guard","Barcelona, Spain"
"McNeese State","out","Marta Hermoso","6-2","SO","forward","Seville, Spain"
"McNeese State","out","Clara Rosini","5-10","SR","shooting guard/wing","Trieste, Italy"
"McNeese State","out","Emilia Tenbrock","6-1","JR","shooting guard","Dusseldorf, Germany"
"McNeese State","out","Gabrielle Wener","6-3","RS JR","wing","Kissimmee, FL"
"McNeese State","out","Grace Wener","6-4","SO","center","Kissimmee, FL"
"Memphis","out","Jana Sallman","6-3","FR","forward/center","Cairo, Egypt"
"Memphis","out","Nikole Thomas","5-7","FR","combo guard","Pasco, WA"
"Mercer","out","Cianté Downs",,,"wing/forward",
"Mercer","out","Summah Evans","6-0","SR","wing/forward","Cairns, Australia"
"Mercer","out","Enjulina Gonzalez",,,"wing",
"Mercer","out","Briana Peguero","5-7","JR","guard","Houston, TX"
"Mercer","out","Maria Serracanta",,,"wing/forward",
"Mercer","out","Stacie Jones",,"grad xfer",,
"Merrimack","out","Izabella Forker","5-8","FR","shooting guard","Telford, PA"
"Merrimack","out","Tara Murray","5-11","FR","wing","Deer Park, NY"
"Merrimack","out","Amaya Staton","6-1","SR","forward","Lorain, OH"
"Miami (FL)","out","Haley Cavinder","5-6","SR","guard","Gilbert, AZ"
"Miami (FL)","out","Lashae Dwyer","5-8","JR","point guard","Toronto, ON"
"Miami (FL)","out","Kyla Oldacre","6-6","SO","center","Mason, OH"
"Miami (FL)","out","Ally Stedman","5-9","SO","point guard","Phoenix, AZ"
"Miami (FL)","out","Ja'Leah Williams","5-9","JR","guard","Pompano Beach, FL"
"Miami (OH)","out","Jessie Dai","6-1","JR","forward","DaQing, China"
"Miami (OH)","out","Maddy Huhn","5-8","FR","shooting guard","Carlsbad, CA"
"Miami (OH)","out","Riley Neal","5-11","SO","wing","Prospect, KY"
"Miami (OH)","out","Jordan Tuff","5-8","GR","shooting guard","Kernersville, NC"
"Michigan","out","Chyra Evans","6-2","SO","forward","Newcastle, New South Wales, Australia"
"Michigan","out","Laila Phelia","6-0","JR","wing","Cincinnati, OH"
"Michigan","out","Elise Stuck","6-2","SR","wing","Charlevoix, MI"
"Michigan","out","Cameron Williams","6-3","SR","forward","Chicago, IL"
"Michigan","out","Taylor Williams","6-2","GR","forward","New Baltimore, MI"
"Michigan","out","Taylor Woodson","6-0","FR","wing","Minnetonka, MN"
"Michigan State","out","Gabby Elliott","5-10","SR","wing","Detroit, MI"
"Michigan State","out","DeeDee Hagemann","5-7","JR","point guard","Detroit, MI"
"Michigan State","out","Lauren Ross","5-10","RS JR","wing","Muskegon, MI"
"Michigan State","out","Bree Robinson","5-8","FR","combo guard","Mississauga, ON"
"Middle Tennessee","out","Sifa Ineza","5-11","RS SO","shooting guard","Musanze, Rwanda"
"Middle Tennessee","out","Zahira Arizmendi Rubio","5-8","FR","shooting guard","Madrid, Spain"
"Milwaukee","out","Kalvina Eubanks","5-8","JR","guard","Bellwood, IL"
"Ole Miss","out","Marija Avlijas","5-9","FR","guard","Belgrade, Serbia"
"Ole Miss","out","Elauna Eaton","6-0","RS JR","guard","Helena, AR"
"Ole Miss","out","Zakiya Stephenson","5-4","FR","point guard","Virginia Beach, VA"
"Mississippi State","out","Jasmine Brown-Hagger","5-9","FR","guard","Shorewood, IL"
"Mississippi State","out","Nyayongah Gony","6-4","RS JR","wing","Lincoln, NE"
"Mississippi State","out","Meloney Thames","5-8","JR","combo guard","Choctaw, MS"
"Mississippi Valley State","out","Amberly Brown","6-1","JR","forward","Rome, GA"
"Mississippi Valley State","out","SyAnn Holmes","6-0","SR","forward","Evanston, IL"
"Mississippi Valley State","out","Lizzie Walker","5-10","JR","wing","Crystal Springs, MS"
"Missouri","out","Mama Dembele","5-6","SR","point guard","Manlleu, Spain"
"Missouri","out","Sarah Linthacum","6-3","JR","forward","Jefferson City, MO"
"Missouri State","in","Cady Pauley","5-11","SO","shooting guard","Milan, MO"
"Missouri State","in","Zoe Stewart","5-10","RS FR","guard","Terre Haute, IN"
"Missouri State","out","Natasha Barnes","5-9","FR","combo guard","Chicago, IL"
"Missouri State","out","Jaiden Bryant","5-9","SO","wing","St. Louis, MO"
"Missouri State","out","Indya Green","5-11","JR","wing/forward","Springfield, MO"
"Missouri State","out","Jade Masogayo","6-3","SO","center","Fort Worth, TX"
"Missouri State","out","Kennedy Taylor","6-3","JR","forward","Shawnee Mission, KS"
"Missouri State","out","Louis Volker","6-1","FR","center","Purcellville, VA"
"Monmouth","out","Antonia Panayides","5-7","JR","shooting guard","Tinton Falls, NJ"
"Monmouth","out","Ariana Vanderhoop","5-9","SR","combo guard","Boston, MA"
"Monmouth","out","Diamond Wiggins","5-10","FR","wing","Norfolk, VA"
"Montana","in","Izzi Zingaro","6-4","RS SO","forward","Bolton, ON"
"Montana","out","Macey Huard","6-2","FR","shooting guard","Highlands Ranch, CO"
"Montana","out","Libby Stump","5-8","SO","combo guard","Ferndale, WA"
"Montana State","out","Malea Egan","5-6","FR","combo guard","Colstrip, MT"
"Montana State","out","Mattie Olson","5-8","SO","guard","Idaho Falls, ID"
"Morehead State","out","Skylar Barnes","5-9","juco SO","SG/W","Blinn College (TX) / Lancaster, TX"
"Morehead State","out","Mikaela Hall","6-1","JR","forward","Lawton, OK"
"Morehead State","out","Hannah Hicks","6-1","JR","forward","Cleveland, OH"
"Morehead State","out","Blessing King","5-10","SO","wing","Columbus, OH"
"Morehead State","out","Paris McBride","5-6","RS JR","point guard","Richmond, VA"
"Morehead State","out","Hallie Rhodes","5-11","SO","wing","Keller, TX"
"Morehead State","out","Jayden Rhodes","5-11","SO","forward","Keller, TX"
"Morehead State","out","Valentina Saric","6-2","SO","wing","Los Angeles, CA"
"Morehead State","out","Melissa Secchiaroli","5-10","JR","wing","Sorgues, France"
"Morehead State","out","Matilda Söderlund","5-6","JR","shooting guard","Stockholm, Sweden"
"Morgan State","out","Brooklyn Jones","5-7","SR","point guard","Pittsburgh, PA"
"Morgan State","out","Kaia Ponder","6-0","SO","forward","Tulsa, OK"
"Morgan State","out","Amari Smith","5-10","FR","wing","Newport News, VA"
"Mount St. Mary's","in","Anna LeMaster","5-9","SR","wing","Ashburn, VA"
"Mount St. Mary's","out","Giana Hoddinott","5-9","RS FR","combo guard","Littlestown, PA"
"Mount St. Mary's","out","Isabella Hunt","5-10","SR","forward","Johnstown, PA"
"Mount St. Mary's","out","Jada Lee","5-5","RS JR","combo guard","Pittsburgh, PA"
"Mount St. Mary's","out","Jasmine Lindsay-Huskey","5-10","JR","wing","Middletown, MD"
"Mount St. Mary's","out","McKenzie Matheny","5-11","SO","forward","West Springfield, VA"
"Mount St. Mary's","out","Jessica Tomasetti","5-5","SR","combo guard","North Potomac, MD"
"Murray State","in","Halli Poock","5-4","FR","point guard","Waterloo, IA"
"Murray State","out","Zoe Stewart","5-10","RS FR","guard","Terre Haute, IN"
"Murray State","other","Kayla Mitchell","5-3","GR","point guard","Jonesboro, AR"
"Navy","out","Bianca Coleman","5-10","SO","shooting guard/wing","Abington, PA"
"Nebraska","out","Annika Stewart","6-3","SR","forward/center","Plymouth, MN"
"Nevada","out","Natalie Lathrop","6-3","RS SO","center","Tualatin, OR"
"UNLV","out","Alyssa Durazo-Frescas","5-7","JR","combo guard","Newport Beach, CA"
"UNLV","out","Nneka Obiazor","5-10","RS JR","forward","Eden Prairie, MN"
"New Hampshire","out","Paige Cote","6-2","SR","center","Sanford, ME"
"New Hampshire","out","Adara Groman","5-8","SR","shooting guard","Scituate, MA"
"New Hampshire","out","Bella Stuart","5-11","SR","wing","Clifton Park, NY"
"NJIT","out","Lyzi Litwinko","5-8","SR","guard","Berlin, CT"
"New Mexico","out","Jaelyn Bates","5-7","SO","point guard","Albuquerque, NM"
"New Mexico","out","Natalia Chavez","5-10","RS FR","shooting guard","Cochiti Pueblo, NM"
"New Mexico","out","Mackenzie Curtis","5-10","RS SO","shooting guard","Lakeside, CA"
"New Mexico","out","Nahawa Diarra Berthe","5-9","JR","guard","Barcelona, Spain"
"New Mexico","out","Paula Reus","6-2","JR","forward","Palma de Mallorca, Spain"
"New Mexico","out","Hannah Robbins","6-0","SO","guard","Phoenix, AZ"
"New Mexico","out","Nyah Wilson","5-8","JR","guard","Dallas, TX"
"New Mexico State","out","Sabou Gueye","5-9","JR","guard","Dakar, Senegal"
"New Orleans","out","Yaly Ben Harush","5-9","FR","shooting guard/wing","Elitzur Holon, Israel"
"New Orleans","out","Zoe Cooper","5-11","SR","forward","Birmingham, AL"
"New Orleans","out","Kristen Crenshaw-Gill","5-9","RS SO","guard","Youngstown, OH"
"New Orleans","out","Kyla Davis","5-9","RS JR","guard","Fort Worth, TX"
"New Orleans","out","Evangelia Davlakou","5-5","FR","point guard","Athens, Greece"
"New Orleans","out","Justice Ross","6-0","RS SR","wing","Des Moines, IA"
"New Orleans","out","Patricia Sherrill","6-1","JR","forward/center","Alexandria, VA"
"New Orleans","out","Imani Williams","5-8","SO","point guard","Hopkins, SC"
"Niagara","out","Kylie Buckley",,,"guard",
"Niagara","out","Shelby Fiddler",,,"guard",
"Niagara","out","Saige Glover","5-7","GR","point guard",
"Niagara","out","Chardonnay Hartley",,,"guard",
"Niagara","out","Ary Hicks",,,"guard",
"Nicholls State","out","Lexi Alexander","6-0","SO","wing","Round Rock, TX"
"Nicholls State","out","Malaysia DePrisco","5-9","SO","shooting guard","Austin, TX"
"Nicholls State","out","Adyson James","5-8","FR","shooting guard","San Antonio, TX"
"Nicholls State","out","Khia Lee","5-10","JR","forward","Manchester, England"
"Nicholls State","out","Ashley Malone","5-7","SR","shooting guard","Nashville, TN"
"Nicholls State","out","Kate Manley","6-4","SR","center","Roswell, GA"
"Norfolk State","out","Alana Swift","5-6","RS SR","point guard","Philadelphia, PA"
"North Alabama","in","Allie Craig Cruce","6-1","GR","forward","Killen, AL"
"North Alabama","out","Ruth Balogun","5-10","SR","wing/forward","Lagos, Nigeria"
"North Alabama","out","Jade Moore","5-7","SR","shooting guard","St. Louis, MO"
"North Carolina","in","Grace Townsend","5-5","SR","point guard","Midlothian, VA"
"North Carolina","out","Rylee Grays","6-3","FR","center","Pearland, TX"
"North Carolina","out","Teonni Key","6-4","RS SO","wing","Cary, NC"
"North Carolina","out","Paulina Paris","5-9","SO","combo guard","Congers, NY"
"North Carolina","out","Anya Poole","6-2","SR","forward","Raleigh, ND"
"North Carolina","out","Alexandra Zelaya","6-4","SR","wing/forward","Goodyear, AZ"
"North Carolina A&T","out","Tamyra Council","6-0","SO","forward","Lumberton, NC"
"North Carolina A&T","out","Taliya Council","6-0","SO","forward","Lumberton, NC"
"North Carolina A&T","out","Nyah Willis","5-10","GR","guard","San Jose, CA"
"UNC Asheville","out","McKinley Brooks-Sumpter","5-7","RS SR","guard","Columbia, SC"
"UNC Asheville","out","Millie Brown","5-6","SO","shooting guard","Nashville, TN"
"UNC Asheville","out","Mallory Bruce","5-11","JR","wing","Greenville, SC"
"UNCG","out","Antoniette Emma-Nnopu",,,"wing/forward",
"UNCG","out","Isys Grady",,,"wing/forward",
"UNCG","out","Nina Horvath",,,"wing/forward",
"NC State","out","Alyssa Lewis","5-7","FR","shooting guard","Harrisburg, NC"
"UNC Wilmington","in","Torin Rogers","6-1","SO","forward","Brasstown, NC"
"UNC Wilmington","out","Sammy Ackles","6-3","RS SO","forward/center","Holly Springs, NC"
"UNC Wilmington","out","Kylie Chavis","5-7","FR","combo guard","Red Springs, NC"
"UNC Wilmington","out","Lexi Jackson","6-4","SR","center","Pittsburgh, PA"
"UNC Wilmington","out","Britany Range","5-10","SR","shooting guard","Middleburg, FL"
"UNC Wilmington","out","Mingaile Urmuleviciute","6-3","SO","forward/center","Kaunas, Lithuania"
"North Dakota","in","Walker Demers","6-2","SO","center","Grafton, ND"
"North Dakota","out","Mahogany Cottingham","5-8","FR","point guard","Parma, OH"
"North Dakota","out","DJ Davis","5-6","SR","point guard","Dallas, TX"
"North Dakota","out","Darcy Jardine","6-4","SO","center","Cheyenne, WY"
"North Dakota State","out","Kristina Ekofo Yomane","6-1","SR","forward","Brussels, Belgium"
"North Dakota State","out","Elle Evans","6-3","SO","wing","Edwardsville, IL"
"North Dakota State","out","Grace Massaquoi","5-10","SO","wing","Minneapolis, MN"
"North Florida","out","Kyla Cain","5-11","FR","wing","Atlanta, GA"
"North Texas","out","Breanna Davis","5-9","SO","point guard","Red Oak, TX"
"North Texas","out","Courtlyn Loudermill","5-8","SR","combo guard","Carrollton, TX"
"Northeastern","out","Deja Bristol","6-1","SR","forward","Upper Marlboro, MD"
"Northeastern","out","Halle Idowu","5-11","SR","wing/forward","Calumet Park, IL"
"Northeastern","out","Amyrah Sapenter","5-8","SR","shooting guard","Newtown, CT"
"Northern Arizona","out","Fatoumata Jaiteh","6-1","JR","forward","Lynnwood, WA"
"Northern Colorado","out","Tiani Abrams","6-1","SO","wing","Vista, CA"
"Northern Colorado","out","Michelle Duchemin","6-0","JR","wing","Encino, CA"
"Northern Colorado","out","Seneca Hackley","5-9","SR","guard","Colorado Springs, CO"
"Northern Colorado","out","Tena Ikidi","6-3","JR","forward","Lagos, Nigeria"
"Northern Colorado","out","Luka Malinka","5-8","JR","shooting guard","Rungsted, Denmark"
"Northern Colorado","out","Hannah Simental","5-8","SR","point guard","Pueblo, CO"
"Northern Colorado","out","Paisley Specht","5-11","RS SO","wing","Folsom, CA"
"Northern Illinois","out","Grace Hunter","5-10","RS SR","guard","Monroeville, IN"
"Northern Illinois","out","Jayden Marable","5-6","SR","point guard","Bolingbrook, IL"
"Northern Illinois","out","Moriah Prewitt","5-8","JR","combo guard","Urbandale, IA"
"Northern Iowa","out","Riley Wright","5-11","RS SO","guard","Marion, IA"
"Northern Kentucky","out","Allison Basye",,,"guard/wing",
"Northern Kentucky","out","Carter McCray",,,"guard/wing",
"Northern Kentucky","out","Khamari Mitchell-Steen",,,"guard",
"Northwestern","in","Kyla Jones","5-9","SR","guard","Chicago, IL"
"Northwestern","in","Grace Sullivan","6-4","SO","center","Antioch, IL"
"Northwestern","out","Alana Goodchild","6-2","SO","forward","Sydney, Australia"
"Northwestern","out","Paige Mott","6-1","SR","forward/center","Philadelphia, PA"
"Northwestern State","out","Jordan Brown","5-9","RS SO","shooting guard","Plainsboro, NJ"
"Northwestern State","out","Niaisya Ervin","5-10","JR","wing","Newark, NJ"
"Northwestern State","out","Ivona Miljanic","6-0","SO","wing","Belgrade, Serbia"
"Northwestern State","out","Madison Moles","6-6","SO","center","Fresno, CA"
"Northwestern State","out","Nicole Parks","5-10","SO","shooting guard","Fall River, MA"
"Northwestern State","out","Mykaila Pickard","5-10","JR","guard","Anchorage, AK"
"Notre Dame","out","KK Bransford","5-11","SO","guard","Cincinnati, OH"
"Notre Dame","out","Natalija Marshall","6-5","RS JR","forward","Queens, NY"
"Notre Dame","out","Lauren Zwetzig","5-9","SR","shooting guard","Fort Collins, CO"
"Oakland","in","Cali Denson","5-8","FR","combo guard","Milwaukie, OR"
"Oakland","out","Cam Grant","6-1","RS SO","wing","Washington Township, MI"
"Oakland","out","Eva Pardo-Campillo","6-1","SO","forward","Asturias, Spain"
"Oakland","out","Brooke Quarles-Daniels","5-7","SO","point guard","Macomb, MI"
"Ohio","in","Anyssa Jones","5-10","SR","guard","Westerville, OH"
"Ohio","out","Laylay Fantroy","5-11","FR","combo guard","Palestine, TX"
"Ohio State","out","Diana Collins","5-9","FR","point guard","Lilburn, GA"
"Ohio State","out","Rikki Harris","5-10","RS SR","guard","Indianapolis, IN"
"Ohio State","out","Emma Shumate","6-1","RS SO","wing","Dresden, OH"
"Oklahoma","out","Kelbie Washington","5-7","JR","point guard","Norman, OK"
"Oklahoma State","in","Micah Gray","5-8","SO","shooting guard","Oklahoma City, OK"
"Oklahoma State","out","Ale'jah Douglas","5-6","SR","point guard","Omaha, NE"
"Oklahoma State","out","Kennedy Fauntleroy","5-7","SO","point guard","Upper Marlboro, MD"
"Oklahoma State","out","Mia Galbraith","5-9","FR","guard","Sunshine Coast, Australia"
"Oklahoma State","out","Lior Garzon","6-1","SR","forward","Ra'anana, Israel"
"Oklahoma State","out","Hannah Gusters","6-5","RS JR","center","Dallas, TX"
"Oklahoma State","out","Brianna Jackson","6-3","GR","center","Virginia Beach, VA"
"Oklahoma State","out","Chandler Prater","5-11","GR","guard","Kansas City, MO"
"Old Dominion","out","Joy Campbell","5-6","SR","point guard","Fontana, CA"
"Old Dominion","out","La'Dajah Huguley","5-4","JR","point guard","Opelika, AL"
"Old Dominion","out","Ivi Nikolova","6-2","RS JR","wing/forward","Samokov, Bulgaria"
"Old Dominion","out","Nnenna Orji","6-2","SR","center","Rancho Cucamonga, CA"
"Old Dominion","out","Halima Salat","5-5","JR","shooting guard","Amarillo, TX"
"Old Dominion","out","De'Shawnti Thomas","5-10","JR","wing/forward","Tulsa, OK"
"Omaha","out","Kennedi Grant","5-7","JR","shooting guard","Midwest City, OK"
"Omaha","out","Liz Martino","6-0","RS JR","shooting guard","Lanham, MD"
"Oral Roberts","out","Tara Biocanin",,"FR","wing","Belgrade, Serbia"
"Oral Roberts","out","Sephora Kayolo",,"FR","wing","Lubumbashi, Democratic Republic of the Congo"
"Oregon","in","Elisa Mevius","5-10","SO","guard","Rendsburg, Germany"
"Oregon","out","Kennedy Basham","6-7","SO","center","Phoenix, AZ"
"Oregon","out","Chance Gray","5-9","SO","point guard","Cincinnati, OH"
"Oregon","out","Grace VanSlooten","6-3","SO","wing/forward","Toledo, OH"
"Oregon","out","Priscilla Williams","6-2","RS JR","shooting guard/wing","Houston, TX"
"Oregon State","out","Adlee Blacklock","6-0","SO","shooting guard","Lubbock, TX"
"Oregon State","out","Timea Gardiner","6-3","SO","forward","Ogden, UT"
"Oregon State","out","Talia von Oelhoffen","5-11","SR","guard","Tri-Cities, WA"
"Penn","out","Jordan Obi","6-1","SR","forward","Hartford, CT"
"Penn","out","Michaela Stanfield","6-0","SR","wing","Needham, MA"
"Penn State","out","Ali Brigham","6-4","SR","center","Franklin, MA"
"Penn State","out","Shay Ciezki","5-7","SO","combo guard","Buffalo, NY"
"Penn State","out","Leilani Kapinus","5-10","RS JR","shooting guard/wing","Madison, WI"
"Pepperdine","out","Kendyl Carson","6-0","JR","wing","Juneau, AK"
"Pepperdine","out","Holly Griffiths","6-4","FR","forward","Melbourne, Australia"
"Pepperdine","out","Jane Nwaba","5-10","SR","wing/forward","Carson, CA"
"Pepperdine","out","Jorynn Ross","6-3","FR","forward","Milwaukee, WI"
"Pitt","in","Raeven Boswell","5-11","SO","guard","Austin, TX"
"Pitt","out","Rapuluchi Ayodele","6-1","JR","forward","Móstoles, Spain"
"Pitt","out","Gabby Hutcherson","6-2","SR","forward","Westerville, OH"
"Pitt","out","Liatu King","6-0","SR","forward","Washington, DC"
"Pitt","out","Jasmine Timmerson","5-7","FR","point guard","Wexford, PA"
"Portland State","out","Chimera Iloanya","6-0","RS SO","wing","Tampa, FL"
"Portland State","out","Esmeralda Morales","5-5","JR","combo guard","Spanaway, WA"
"Portland State","out","Alma Rashelbach","6-0","FR","wing/forward","Portland, OR"
"Prairie View A&M","in","Kimora Sykes","6-0","RS SR","forward","Fontana, CA"
"Prairie View A&M","out","Mia Monroe","5-6","JR","shooting guard","Colorado City, TX"
"Prairie View A&M","out","Kimora Sykes","6-0","RS SR","forward","Fontana, CA"
"Presbyterian","out","Aubrie Kierscht","5-6","SO","point guard","Salina, KS"
"Princeton","out","Kaitlyn Chen","5-9","SR","point guard","San Marino, CA"
"Princeton","out","Chet Nweke","6-0","SR","wing","Woodbine, MD"
"Providence","in","Mackayla Scarlett","5-10","SR","shooting guard/wing","Bronx, NY"
"Providence","out","Kendall Eddy","5-7","FR","combo guard","Haverhill, MA"
"Providence","out","Sahana Kanagasabay","5-11","FR","wing","Surrey, BC"
"Providence","out","Kammie Ludwig","5-10","SO","shooting guard/wing","Geneseo, IL"
"Providence","out","Bella McLaughlin","5-8","FR","point guard","Hampden, ME"
"Purdue","out","Emily Monson","6-1","FR","shooting guard/wing","Murfreesboro, TN"
"Purdue Fort Wayne","out","Klea Kaci","5-11","RS FR","shooting guard","Mississauga, ON"
"Purdue Fort Wayne","out","Konstantina Mantziori","5-5","FR","point guard","Athens, Greece"
"Purdue Fort Wayne","out","Erin Woodson","6-0","FR","shooting guard","Richmond, VA"
"Queens University of Charlotte","in","Ana Barreto","5-9","SO","wing","Portugal"
"Queens University of Charlotte","out","Hawa Balde","6-4","SO","center","Pineda de Mar, Spain"
"Queens University of Charlotte","out","Trinity Butler","5-10","FR","shooting guard","Dacula, GA"
"Queens University of Charlotte","out","Mycala Carney","5-4","JR","point guard","Williamstown, NJ"
"Queens University of Charlotte","out","Kennedy Fuller","5-7","JR","guard","Woodbridge, VA"
"Queens University of Charlotte","out","Nicole Gwynn","5-7","JR","shooting guard","Wethersfield, CT"
"Queens University of Charlotte","out","Alexandria Johnson","5-6","SR","guard","Little Rock, AR"
"Queens University of Charlotte","out","Tameia Shaw","5-5","JR","point guard","Nashville, TN"
"Quinnipiac","out","Emma Carman","5-10","FR","wing/forward","Barnegat, NJ"
"Quinnipiac","out","Reiven Douglas","5-7","JR","combo guard","Raleigh, NC"
"Quinnipiac","out","Kassidy Thompson","5-10","FR","shooting guard","Mullica Hill, NJ"
"Radford","out","Bria Beverly","5-11","SO","guard","Dallastown, PA"
"Radford","out","Emma Fox","6-4","SO","center","Newton, NC"
"Radford","out","Maci Rhoades","5-11","SO","wing","Beavercreek, OH"
"Radford","out","Ashlyn Traylor-Walker","5-8","SO","guard","Franklin, IN"
"Radford","out","Olivia Wagner","5-7","SO","guard","Crozet, VA"
"Rhode Island","out","Tenin Magassa","6-5","SR","center","Morsang-Sur-Orge, France"
"Rhode Island","out","Sophie Sene","6-3","RS SO","center","Nice, France"
"Rhode Island","out","Mayé Touré","6-2","SR","forward","Athis-Mons, France"
"Richmond","out","Kylee Lewandowski","6-1","SR","wing","Pittsburgh, PA"
"Richmond","out","Melissa Mwanza","6-2","FR","center","Harare, Zimbabwe"
"Richmond","out","Torin Rogers","6-1","SO","forward","Brasstown, NC"
"Richmond","out","Siobhan Ryan","6-0","SR","guard","Buffalo, NY"
"Richmond","out","Grace Townsend","5-5","SR","point guard","Midlothian, VA"
"Rider","in","Gabby Turco","5-10","JR","guard","Wildwood, NJ"
"Rider","out","Makayla Firebaugh","5-10","SR","guard","Winchester, VA"
"Rider","out","Molly Lynch","5-9","SR","combo guard","Sea Girt, NJ"
"Robert Morris","out","Louella Allana","5-4","SO","point guard","Laval, Quebec"
"Robert Morris","out","Camila Bozan","6-1","FR","center","Santiago, Chile"
"Robert Morris","out","Tuana Coskun","6-0","FR","wing","Istanbul, Turkey"
"Robert Morris","out","Natalie Johnson","5-8","SO","combo guard","Waldorf, MD"
"Robert Morris","out","Paris Kirk","6-2","FR","forward","Kelowna, BC"
"Robert Morris","out","Eden Monka","5-10","FR","wing","Montreal, Quebec"
"Rutgers","out","Jillian Huerter","6-0","FR","guard","Clifton Park, NY"
"Rutgers","out","Erica Lafayette","6-0","SR","wing","Baton Rouge, LA"
"Rutgers","out","Kaylene Smikle","6-0","SO","guard","Farmingdale, NY"
"Sacramento State","out","Kaylie Edge",,,"guard",
"Sacramento State","out","Irune Orio","6-2","SO","wing","Balmaseda, Euskadi, Spain"
"Sacramento State","out","Ayanna Jackson",,,"wing",
"Sacramento State","out","Seilala Lautaimi",,,"wing",
"Sacramento State","out","J'yana Salton",,,"guard",
"Sacramento State","out","Celestine Segretain",,,"guard",
"St. Bonaventure","out","Kirah Dandridge","5-10","SO","wing","Richmond, VA"
"St. Bonaventure","out","Taylor Napper","6-0","JR","forward","Lorton, VA"
"St. Francis (Pa.)","out","Kendall Carruthers","5-7","FR","point guard","Holland, OH"
"St. Francis (Pa.)","out","Kaitlyn Maxwell","5-7","SR","combo guard","Everett, PA"
"St. John's","out","Tyonna Bailey","5-10","FR","shooting guard/wing","Newark, NJ"
"Saint Louis","out","Ashleigh Connor","5-11","RS FR","guard","Pittsburgh, PA"
"Saint Louis","out","Mia Nicastro","6-1","SO","wing","St. Charles, MO"
"Saint Mary's","out","Ellie Croco","6-1","SR","forward","Lebanon, OR"
"Saint Mary's","out","Tayla Dalton","5-9","SR","guard","Auckland, New Zealand"
"Saint Mary's","out","Jasmine Farmer","5-9","JR","shooting guard","Hercules, CA"
"Saint Mary's","out","Leia Hanafin","5-11","SR","guard","Melbourne, Australia"
"Saint Mary's","out","Makena Mastora","5-9","JR","guard","Alameda, CA"
"Saint Mary's","out","Hannah Rapp","5-10","JR","guard","Melbourne, Australia"
"Saint Peter's","out","Tiara Bellamy","5-7","SO","combo guard","Plainfield, NJ"
"Saint Peter's","out","Erin Harris","5-8","RS JR","shooting guard","West Haven, CT"
"Saint Peter's","out","Rachel Kuhl","5-7","SR","guard","Matawan, NJ"
"Saint Peter's","out","Jada Leonard","5-8","SO","shooting guard","Bronx, NY"
"Saint Peter's","out","Jada Williams","6-1","JR","forward","Williamstown, NJ"
"St. Thomas","out","Sammi Beyer","5-6","FR","combo guard","Appleton, WI"
"St. Thomas","out","Natalie Greenwood","6-3","RS SO","center","Roanoke, TX"
"Sam Houston State","out","Racheal Emmanuel","6-2","JR","center","Port Harcourt, Nigeria"
"Sam Houston State","out","Diarrah Sissoko","5-10","JR","guard","Bamako, Mali"
"Samford","in","Alexis Woods","6-2","RS SR","forward","Athens, AL"
"Samford","out","Carly Heidger","6-3","RS SO","wing","Dacula, GA"
"Samford","out","Masyn Marchbanks","5-8","SO","point guard","Hartselle, AL"
"Samford","out","Kiersten Nelson","6-1","SR","forward","New Orleans, LA"
"Samford","out","Rylie Stephens","5-11","SR","wing","Fairland, IN"
"San Diego","out","Melesungu Afeaki","6-2","SO","forward","San Bruno, CA"
"San Diego","out","Jess Finney","6-0","JR","combo guard","Scottsdale, AZ"
"San Diego","out","Harsimran Kaur","6-4","JR","forward","Kapurthala, India"
"San Diego","out","Veronica Sheffey","5-9","SO","point guard","Woodinville, WA"
"San Diego","out","Maddie Vejsicky","6-0","SO","shooting guard","Newark, OH"
"San José State","out","Alani Fluker","6-1","SR","forward","San Antonio, TX"
"San José State","out","Jyah LoVett","5-8","FR","combo guard","San Gabriel, CA"
"San José State","out","Sabrina Ma","5-10","SO","shooting guard/wing","San Francisco, CA"
"San José State","out","Amhyia Moreland","6-1","JR","forward/center","Charlotte, NC"
"San José State","out","Aniyah Quow","5-6","JR","guard","Brooklyn, NY"
"Santa Clara","out","Lara Edmanson","6-0","SR","wing","Melbourne, Australia"
"Santa Clara","out","Tess Heal","5-10","SO","point guard","Melbourne, Australia"
"Santa Clara","out","Ashley Hiraki","5-7","SR","point guard","San Jose, CA"
"Santa Clara","out","Marya Hudgins","6-0","SO","wing","Aurora, CO"
"Santa Clara","out","Danja Stafford Collins","6-1","GR","forward","Orme, UT"
"Santa Clara","out","Rafailia Stergaki","5-10","JR","shooting guard/wing","Thessaloniki, Greece"
"Seattle","in","Taisiya Kozlova","6-1","SR","wing","Moscow, Russia"
"Seattle","in","Tamia Stricklin","6-0","RS SO","wing","Renton, WA"
"Seattle","out","Noemie Bariteau","5-7","SO","combo guard","San Jose, CA"
"Seattle","out","Asta Blauenfeldt","5-6","SO","guard","Kongens Lyngby, Denmark"
"Seattle","out","Peyton Howard","5-9","SR","guard","Spokane, WA"
"Seattle","out","Irena Korolenko","6-0","SR","wing","Redmond, WA"
"Seattle","out","Lisa Michaelsen","6-1","SO","forward","Holbæk, Denmark"
"Seattle","out","Makayla Moore","6-0","SO","wing","San Jose, CA"
"Seattle","out","Mya Moore","6-0","SO","forward","Milwaukee, WI"
"Seton Hall","in","Nicole Melious","5-8","FR","combo guard","Staten Island, NY"
"Seton Hall","out","Micah Gray","5-8","SO","shooting guard","Oklahoma City, OK"
"Seton Hall","out","Makennah White","6-2","SR","forward","West Middlesex, PA"
"Siena","out","Hannah Finnerty","6-0","SO","wing","Woodside, NY"
"Siena","out","London Gamble","5-8","SO","combo guard","Westlake Village, CA"
"Siena","out","Elisa Mevius","5-10","SO","guard","Rendsburg, Germany"
"Siena","out","Constance Ogbeide","6-1","FR","center","Lleida, Spain"
"Siena","out","Esther Rodellar","5-9","FR","guard","Ripollet, Spain"
"Siena","out","Nikola Zdenkova","5-9","RS FR","point guard","Karlovy Vary, Czech Republic"
"South Alabama","in","Daniela Gonzalez","6-0","SO","forward","Jamundí, Colombia"
"South Alabama","out","Camryn Berry",,,"guard/wing",
"South Alabama","out","Emani Burks",,,"guard/wing",
"South Alabama","out","Kamaria Gipson",,,"guard/wing",
"South Alabama","out","Cheyenne Pearson",,,"guard/wing",
"South Alabama","out","Kelsey Thompson",,,"guard/wing",
"South Alabama","out","Tyrielle Williams","5-7","RS SO","guard","New Orleans, LA"
"South Carolina","out","Sahnya Jah","6-0","FR","wing","Alexandria, VA"
"USC Upstate","in","Maggie Brown","6-1","SR","wing/forward","Brentwood, TN"
"South Dakota","in","Miah Monahan","5-8","JR","point guard","Silver Lake, MN"
"South Dakota","out","Joy Bergstrom","5-9","RS FR","shooting guard","Mount Prospect, IL"
"South Dakota","out","Walker Demers","6-2","SO","center","Grafton, ND"
"South Dakota","out","Kendall Holmes","5-11","SR","shooting guard","Plainfield, IL"
"South Florida","in","Mama Dembele","5-6","SR","point guard","Manlleu, Spain"
"South Florida","in","Ines Piper","6-0","SR","forward","Paris, France"
"South Florida","out","Marina Asensio","5-8","SO","point guard","Sabadell, Spain"
"South Florida","out","Daniela Gonzalez","6-0","SO","forward","Jamundí, Colombia"
"South Florida","out","Emma Johansson","6-3","SO","forward/center","Jönköping, Sweden"
"South Florida","out","Judit Oliva Fernandez","6-2","FR","center","El Prat De Llobregat, Spain"
"South Florida","out","Judit Valero Rodriguez","5-11","FR","shooting guard","Sant Feliu de Llobregat, Spain"
"Southeast Missouri","out","Daejah Richmond","5-8","FR","point guard","Cordova, TN"
"Southeastern Louisiana","in","Kaili Chamberlin","5-9","JR","shooting guard","Medford, OR"
"Southeastern Louisiana","out","Breyionce George",,,"guard",
"Southeastern Louisiana","out","Alexius Horne","6-1","GR","guard","New Orleans, LA"
"Southern","out","Sirviva Legions","5-7","SO","guard","Brooklyn, NY"
"Southern","out","Kyanna Morgan","5-10","SR","guard","Charlotte, NC"
"Southern Cal","out","Taylor Bigby","6-1","RS SO","guard","Las Vegas, NV"
"Southern Cal","out","Koi Love","6-0","SR","forward","Orlando, FL"
"Southern Illinois","out","Jaidynn Mason",,,"guard",
"Southern Illinois","out","Laniah Randle",,,"forward/wing",
"Southern Illinois","out","Maddy Saracco",,,"guard",
"Southern Illinois","out","Shemera Williams","5-8","GR","guard","Baltimore, MD"
"SIUE","out","Alexis Legan","5-9","SR","guard","Palm Desert, CA"
"Southern Indiana","out","Takiya Howard",,,"guard",
"SMU","in","Nicole Rodriguez","5-8","SR","shooting guard","Eastvale, CA"
"SMU","out","Maya Chandler","5-7","SR","combo guard","Martinsville, IN"
"SMU","out","Aaliyah Henderson","5-7","FR","point guard","Norman, OK"
"SMU","out","Tamia Jones","5-8","SR","guard","The Colony, TX"
"SMU","out","Jiya Perry","5-10","SO","guard","DeSoto, TX"
"SMU","out","Shanel Reid","6-0","FR","wing","Austin, TX"
"Southern Miss","out","Elle Blatchford","5-10","FR","point guard","Canton, GA"
"Southern Miss","out","Noelani Cornfield","5-6","SR","point guard","Gowanda, NY"
"Southern Miss","out","Brikayla Gray","5-8","RS JR","shooting guard","Hebron, MS"
"Southern Miss","out","Lauren Gross","5-10","GR","shooting guard","Southaven, MS"
"Southern Miss","out","Asjha Leake","6-3","JR","center","Cibolo, TX"
"Southern Miss","out","Emma Wallhoff","5-10","JR","shooting guard","Fort Lauderdale, FL"
"Southern Utah","out","Alexandra Eldredge","5-10","FR","guard","McLean, VA"
"Southern Utah","out","Shiho Isono","5-6","JR","point guard","Fukuoka, Japan"
"Southern Utah","out","Tomekia Whitman","5-10","SR","guard","Spokane Valley, WA"
"Stephen F. Austin","out","Destini Lombard","5-9","SR","guard","New Iberia, LA"
"Stephen F. Austin","out","Tyler McCliment-Call","6-0","SR","guard","Spokane, WA"
"Stephen F. Austin","out","Zoe Nelson","6-2","JR","forward","Austin TX"
"Stephen F. Austin","out","Trinity Slocum","5-9","RS SO","point guard","Boise, ID"
"Stetson","out","Haley Stinebrickner","5-7","JR","point guard","London, ON"
"Stetson","out","Khamya McNeal","5-8","RS JR","guard","Milwaukee, WI"
"Stetson","out","Jordan Peete","5-6","SR","guard","St. Louis, MO"
"Stetson","out","Jaelyn Talley","6-0","SO","forward","Fairfax, VA"
"Stetson","out","Skylar Treadwell","6-1","SR","wing","Martinsburg, WV"
"Stony Brook","out","Victoria Keenan","5-7","GR","shooting guard","Bethlehem, PA"
"Stony Brook","out","Dallysshya Moreno","6-0","FR","wing","Baldwin, NY"
"Stony Brook","out","Sherese Pittman","6-2","SO","forward","Richmond, VA"
"Stony Brook","out","Delaney Yarborough","6-3","SO","forward","Ellicott City, MD"
"Syracuse","out","Alyssa Latham","6-2","FR","forward","Glenwood, IL"
"Syracuse","out","Cheyenne McEvans","5-9","SR","combo guard","Detroit, MI"
"Syracuse","out","Kennedi Perkins","5-6","SO","point guard","Bolingbrook, IL"
"Syracuse","out","Marilena Triantafylli","6-5","FR","center","Athens, Greece"
"Tarleton State","out","Lexi Bull","6-0","SR","wing","Pocatello, ID"
"Tarleton State","out","Malgorzata Byczkowska","5-11","JR","shooting guard","Gdynia, Poland"
"Tarleton State","out","Vitória Carvalho","6-3","JR","center","Rio de Janeiro, Brazil"
"Tarleton State","out","Dyamon Griggs","5-11","SO","forward","Waco, TX"
"Tarleton State","out","Teresa Maggio","5-5","RS FR","point guard","Lafayette, IN"
"Tarleton State","out","Nykesha Sanders","5-7","JR","point guard","Detroit, MI"
"Temple","out","Jasha Clinton","5-8","SR","point guard","Virginia Beach, VA"
"Temple","out","Ines Piper","6-0","SR","forward","Paris, France"
"Temple","out","Rayne Tucker","6-1","RS SR","forward/center","New Carrollton, MD"
"UT Martin","in","Daejah Richmond","5-8","FR","point guard","Cordova, TN"
"UT Martin","out","Kendal George","5-9","FR","shooting guard","Centerville, OH"
"UT Martin","out","Mah Minthe","5-10","JR","wing/forward","Paris, France"
"UT Martin","out","Tori Rubel","6-1","FR","wing","Cape Girardeau, MO"
"UT Martin","out","Josie Storey","5-10","SO","guard","Mountain View, AR"
"Tennessee State","out","Kennedy Davis","6-0","SR","forward","White Plains, MD"
"Tennessee State","out","Kameria Piggee","6-1","JR","forward","Pasadena, CA"
"Tennessee Tech","out","Cayla Cowart","5-8","SO","combo guard","Gainesville, GA"
"Tennessee Tech","out","Harley Paynter","5-8","RS SO","combo guard","Grayson, KY"
"Tennessee Tech","out","Jennifer Sullivan","5-8","SO","guard","Knoxville, TN"
"Texas","out","DeYona Gaston","6-2","SR","forward","Pearland, TX"
"Texas","out","Khadija Faye","6-4","SR","center","Dakar, Senegal"
"Texas A&M","out","Janiah Barker","6-4","SO","forward","Marietta, GA"
"Texas A&M","out","Kay Kay Green","5-6","SR","point guard","Chicago, IL"
"Texas A&M","out","Tineya Hylton","5-7","JR","point guard","Toronto, ON"
"Texas A&M","out","Maliyah Johnson","6-3","RS JR","forward","Chicago, IL"
"Texas A&M-Commerce","out","DaLonna Choice","5-6","RS FR","point guard","Mesquite, TX"
"Texas A&M-Commerce","out","Lucia Hervia","6-0","FR","wing","Almería, Spain"
"Texas A&M-Commerce","out","Jada Hood","5-6","SR","guard","Roseville, MN"
"Texas A&M-Commerce","out","Dorian Norris","5-11","JR","guard","Lake Dallas, TX"
"UT Arlington","in","Koi Love","6-0","SR","forward","Orlando, FL"
"UT Arlington","out","Hannah Humphrey","5-8","JR","shooting guard","Kendleton, TX"
"UT Arlington","out","Starr Jacobs","6-2","RS SR","forward","Dallas, TX"
"UT Arlington","out","Keiori Lee","5-9","SR","wing","Flint, MI"
"UT Arlington","out","Masengo Mutanda","5-7","RS SR","combo guard","Minneapolis, MN"
"TCU","in","Haley Cavinder","5-6","SR","guard","Gilbert, AZ"
"TCU","out","Paige Bradley","5-9","JR","shooting guard","Dallas, TX"
"TCU","out","Jade Clack","6-1","FR","wing","Austin, TX"
"TCU","out","Victoria Flores","5-7","FR","point guard","West Dallas, TX"
"TCU","out","Sydney Harris","6-1","SO","wing","Edwardsville, IL"
"TCU","out","Bre'yon White","5-11","JR","wing","Pearland, TX"
"UTEP","out","D'Arrah Allen","5-8","JR","point guard","Los Angeles, CA"
"UTEP","out","Mahri Petree","6-0","SR","guard","Detroit, MI"
"UTEP","out","Veonce Powell","5-7","RS SO","guard","Miami, FL"
"UTEP","out","Mariama Sow","6-3","JR","forward","Thies, Senegal"
"UTEP","out","Aaliyah Stanton","5-5","FR","point guard","San Diego, CA"
"UTEP","out","Adhel Tac","6-0","JR","forward","Garland, TX"
"UTEP","out","Zhane Thompson","5-8","RS JR","combo guard","Burnsville, MN"
"UTRGV","out","Iyana Dorsey","5-6","SR","shooting guard","Saginaw, TX"
"UTRGV","out","Aaliyah McMillan","5-8","RS SO","guard","San Antonio, TX"
"UTRGV","out","Deborah Ogayemi","5-11","SR","forward","Waterford, Ireland"
"UTSA","out","Madison Cockrell","5-4","SO","point guard","Dallas, TX"
"UTSA","out","Sarai Estupiñan","5-5","JR","point guard","Cedar Park, TX"
"UTSA","out","Kyleigh McGuire","5-11","SR","forward","Houston, TX"
"UTSA","out","Nissa Sam-Grant","6-4","SR","center","Toronto, ON"
"Texas Southern","out","Gretta Galban","5-9","FR","shooting guard","Galicia, Spain"
"Texas Southern","out","Taniya Lawson","5-8","SO","shooting guard","Capitol Heights, MD"
"Texas Southern","out","Kamaya Middleton","5-6","SO","point guard","San Bernardino, CA"
"Texas Southern","out","Ashara Spruill","5-9","FR","point guard","Asheboro, NC"
"Texas Southern","out","Jordyn Turner","6-2","JR","forward/center","Oklahoma City, OK"
"Texas State","out","Kennedy Claybrooks","5-6","SO","point guard","Cordova, TN"
"Texas State","out","Julia Coleman","6-0","FR","forward","St. Louis, MO"
"Texas State","out","Emillia Steele","5-10","FR","wing","Euless, TX"
"Texas State","out","Tiffany Tullis","5-11","JR","forward","San Antonio, TX"
"Texas Tech","out","Elina Arike","6-0","SR","forward","Helsinki, Finland"
"Texas Tech","out","Ashley Chevalier","5-7","SR","point guard","Chatsworth, CA"
"Texas Tech","out","Jazion Jackson","5-9","GR","point guard","Dallas, TX"
"Texas Tech","out","Saga Ukkonen","5-9","JR","point guard","Helsinki, Finland"
"Toledo","out","Soleil Barnes","5-6","RS SR","guard","Southfield, MI"
"Toledo","out","Bella Swedlund","5-8","RS FR","shooting guard","Winner, SD"
"Troy","in","Briana Peguero","5-7","JR","guard","Houston, TX"
"Troy","out","Gabbi Cartagena","5-8","JR","shooting guard/wing","Jackson, GA"
"Troy","out","Sara Carvajal Caro","6-3","JR","center","Seville, Spain"
"Troy","out","Sharonica Hartsfield","5-5","SR","point guard","Oklahoma City, OK"
"Troy","out","Jamila Nansikombi-Gunter","5-11","SR","wing","Kampala, Uganda"
"Troy","out","Shaniah Nunn","6-0","SO","wing","Birmingham, AL"
"Tulsa","out","Amira Brown",,,"guard",
"Tulsa","out","Queen Ikhiuwu","6-1","FR","center","Navalcarnero, Spain"
"Tulsa","out","Caroline Lyles","6-0","SO","shooting guard","Argyle, TX"
"Tulsa","out","Caranda Perea",,,"guard",
"Utah","out","Daniela Falcon Hernandez","6-2","FR","wing/forward","Las Palmas Gran Canaria, Spain"
"Utah","out","Lani White","5-11","SO","guard","Irvine, CA"
"Utah State","out","Lauren Crocker",,"FR","wing","Logan, UT"
"Utah State","out","Tiairra Hill-Brown",,"FR","wing","Ogden, UT"
"Utah State","out","Skye Miller",,"FR","wing","Providence, UT"
"Utah State","out","Bridget Mullings",,"FR","wing","Hooper, UT"
"Utah State","out","Macy Smith",,"FR","wing","North Logan, UT"
"Utah State","out","Ali Wetta",,"FR","wing","Syracuse, UT"
"Utah Tech","out","Aubrey Amendala","5-6","SO","point guard","Tumwater, WA"
"Utah Tech","out","Alyson Deaver","6-0","SO","forward","Sumner, WA"
"Utah Tech","out","Catelyn Deaver","6-0","SO","forward","Sumner, WA"
"Utah Tech","out","Caitlynn Jordan","6-2","SO","forward","Fate, TX"
"Utah Tech","out","Amber Kartchner","5-9","RS SO","guard","Logan, UT"
"Utah Valley","out","Kaylee Byon","5-7","SO","point guard","Buena Park, CA"
"Utah Valley","out","Abby Conlee","6-0","JR","wing","Alpine, UT"
"Utah Valley","out","Eleyana Tafisi","5-6","SR","point guard","West Jordan, UT"
"Valparaiso","out","Ava Interrante","5-9","SR","shooting guard","McHenry, IL"
"Valparaiso","out","Jayda Johnston","6-0","SR","forward","Roseville, MN"
"Valparaiso","out","Ella Van Weelden","6-2","RS SO","forward","Cedar Rapids, IA"
"Vanderbilt","out","Ryanne Allen","6-1","SO","wing","Warminster, PA"
"Vanderbilt","out","Bailey Gilmore","6-3","FR","forward","Midway, GA"
"Vanderbilt","out","Bella LaChance","5-6","SR","point guard","Davie, FL"
"Vermont","out","Paula Gonzalez","5-11","SO","wing","Sarria, Spain"
"Vermont","out","Zenia Palaska","6-2","FR","forward","Athens, Greece"
"Villanova","out","Abby Jegede","5-10","RS FR","guard","Toronto, ON"
"Villanova","out","Megan Olbrys","6-1","SO","forward","Norwood, MA"
"Villanova","out","Lucy Olsen","5-9","JR","point guard","Collegeville, PA"
"Villanova","out","Kylie Swider","6-4","SR","forward/center","Portsmouth, RI"
"Virginia","out","Kaydan Lawson","6-1","SR","wing","Cincinnati, OH"
"Virginia","out","Cady Pauley","5-11","SO","shooting guard","Milan, MO"
"VCU","out","Elze Motekaityte","6-2","SR","forward","Klaipeda, Lithuania"
"VCU","out","Sarah Te-Biasu","5-5","SR","combo guard","Montreal, Quebec"
"Virginia Tech","out","Georgia Amoore","5-6","SR","point guard","Ballarat, Victoria, Australia"
"Virginia Tech","out","Gabby Brooks","5-10","FR","guard","Harrisonburg, VA"
"Virginia Tech","out","Clara Strack","6-5","FR","center","Buffalo, NY"
"Virginia Tech","out","Samyha Suffren","5-8","FR","point guard","Charlotte, NC"
"Wagner","out","Rakisha Ballinger","5-8","JR","wing","Hyattsville, MD"
"Wake Forest","in","Emily Johns","6-1","SR","forward","Washington Township, NJ"
"Wake Forest","out","Aliah McWhorter","6-1","SR","wing","Cincinnati, OH"
"Washington","out","Ari Long","6-0","FR","shooting guard/wing","Moreno Valley, CA"
"Washington","out","Jayda Noble","5-11","SR","guard","Spokane, WA"
"Washington","other","Charlee Arthur","5-10","G","Bellevue, WA"
"Washington State","out","Cia Eklöf","5-10","RS FR","combo guard","Helsinki, Finland"
"Washington State","out","Charlisse Leger-Walker","5-10","SR","guard","Waikato, New Zealand"
"Washington State","out","Johanna Teder","5-8","RS SR","guard","Tartu, Estonia"
"Weber State","out","Ashton Adamson","5-10","JR","wing","Pocatello, ID"
"Weber State","out","Aaliyah Ellis","5-9","JR","combo guard","Cibolo, TX"
"Weber State","out","Charlotte Hegvold","5-8","SR","shooting guard","Ipswich, Queensland, Australia"
"Weber State","out","Kaiija Lesane","5-4","JR","point guard","Antelope, CA"
"Weber State","out","Emri Lovell","5-4","JR","point guard","Killeen, TX"
"Weber State","out","Vicky Parra","6-2","SR","center","Valencia, Spain"
"Weber State","out","Amelia Raidaveta","6-2","SO","center","Dubbo, New South Wales, Australia"
"Weber State","out","Emma Torbert","6-2","SR","center","Dana Point, CA"
"West Virginia","out","Messiah Hunter","6-2","RS SO","wing","Hopewell, VA"
"Western Carolina","out","Audrey Meyers","6-0","SR","wing","Columbia, SC"
"Western Carolina","out","Chelsea Wooten","5-9","JR","guard","McKinney, TX"
"Western Illinois","out","Raegan McCowan","5-11","FR","shooting guard","Lebanon, MO"
"Western Illinois","out","Lily Randgaard","5-10","SO","shooting guard","Oconomowoc, WI"
"Western Kentucky","in","Mariama Sow","6-3","JR","forward","Thies, Senegal"
"Western Kentucky","out","Karris Allen","5-11","SO","wing","Sikeston, MO"
"Western Kentucky","out","Nevaeh Foster","5-8","FR","combo guard","South Bend, IN"
"Western Kentucky","out","Alexis Mead",,,"guard",
"Western Kentucky","out","Aaliyah Pitts","5-8","GR","guard","Oak Ridge, TN"
"Western Michigan","out","Denali Craig-Edwards","6-1","FR","wing","Peoria, IL"
"Western Michigan","out","Kaiden Glenn","5-10","JR","wing","Ypsilanti, MI"
"Wichita State","out","Daniela Abies","6-0","SO","center","Málaga, Spain"
"Wichita State","out","Sophia Askew-Goncalves","6-4","FR","center","Oakland, CA"
"Wichita State","out","Ambah Kowcun","5-10","SR","wing","Adelaide, Australia"
"Wichita State","out","Raissa Nsabua","5-10","JR","guard","Ottawa, ON"
"Wichita State","out","Jeniah Thompson","5-9","SR","guard","Carterville, IL"
"William & Mary","out","Cate Carlson","5-10","FR","shooting guard/wing","Virginia Beach, VA"
"William & Mary","out","Madison Magee","6-1","JR","forward/center","Phoenix, AZ"
"William & Mary","out","Danielle McTeer","6-0","RS SO","wing","Hampton, VA"
"Winthrop","out","Claudia Clement","6-3","FR","forward","Barcelona, Spain"
"Winthrop","out","Elli Garnett","5-11","RS JR","wing","Golden, CO"
"Winthrop","out","Tiana Spann","6-1","RS FR","center","Charleston, SC"
"Wisconsin","out","Sania Copeland","5-7","SO","guard","Kansas City, KS"
"Wisconsin","out","Tessa Towers","6-5","SO","center","Batavia, IL"
"Wisconsin","out","Sacia Vanderpool","6-4","RS SO","forward/center","Byron, MN"
"Wofford","out","Josie Trabel","6-0","FR","wing","St. Leon, IN"
"Wright State","in","Abbie Riddle","5-11","FR","guard","Baltimore, OH"
"Wright State","out","Kacee Baumhower","5-9","RS JR","point guard","Sylvania, OH"
"Wright State","out","Catalina Ion","6-0","SO","forward","Bucharest, Romania"
"Wright State","out","Rachel Loobie","6-1","SR","forward","Indianapolis, IN"
"Wyoming","out","Grace Moyers","5-8","SO","shooting guard","Erie, CO"
"Wyoming","out","Bailey Wilborn","5-8","JR","shooting guard","Wichita, KS"
"Xavier","in","Irune Orio","6-2","SO","wing","Balmaseda, Euskadi, Spain"
"Xavier","out","Shelby Calhoun","5-11","SR","shooting guard/wing","Louisville, KY"
"Xavier","out","Aanaya Harris","5-11","JR","wing","Omaha, NE"
"Xavier","out","Mackayla Scarlett","5-10","SR","shooting guard/wing","Bronx, NY"
"Xavier","out","Aby Shubert","5-8","FR","shooting guard","Kasson, MN"
"Xavier","out","Kaysia Woods","6-0","JR","guard","Lincoln, NE"
"Yale","out","Brenna McDonald","6-3","SR","forward","Natick, MA"
"Youngstown State","in","Faith Burch","6-1","RS SO","forward","Warren, OH"
"Youngstown State","in","Dacia Lewandowski","5-11","FR","point guard","Pittsburgh, PA"
"Youngstown State","out","Amya McLeod","5-6","FR","shooting guard","Rome, NY"
